block,nas_id,dir,nas_t,entry_t,entry_dt,entry_close,zone_id,zone_type,zone_low,zone_high,zone_width_atr,zone_age_bars,zone_pre_existing,zone_virgin,mitig_count,penetration_pct,bars_in_zone,acceptance_beyond_mid,arrival_atr,nas_dist_ema_atr,dist_edge_atr,nas_count_in_zone,nas_cluster_span_bars,nas_before_touch,op_flow,setup_vs_flow,last_smc,bars_since_smc,smc_bos_choch_50,rsi,hour_utc,dow,macro,macro_swing_dir,macro_ema_pos,leg_dir,setup_vs_macro,is_pullback,sweep_reclaim,sweep_depth_atr,failed_breakdown,brk_exc_atr,micro_choch,nas_density50,room_to_run_atr
2024-05-25_to_2024-08-25,1194,LONG,1716885000,1716885900,2024-05-28T08:45,2344.9,4484,DEMAND,2338.1,2340.64,0.933,82,False,True,0,0.134,3,False,2.245,-3.01,1.565,1,0,False,0,neutral,CHoCH,9,6,31.98,8,1,NEUTRAL,0,1,-1,neutral_macro,False,0,4.41,0,-0.81,1,4,0.42
2024-05-25_to_2024-08-25,1196,LONG,1716885900,1716886800,2024-05-28T09:00,2343.6,4484,DEMAND,2338.1,2340.64,0.88,83,False,False,1,0.0,1,False,1.056,-2.64,1.025,2,1,True,0,neutral,CHoCH,10,6,34.55,9,1,NEUTRAL,0,1,1,neutral_macro,False,0,4.16,0,-1.2,1,5,0.85
2024-05-25_to_2024-08-25,1198,SHORT,1716901200,1716902100,2024-05-28T13:15,2360.83,4505,SUPPLY,2355.66,2358.5,1.03,26,False,False,1,0.451,1,False,4.401,2.02,-1.874,1,0,False,1,reversal,CHoCH,2,5,65.43,13,1,NEUTRAL,0,1,-1,neutral_macro,False,1,1.26,0,-0.57,1,6,3.09
2024-05-25_to_2024-08-25,1202,LONG,1716975900,1716976800,2024-05-29T10:00,2344.22,4508,DEMAND,2340.3,2342.1,0.572,94,False,True,0,0.767,4,False,3.762,-3.33,0.674,2,0,False,-1,reversal,CHoCH,5,5,28.37,10,2,BULL,1,1,1,with_macro,False,0,0.0,0,-0.13,1,2,0.58
2024-05-25_to_2024-08-25,1204,LONG,1716975900,1716976800,2024-05-29T10:00,2344.22,4508,DEMAND,2340.3,2342.1,0.572,94,False,True,0,0.767,4,False,3.762,-3.33,0.674,2,0,False,-1,reversal,CHoCH,5,5,28.37,10,2,BULL,1,1,1,with_macro,False,0,0.0,0,-0.13,1,2,0.58
2024-05-25_to_2024-08-25,1205,LONG,1716976800,1716977700,2024-05-29T10:15,2344.76,4529,DEMAND,2340.72,2343.53,0.919,0,False,True,0,0.046,1,False,2.313,-2.73,0.402,1,0,False,-1,reversal,CHoCH,6,5,34.06,10,2,BULL,1,1,1,with_macro,False,0,0.0,0,-0.88,1,3,0.42
2024-05-25_to_2024-08-25,1208,LONG,1716978600,1716979500,2024-05-29T10:45,2346.46,4529,DEMAND,2340.72,2343.53,0.895,2,False,False,1,0.242,1,False,0.102,-2.93,0.934,2,2,True,-1,reversal,CHoCH,8,5,33.37,10,2,BULL,1,1,-1,with_macro,True,0,0.0,0,-0.68,1,4,2.26
2024-05-25_to_2024-08-25,1218,SHORT,1717163100,1717164000,2024-05-31T14:00,2338,4528,SUPPLY,2353.85,2356.25,0.585,207,False,True,0,1.5,5,False,2.625,0.75,3.862,1,0,False,1,reversal,CHoCH,4,7,53.7,14,4,NEUTRAL,0,1,-1,neutral_macro,False,0,2.91,0,0.83,1,2,0.49
2024-05-25_to_2024-08-25,1220,LONG,1717177500,1717178400,2024-05-31T18:00,2325.79,4549,DEMAND,2322.58,2325.42,0.613,136,False,True,0,0.525,3,False,1.268,-3.09,0.08,1,0,False,-1,reversal,BOS,1,6,29.94,18,4,NEUTRAL,0,-1,-1,neutral_macro,False,0,0.0,0,-0.29,1,3,1.74
2024-05-25_to_2024-08-25,1222,LONG,1717178400,1717179300,2024-05-31T18:15,2326.04,4549,DEMAND,2322.58,2325.42,0.662,137,False,True,0,0.525,4,False,1.37,-2.92,0.144,2,1,False,-1,reversal,BOS,2,6,30.84,18,4,NEUTRAL,0,-1,1,neutral_macro,False,0,0.0,0,-0.31,1,4,1.82
2024-05-25_to_2024-08-25,1234,SHORT,1717431300,1717432200,2024-06-03T16:30,2347.4,4606,SUPPLY,2342.74,2345.69,0.631,3,False,True,0,0.512,4,False,2.166,2.59,-0.996,1,0,False,1,reversal,BOS,13,2,67.35,16,0,NEUTRAL,0,1,1,neutral_macro,False,0,3.15,0,-0.31,1,3,1.9
2024-05-25_to_2024-08-25,1240,SHORT,1717452900,1717453800,2024-06-03T22:30,2350.55,4609,SUPPLY,2351.61,2354.7,1.596,13,False,True,0,0.133,2,False,1.648,3.82,0.548,1,0,False,-1,continuation,CHoCH,2,5,67.87,22,0,NEUTRAL,0,1,1,neutral_macro,False,0,12.25,0,-1.38,1,6,2.13
2024-05-25_to_2024-08-25,1242,SHORT,1717453800,1717454700,2024-06-03T22:45,2350.8,4609,SUPPLY,2351.61,2354.7,1.694,14,False,False,1,0.0,1,False,2.472,3.58,0.444,2,1,True,0,neutral,CHoCH,3,5,65.29,22,0,NEUTRAL,0,1,-1,neutral_macro,False,0,13.0,0,-2.08,1,7,2.4
2024-05-25_to_2024-08-25,1244,SHORT,1717456500,1717457400,2024-06-03T23:30,2350.19,4612,SUPPLY,2350.28,2352.02,1.127,1,False,True,0,0.494,2,False,1.528,3.76,0.058,1,0,False,0,neutral,CHoCH,6,5,65.8,23,0,NEUTRAL,0,1,-1,neutral_macro,False,0,13.63,0,0.0,1,8,2.44
2024-05-25_to_2024-08-25,1246,SHORT,1717457400,1717458300,2024-06-03T23:45,2350.56,4612,SUPPLY,2350.28,2352.02,1.175,2,False,True,0,0.494,3,False,1.594,3.71,-0.189,2,1,False,0,neutral,CHoCH,7,5,64.95,23,0,NEUTRAL,0,1,-1,neutral_macro,False,0,14.21,0,0.0,1,9,2.79
2024-05-25_to_2024-08-25,1250,LONG,1717494300,1717495200,2024-06-04T10:00,2332.49,4604,DEMAND,2325.69,2328.64,0.881,79,False,False,1,0.0,1,False,2.941,-3.9,1.149,1,0,False,0,neutral,CHoCH,10,6,25.16,10,1,NEUTRAL,-1,1,1,neutral_macro,False,0,0.0,0,-1.25,1,6,1.63
2024-05-25_to_2024-08-25,1252,LONG,1717496100,1717497000,2024-06-04T10:30,2331.42,4621,DEMAND,2326.68,2329.59,0.9,1,False,True,0,0.0,1,False,0.405,-3.21,0.566,1,0,False,0,neutral,CHoCH,12,6,32.58,10,1,NEUTRAL,-1,1,1,neutral_macro,False,0,0.0,0,-1.78,1,7,2.02
2024-05-25_to_2024-08-25,1254,LONG,1717501500,1717502400,2024-06-04T12:00,2328.2,4602,DEMAND,2323.13,2325.23,0.666,96,False,True,0,0.0,1,False,0.602,-4.2,0.942,1,0,False,-1,reversal,BOS,1,6,30.2,12,1,NEUTRAL,-1,1,-1,neutral_macro,False,0,0.0,0,-0.91,1,6,0.88
2024-05-25_to_2024-08-25,1260,SHORT,1717561800,1717562700,2024-06-05T04:45,2337.97,4626,SUPPLY,2335.05,2337.95,1.396,54,False,True,0,0.966,7,True,3.691,3.05,-1.405,1,0,False,1,reversal,CHoCH,10,2,70.73,4,2,NEUTRAL,0,-1,-1,neutral_macro,False,0,-5.79,0,-0.05,1,1,0.95
2024-05-25_to_2024-08-25,1273,SHORT,1717603200,1717604100,2024-06-05T16:15,2352.12,4578,SUPPLY,2356.93,2359.65,0.44,284,False,True,0,0.169,3,False,2.515,2.98,0.777,1,0,False,0,neutral,CHoCH,1,2,65.57,16,2,NEUTRAL,0,1,-1,neutral_macro,False,0,0.0,0,-0.37,1,8,2.61
2024-05-25_to_2024-08-25,1292,LONG,1717759800,1717760700,2024-06-07T11:45,2336.66,4648,DEMAND,2329.15,2332.01,0.585,170,False,True,0,0.388,4,False,2.789,-5.57,0.951,1,0,False,0,neutral,CHoCH,13,3,21.56,11,4,BULL,1,1,-1,with_macro,True,0,0.0,0,-0.36,1,4,0.27
2024-05-25_to_2024-08-25,1296,LONG,1717761600,1717762500,2024-06-07T12:15,2333.15,4648,DEMAND,2329.15,2332.01,0.626,172,False,False,1,0.0,1,False,0.197,-4.78,0.249,2,2,True,-1,reversal,CHoCH,15,3,26.52,12,4,NEUTRAL,1,-1,1,neutral_macro,False,0,0.0,0,-0.92,1,6,1.05
2024-05-25_to_2024-08-25,1298,LONG,1717766100,1717767000,2024-06-07T13:30,2316.95,4628,DEMAND,2315.56,2318.48,0.465,268,False,True,0,1.5,4,False,2.557,-5.4,-0.244,1,0,False,-1,reversal,CHoCH,20,3,16.97,13,4,NEUTRAL,1,-1,1,neutral_macro,False,0,0.0,0,0.37,1,7,2.23
2024-05-25_to_2024-08-25,1311,LONG,1717785000,1717785900,2024-06-07T18:45,2301.51,4692,DEMAND,2302.98,2306.51,0.798,6,False,True,0,1.5,6,True,0.269,-4.64,-1.131,1,0,False,0,neutral,CHoCH,18,2,31.45,18,4,NEUTRAL,1,-1,1,neutral_macro,False,0,0.0,0,0.6,1,14,2.13
2024-05-25_to_2024-08-25,1323,SHORT,1718109900,1718110800,2024-06-11T13:00,2314.8,4694,SUPPLY,2317.72,2321.05,1.147,162,False,True,0,0.667,2,False,4.072,3.9,1.006,1,0,False,1,reversal,CHoCH,1,7,74.1,13,1,NEUTRAL,0,-1,1,neutral_macro,False,0,5.28,0,-0.38,1,1,2.24
2024-05-25_to_2024-08-25,1328,SHORT,1718213400,1718214300,2024-06-12T17:45,2334.36,4749,SUPPLY,2338.84,2341.6,0.681,14,False,True,0,0.254,3,False,2.978,3.28,1.106,1,0,False,0,neutral,BOS,19,4,67.09,17,2,BULL,1,1,-1,counter_macro,False,0,6.43,0,-0.51,1,2,2.06
2024-05-25_to_2024-08-25,1332,LONG,1718280000,1718280900,2024-06-13T12:15,2307.46,4723,DEMAND,2301.54,2304.06,0.795,189,False,True,0,0.063,2,False,2.666,-2.98,1.073,1,0,False,0,neutral,CHoCH,1,5,32.09,12,3,NEUTRAL,1,-1,-1,neutral_macro,False,0,0.0,0,-0.74,1,2,1.41
2024-05-25_to_2024-08-25,1346,SHORT,1718366400,1718367300,2024-06-14T12:15,2330.42,4751,SUPPLY,2337.33,2339.54,0.577,158,False,True,0,0.0,1,False,1.79,4.61,1.805,1,0,False,1,reversal,BOS,8,4,71.55,12,4,NEUTRAL,-1,1,1,neutral_macro,False,0,0.0,0,-1.82,0,6,1.15
2024-05-25_to_2024-08-25,1351,LONG,1718604900,1718605800,2024-06-17T06:30,2316.87,4781,DEMAND,2315.24,2317.92,1.296,76,False,True,0,0.422,3,False,2.825,-2.94,-0.508,1,0,False,1,continuation,BOS,1,5,30.26,6,0,NEUTRAL,0,1,-1,neutral_macro,False,0,0.0,0,-0.75,0,1,0.76
2024-05-25_to_2024-08-25,1354,LONG,1718607600,1718608500,2024-06-17T07:15,2319.49,4781,DEMAND,2315.24,2317.92,1.157,79,False,True,0,0.918,6,False,2.521,-3.12,0.678,2,3,False,0,neutral,BOS,4,5,29.42,7,0,NEUTRAL,0,1,1,neutral_macro,False,0,0.0,0,-0.09,0,2,2.05
2024-05-25_to_2024-08-25,1356,LONG,1718608500,1718609400,2024-06-17T07:30,2316.16,4781,DEMAND,2315.24,2317.92,1.163,80,False,True,0,0.918,7,False,2.535,-2.59,-0.764,3,4,False,0,neutral,BOS,5,5,34.19,7,0,NEUTRAL,0,1,1,neutral_macro,False,0,0.0,0,-0.1,0,3,0.99
2024-05-25_to_2024-08-25,1360,LONG,1718700300,1718701200,2024-06-18T09:00,2313.55,4803,DEMAND,2309.87,2312.82,1.291,60,False,True,0,0.715,3,True,4.064,-3.49,0.319,1,0,False,0,neutral,CHoCH,6,4,27.84,9,1,NEUTRAL,0,-1,-1,neutral_macro,False,0,3.81,0,-0.37,1,1,0.86
2024-05-25_to_2024-08-25,1368,SHORT,1718785800,1718786700,2024-06-19T08:45,2332.52,4788,SUPPLY,2333.51,2335.41,1.082,228,False,True,0,0.737,3,True,2.869,3.09,0.564,1,0,False,0,neutral,CHoCH,1,5,68.84,8,2,NEUTRAL,0,1,-1,neutral_macro,False,0,0.0,0,-0.28,1,1,2.29
2024-05-25_to_2024-08-25,1370,SHORT,1718848800,1718849700,2024-06-20T02:15,2335.47,4751,SUPPLY,2337.33,2339.54,1.088,476,False,True,0,0.742,3,False,3.841,3.11,0.916,2,318,True,0,neutral,CHoCH,3,4,66.4,2,3,BULL,1,1,-1,counter_macro,False,0,3.76,0,-0.28,1,1,3.1
2024-05-25_to_2024-08-25,1372,SHORT,1718849700,1718850600,2024-06-20T02:30,2333.69,4751,SUPPLY,2337.33,2339.54,1.072,477,False,True,0,0.742,4,False,3.782,2.86,1.765,3,319,True,0,neutral,CHoCH,4,4,65.31,2,3,BULL,1,1,-1,counter_macro,False,0,3.71,0,-0.28,1,2,2.19
2024-05-25_to_2024-08-25,1378,SHORT,1718930700,1718931600,2024-06-21T01:00,2361.13,4856,SUPPLY,2363.07,2365.47,1.501,31,False,True,0,0.725,3,False,2.151,4.3,1.213,1,0,False,0,neutral,EQH,6,4,67.83,1,4,BULL,1,1,1,counter_macro,False,0,2.87,0,-0.41,0,2,0.45
2024-05-25_to_2024-08-25,1380,LONG,1718982900,1718983800,2024-06-21T15:30,2327.18,4875,DEMAND,2328.35,2330.83,0.39,0,False,True,0,1.5,1,True,4.51,-5.18,-0.574,1,0,False,0,neutral,CHoCH,6,6,17.53,15,4,BULL,1,1,1,with_macro,False,0,5.5,0,0.8,1,1,0.6
2024-05-25_to_2024-08-25,1382,LONG,1718984700,1718985600,2024-06-21T16:00,2324.65,4842,DEMAND,2323.73,2326.26,0.393,177,False,False,1,1.19,3,False,4.448,-5.45,-0.25,1,0,False,0,neutral,CHoCH,8,6,16.82,16,4,BULL,1,1,1,with_macro,False,0,5.43,0,0.07,1,2,0.16
2024-05-25_to_2024-08-25,1384,LONG,1718985600,1718986500,2024-06-21T16:15,2326.31,4842,DEMAND,2323.73,2326.26,0.383,178,False,False,2,0.644,1,True,1.609,-5.15,0.008,2,1,True,0,neutral,CHoCH,9,6,18.75,16,4,NEUTRAL,1,-1,1,neutral_macro,False,0,5.29,0,-0.14,1,3,0.71
2024-05-25_to_2024-08-25,1404,LONG,1719180900,1719181800,2024-06-23T22:30,2321.61,4877,DEMAND,2316.67,2319.43,1.384,10,False,True,0,0.547,2,False,0.511,-4.9,1.093,1,0,False,0,neutral,CHoCH,30,2,27.57,22,6,NEUTRAL,1,-1,-1,neutral_macro,False,0,0.0,0,-0.63,0,2,0.47
2024-05-25_to_2024-08-25,1410,LONG,1719280800,1719281700,2024-06-25T02:15,2326.1,4888,DEMAND,2320.53,2323.16,1.508,58,False,True,0,0.008,2,False,2.873,-2.44,1.686,1,0,False,-1,reversal,CHoCH,11,4,33.04,2,1,NEUTRAL,0,1,-1,neutral_macro,False,0,2.13,0,-1.5,1,1,0.3
2024-05-25_to_2024-08-25,1420,LONG,1719414000,1719414900,2024-06-26T15:15,2300.98,4935,DEMAND,2293.45,2296.08,0.52,1,False,True,0,0.061,1,False,0.526,-3.08,0.969,1,0,False,0,neutral,BOS,7,3,34.9,15,2,NEUTRAL,0,-1,1,neutral_macro,False,0,4.36,0,-0.49,1,3,0.72
2024-05-25_to_2024-08-25,1424,SHORT,1719484200,1719485100,2024-06-27T10:45,2315.13,4933,SUPPLY,2315.22,2317.81,1.057,81,False,True,0,0.0,1,False,3.278,4.41,0.037,1,0,False,0,neutral,CHoCH,7,7,76.15,10,3,NEUTRAL,0,-1,-1,neutral_macro,False,0,6.15,0,-1.11,1,2,1.83
2024-05-25_to_2024-08-25,1426,SHORT,1719486900,1719487800,2024-06-27T11:30,2315.7,4933,SUPPLY,2315.22,2317.81,1.031,84,False,True,0,0.324,3,False,3.006,4.37,-0.191,2,3,True,1,reversal,CHoCH,10,7,76.01,11,3,NEUTRAL,0,-1,1,neutral_macro,False,0,6.38,0,-0.7,1,3,0.09
2024-05-25_to_2024-08-25,1428,SHORT,1719487800,1719488700,2024-06-27T11:45,2317.05,4933,SUPPLY,2315.22,2317.81,0.991,85,False,False,1,0.938,1,False,1.928,4.2,-0.7,3,4,True,1,reversal,CHoCH,11,7,74.47,11,3,NEUTRAL,0,-1,1,neutral_macro,False,0,6.74,0,-0.06,1,4,0.6
2024-05-25_to_2024-08-25,1429,SHORT,1719491400,1719492300,2024-06-27T12:45,2322.82,4923,SUPPLY,2319.29,2321.63,0.751,128,False,False,1,1.5,3,True,1.733,4.1,-1.133,1,0,False,1,reversal,CHoCH,15,7,69.86,12,3,NEUTRAL,0,-1,1,neutral_macro,False,0,8.16,0,1.22,1,5,1.09
2024-05-25_to_2024-08-25,1434,SHORT,1719495000,1719495900,2024-06-27T13:45,2323.33,4952,SUPPLY,2322.94,2325.44,0.715,0,False,True,0,0.804,1,False,1.474,4.22,-0.112,1,0,False,1,reversal,CHoCH,19,6,71.64,13,3,NEUTRAL,0,-1,1,neutral_macro,False,0,7.27,0,0.0,1,7,1.12
2024-05-25_to_2024-08-25,1444,SHORT,1719574200,1719575100,2024-06-28T11:45,2333.93,4906,SUPPLY,2335.01,2337.08,0.905,276,False,True,0,1.034,6,False,2.371,3.62,0.472,1,0,False,1,reversal,BOS,4,4,71.1,11,4,NEUTRAL,0,1,-1,neutral_macro,False,0,0.0,0,0.03,1,2,2.12
2024-05-25_to_2024-08-25,1445,SHORT,1719575100,1719576000,2024-06-28T12:00,2334.17,4906,SUPPLY,2335.01,2337.08,0.991,277,False,True,0,1.034,7,False,2.594,3.4,0.402,2,1,False,1,reversal,BOS,5,4,69.17,12,4,NEUTRAL,0,1,-1,neutral_macro,False,0,0.0,0,0.03,1,3,2.44
2024-05-25_to_2024-08-25,1448,SHORT,1719576000,1719576900,2024-06-28T12:15,2333.31,4969,SUPPLY,2334.79,2337.15,1.147,0,False,True,0,0.169,1,False,1.487,3.13,0.719,1,0,False,1,reversal,BOS,6,4,66.5,12,4,NEUTRAL,0,1,-1,neutral_macro,False,0,0.0,0,-0.95,1,4,2.06
2024-05-25_to_2024-08-25,1452,SHORT,1719836100,1719837000,2024-07-01T12:30,2330.29,4971,SUPPLY,2337.26,2339.69,0.954,85,False,True,0,0.514,4,False,4.049,3.29,2.737,1,0,False,1,reversal,CHoCH,7,3,68.11,12,0,BULL,1,1,1,counter_macro,False,0,0.0,0,-0.46,1,1,1.35
2024-05-25_to_2024-08-25,1454,SHORT,1719984600,1719985500,2024-07-03T05:45,2333.36,5010,SUPPLY,2334.37,2336.8,1.51,55,False,True,0,0.588,4,False,3.443,2.9,0.628,1,0,False,-1,continuation,CHoCH,5,7,67.87,5,2,BULL,1,1,1,counter_macro,False,0,2.74,0,-0.62,1,1,1.19
2024-05-25_to_2024-08-25,1464,SHORT,1719997200,1719998100,2024-07-03T09:15,2343.25,5024,SUPPLY,2345.19,2347.55,0.811,0,False,True,0,0.148,1,False,0.88,4.17,0.667,1,0,False,1,reversal,BOS,9,7,70.86,9,2,BULL,1,1,-1,counter_macro,False,0,5.55,0,0.0,1,6,0.69
2024-05-25_to_2024-08-25,1474,SHORT,1720018800,1720019700,2024-07-03T15:15,2362.61,4874,SUPPLY,2365.61,2368.69,0.598,741,False,True,0,0.0,1,False,1.993,4.14,0.582,1,0,False,1,reversal,BOS,8,5,67.14,15,2,BULL,1,1,1,counter_macro,False,0,6.51,0,-0.95,0,11,0.85
2024-05-25_to_2024-08-25,1478,SHORT,1720058400,1720059300,2024-07-04T02:15,2359.37,5032,SUPPLY,2361.92,2363.99,1.164,33,False,True,0,0.29,4,False,1.744,3.45,1.434,1,0,False,1,reversal,BOS,2,3,66.37,2,3,BULL,1,1,-1,counter_macro,False,0,0.0,0,-0.83,0,4,0.29
2024-05-25_to_2024-08-25,1502,LONG,1720457100,1720458000,2024-07-08T17:00,2359.36,5089,DEMAND,2350.77,2353.33,0.54,0,False,True,0,0.0,1,False,3.073,-3.89,1.273,1,0,False,0,neutral,CHoCH,5,3,27.81,17,0,NEUTRAL,0,1,1,neutral_macro,False,0,0.0,0,-1.33,1,4,0.18
2024-05-25_to_2024-08-25,1512,SHORT,1720613700,1720614600,2024-07-10T12:30,2380.46,5087,SUPPLY,2377.01,2379.52,1.3,173,False,True,0,1.5,4,True,2.087,3.99,-1.787,1,0,False,1,reversal,BOS,2,6,68.02,12,2,NEUTRAL,-1,1,1,neutral_macro,False,0,0.0,0,1.09,0,2,3.41
2024-05-25_to_2024-08-25,1514,SHORT,1720669500,1720670400,2024-07-11T04:00,2380.15,5130,SUPPLY,2378.86,2381.32,1.661,39,False,True,0,0.541,4,False,2.641,3.52,-0.871,1,0,False,1,reversal,CHoCH,20,2,72.55,4,3,NEUTRAL,0,1,-1,neutral_macro,False,0,0.0,0,-0.76,1,1,5.12
2024-05-25_to_2024-08-25,1516,SHORT,1720670400,1720671300,2024-07-11T04:15,2381.37,5130,SUPPLY,2378.86,2381.32,1.596,40,False,True,0,0.541,5,True,2.537,2.81,-1.628,2,1,False,1,reversal,CHoCH,21,2,66.19,4,3,BULL,1,1,-1,counter_macro,False,0,0.0,0,-0.73,1,2,5.71
2024-05-25_to_2024-08-25,1534,LONG,1720781100,1720782000,2024-07-12T11:00,2401.82,5158,DEMAND,2400.34,2402.97,1.023,10,False,True,0,1.228,4,True,1.035,-2.03,-0.447,1,0,False,-1,reversal,BOS,18,2,35.06,11,4,BULL,1,1,1,with_macro,False,0,0.0,0,0.23,1,1,1.49
2024-05-25_to_2024-08-25,1544,SHORT,1721060100,1721061000,2024-07-15T16:30,2433.15,5179,SUPPLY,2434.87,2437.47,0.586,0,False,True,0,0.0,1,False,2.062,3.92,0.388,1,0,False,1,reversal,BOS,8,3,69.94,16,0,NEUTRAL,0,1,-1,neutral_macro,False,0,0.0,0,-0.84,1,4,4.31
2024-05-25_to_2024-08-25,1586,LONG,1721334600,1721335500,2024-07-18T20:45,2445.05,5247,DEMAND,2440.32,2443.51,0.986,0,False,True,0,0.0,1,False,2.095,-3.82,0.476,1,0,False,-1,reversal,CHoCH,7,5,30.47,20,3,NEUTRAL,0,1,1,neutral_macro,False,0,7.53,0,0.0,1,5,3.21
2024-05-25_to_2024-08-25,1594,LONG,1721349000,1721349900,2024-07-19T00:45,2434.36,5188,DEMAND,2425.1,2427.34,0.9,257,False,True,0,0.54,2,False,5.042,-6.24,2.82,1,0,False,0,neutral,BOS,0,4,19.56,0,4,NEUTRAL,0,1,-1,neutral_macro,False,0,15.49,0,-0.41,1,9,3.28
2024-05-25_to_2024-08-25,1596,LONG,1721349900,1721350800,2024-07-19T01:00,2426.11,5199,DEMAND,2429.42,2432.05,1.04,224,False,True,0,1.5,4,False,5.432,-5.44,-2.348,1,0,False,-1,reversal,BOS,1,4,25.93,1,4,NEUTRAL,0,1,1,neutral_macro,False,0,15.24,0,1.3,1,10,6.49
2024-05-25_to_2024-08-25,1598,LONG,1721350800,1721351700,2024-07-19T01:15,2421.84,5199,DEMAND,2429.42,2432.05,0.819,225,False,True,0,1.5,5,True,4.279,-5.14,-3.18,2,1,False,-1,reversal,BOS,2,4,26.55,1,4,NEUTRAL,0,1,1,neutral_macro,False,0,12.69,0,1.71,1,11,6.44
2024-05-25_to_2024-08-25,1600,LONG,1721353500,1721354400,2024-07-19T02:00,2426.49,5193,DEMAND,2419.75,2422.34,0.622,244,False,True,0,0.734,3,False,5.56,-5.34,0.996,1,0,False,-1,reversal,BOS,5,4,26.73,2,4,NEUTRAL,0,1,1,neutral_macro,False,0,10.62,0,-0.17,1,12,1.26
2024-05-25_to_2024-08-25,1606,LONG,1721370600,1721371500,2024-07-19T06:45,2419.94,5177,DEMAND,2411.46,2414.03,0.747,338,False,True,0,0.0,1,False,2.405,-4.66,1.718,1,0,False,1,continuation,BOS,1,3,28.49,6,4,NEUTRAL,0,1,-1,neutral_macro,False,0,14.67,0,-1.53,0,14,2.46
2024-05-25_to_2024-08-25,1620,LONG,1721664000,1721664900,2024-07-22T16:15,2388.3,5286,DEMAND,2383.82,2387.1,0.749,2,False,True,0,0.866,3,False,1.769,-3.02,0.274,1,0,False,0,neutral,BOS,6,7,32.23,16,0,BEAR,-1,-1,1,counter_macro,False,0,3.65,0,0.0,1,4,1.95
2024-05-25_to_2024-08-25,1622,LONG,1721664900,1721665800,2024-07-22T16:30,2391.47,5286,DEMAND,2383.82,2387.1,0.781,3,False,True,0,0.866,4,False,1.843,-2.76,1.04,2,1,False,0,neutral,BOS,7,7,34.28,16,0,BEAR,-1,-1,1,counter_macro,False,0,3.81,0,0.0,1,5,1.28
2024-05-25_to_2024-08-25,1630,SHORT,1721731500,1721732400,2024-07-23T11:00,2408.03,5282,SUPPLY,2408.85,2412.14,0.994,84,False,True,0,0.0,1,False,1.109,2.77,0.248,1,0,False,-1,continuation,CHoCH,8,3,66.96,11,1,BEAR,-1,-1,1,with_macro,True,0,0.0,0,-1.31,1,4,1.46
2024-05-25_to_2024-08-25,1632,SHORT,1721735100,1721736000,2024-07-23T12:00,2407.83,5282,SUPPLY,2408.85,2412.14,1.013,88,False,True,0,0.96,3,False,1.7,2.59,0.314,2,4,True,0,neutral,CHoCH,12,3,65.3,12,1,BEAR,-1,-1,-1,with_macro,False,0,0.0,0,-0.04,1,5,1.43
2024-05-25_to_2024-08-25,1634,LONG,1721845800,1721846700,2024-07-24T18:45,2408.16,5313,DEMAND,2404.8,2407.75,0.806,64,False,True,0,0.715,3,False,3.549,-2.15,0.112,1,0,False,1,continuation,CHoCH,2,4,31.43,18,2,NEUTRAL,0,1,1,neutral_macro,False,0,0.0,0,-0.23,1,1,0.57
2024-05-25_to_2024-08-25,1636,LONG,1721847600,1721848500,2024-07-24T19:15,2406.19,5313,DEMAND,2404.8,2407.75,0.938,66,False,False,1,0.346,2,False,3.452,-2.16,-0.496,2,2,True,-1,reversal,CHoCH,4,3,31.5,19,2,NEUTRAL,0,1,-1,neutral_macro,False,0,0.0,0,-0.61,1,2,0.32
2024-05-25_to_2024-08-25,1646,LONG,1721869200,1721870100,2024-07-25T01:15,2388.02,5330,DEMAND,2392.98,2396.07,1.124,7,False,False,1,0.45,2,False,0.277,-3.4,-2.929,1,0,False,1,continuation,CHoCH,16,3,35.01,1,3,NEUTRAL,1,-1,1,neutral_macro,False,0,0.0,0,-0.62,1,7,4.14
2024-05-25_to_2024-08-25,1652,LONG,1721880900,1721881800,2024-07-25T04:30,2375.48,5334,DEMAND,2370.45,2373.55,0.498,7,False,True,0,1.5,8,True,3.729,-4.3,0.31,1,0,False,-1,reversal,BOS,11,3,28.13,4,3,NEUTRAL,1,-1,1,neutral_macro,False,0,0.0,0,0.6,1,10,3.45
2024-05-25_to_2024-08-25,1662,SHORT,1722206700,1722207600,2024-07-28T23:00,2395.14,5333,SUPPLY,2396.97,2400.05,1.003,171,False,True,0,1.5,4,False,4.379,3.9,0.596,1,0,False,1,reversal,BOS,2,3,72.56,23,6,NEUTRAL,0,-1,-1,neutral_macro,False,0,0.0,0,0.98,0,2,4.01
2024-05-25_to_2024-08-25,1664,SHORT,1722207600,1722208500,2024-07-28T23:15,2395.68,5333,SUPPLY,2396.97,2400.05,0.999,172,False,False,1,0.0,1,False,3.008,3.73,0.419,2,1,True,1,reversal,BOS,3,3,70.54,23,6,NEUTRAL,0,-1,-1,neutral_macro,False,0,0.0,0,-1.2,0,3,4.17
2024-05-25_to_2024-08-25,1670,SHORT,1722213000,1722213900,2024-07-29T00:45,2400.02,5374,SUPPLY,2399.57,2403.07,1.124,5,False,True,0,0.223,1,False,0.989,4.12,-0.145,1,0,False,1,reversal,BOS,9,1,70.41,0,0,NEUTRAL,0,-1,1,neutral_macro,False,0,0.0,0,-0.87,0,6,0.06
2024-05-25_to_2024-08-25,1672,LONG,1722267900,1722268800,2024-07-29T16:00,2375.12,5365,DEMAND,2371,2374.44,0.71,102,False,True,0,1.433,3,False,3.85,-2.81,0.14,1,0,False,0,neutral,BOS,4,4,28.73,16,0,NEUTRAL,0,-1,1,neutral_macro,False,0,0.0,0,0.31,0,1,3.76
2024-05-25_to_2024-08-25,1688,SHORT,1722364200,1722365100,2024-07-30T18:45,2404.88,5409,SUPPLY,2407.7,2410.86,0.63,2,False,True,0,0.0,1,False,2.69,3.02,0.562,1,0,False,0,neutral,CHoCH,4,5,68.63,18,1,NEUTRAL,0,-1,-1,neutral_macro,False,0,0.0,0,-0.94,1,7,0.33
2024-05-25_to_2024-08-25,1692,SHORT,1722368700,1722369600,2024-07-30T20:00,2409.54,5409,SUPPLY,2407.7,2410.86,0.76,7,False,False,1,0.209,1,False,0.308,3.08,-0.443,2,5,True,0,neutral,CHoCH,9,5,66.31,20,1,NEUTRAL,0,-1,1,neutral_macro,False,0,0.0,0,-0.6,1,7,0.87
2024-05-25_to_2024-08-25,1702,SHORT,1722463200,1722464100,2024-07-31T22:15,2447.35,5439,SUPPLY,2448.23,2450.96,0.571,0,False,True,0,0.418,1,False,3.15,5.07,0.184,1,0,False,1,reversal,BOS,9,5,74.27,22,2,NEUTRAL,0,1,-1,neutral_macro,False,0,4.6,0,-0.33,0,3,4.76
2024-05-25_to_2024-08-25,1704,SHORT,1722464100,1722465000,2024-07-31T22:30,2447.41,5439,SUPPLY,2448.23,2450.96,0.583,1,False,True,0,0.418,2,False,3.214,4.72,0.175,2,1,False,1,reversal,BOS,10,5,72.45,22,2,NEUTRAL,0,1,1,neutral_macro,False,0,4.69,0,-0.34,0,4,4.87
2024-05-25_to_2024-08-25,1706,SHORT,1722467700,1722468600,2024-07-31T23:30,2445.95,5439,SUPPLY,2448.23,2450.96,0.786,5,False,False,1,0.0,1,False,0.662,4.82,0.657,3,5,True,0,neutral,BOS,14,5,70.33,23,2,NEUTRAL,0,1,-1,neutral_macro,False,0,6.33,0,-1.22,0,5,6.14
2024-05-25_to_2024-08-25,1714,SHORT,1722474000,1722474900,2024-08-01T01:15,2457.77,5439,SUPPLY,2448.23,2450.96,1.294,12,False,False,1,1.5,2,True,0.005,4.62,-4.523,4,12,True,-1,continuation,CHoCH,6,5,68.08,1,3,NEUTRAL,0,1,1,neutral_macro,False,0,11.38,0,0.96,1,9,0.19
2024-05-25_to_2024-08-25,1722,SHORT,1722519900,1722520800,2024-08-01T14:00,2450.82,5443,SUPPLY,2455.1,2458.36,0.75,46,False,True,0,0.638,3,False,3.39,2.59,0.984,1,0,False,0,neutral,CHoCH,4,4,69.11,14,3,BULL,1,1,-1,counter_macro,False,0,6.49,0,-0.27,1,4,4.0
2024-05-25_to_2024-08-25,1740,LONG,1723057200,1723058100,2024-08-07T19:15,2389.5,5521,DEMAND,2379,2383.66,1.226,67,False,False,1,0.0,1,False,1.775,-2.2,1.536,1,0,False,0,neutral,BOS,4,3,34.94,19,2,BEAR,-1,-1,-1,counter_macro,False,0,0.0,0,-1.87,1,1,1.55
2024-05-25_to_2024-08-25,1742,LONG,1723068000,1723068900,2024-08-07T22:15,2383.07,5521,DEMAND,2379,2383.66,1.607,75,False,False,1,0.562,4,False,2.127,-3.12,-0.203,2,8,True,-1,reversal,BOS,2,4,31.9,22,2,BEAR,-1,-1,-1,counter_macro,False,0,0.0,0,-0.7,1,2,1.87
2024-05-25_to_2024-08-25,1745,SHORT,1723120200,1723121100,2024-08-08T12:45,2408.06,5511,SUPPLY,2412.12,2415.27,0.797,184,False,False,1,1.073,4,False,4.06,2.86,1.027,1,0,False,1,reversal,CHoCH,5,4,65.8,12,3,NEUTRAL,0,1,1,neutral_macro,False,0,0.0,0,0.06,1,2,1.02
2024-05-25_to_2024-08-25,1750,SHORT,1723128300,1723129200,2024-08-08T15:00,2412.87,5489,SUPPLY,2424.08,2428.8,0.768,293,False,True,0,0.049,3,False,1.667,3.08,1.825,1,0,False,1,reversal,CHoCH,14,4,65.53,15,3,NEUTRAL,0,1,1,neutral_macro,False,0,0.0,0,-0.73,1,4,0.77
2024-05-25_to_2024-08-25,1752,SHORT,1723451400,1723452300,2024-08-12T08:45,2441.97,5487,SUPPLY,2441.1,2445.61,1.776,460,False,True,0,0.368,4,False,2.752,3.74,-0.343,2,0,False,1,reversal,BOS,5,4,72.33,8,0,BULL,1,1,-1,counter_macro,False,0,0.0,0,-1.12,1,2,3.7
2024-05-25_to_2024-08-25,1754,SHORT,1723451400,1723452300,2024-08-12T08:45,2441.97,5487,SUPPLY,2441.1,2445.61,1.776,460,False,True,0,0.368,4,False,2.752,3.74,-0.343,2,0,False,1,reversal,BOS,5,4,72.33,8,0,BULL,1,1,-1,counter_macro,False,0,0.0,0,-1.12,1,2,3.7
2024-05-25_to_2024-08-25,1756,SHORT,1723452300,1723453200,2024-08-12T09:00,2441.76,5576,SUPPLY,2439.29,2442.76,1.292,0,False,True,0,1.291,1,True,1.917,3.56,-0.919,1,0,False,1,reversal,BOS,6,4,71.26,9,0,BULL,1,1,-1,counter_macro,False,0,0.0,0,0.38,1,3,3.42
2024-05-25_to_2024-08-25,1760,SHORT,1723457700,1723458600,2024-08-12T10:30,2444.56,5577,SUPPLY,2441.77,2445.09,1.365,0,False,True,0,0.386,1,False,0.703,3.39,-1.147,1,0,False,1,reversal,BOS,12,3,73.28,10,0,BULL,1,1,1,counter_macro,False,0,0.0,0,0.0,1,5,0.21
2024-05-25_to_2024-08-25,1762,SHORT,1723460400,1723461300,2024-08-12T11:15,2441.95,5577,SUPPLY,2441.77,2445.09,1.418,3,False,True,0,0.889,4,True,0.73,3.68,-0.077,2,3,False,0,neutral,BOS,15,3,73.51,11,0,BULL,1,1,-1,counter_macro,False,0,0.0,0,0.0,1,6,4.0
2024-05-25_to_2024-08-25,1774,SHORT,1723482000,1723482900,2024-08-12T17:15,2464.28,5585,SUPPLY,2462.81,2466.11,0.718,0,False,True,0,0.7,1,False,1.097,4.46,-0.32,1,0,False,1,reversal,CHoCH,17,4,72.83,17,0,BULL,1,1,-1,counter_macro,False,0,0.0,0,0.0,1,12,1.33
2024-05-25_to_2024-08-25,1778,SHORT,1723489200,1723490100,2024-08-12T19:15,2470.07,5475,SUPPLY,2470.68,2474.34,1.223,568,False,True,0,0.183,3,False,2.46,5.66,0.204,1,0,False,1,reversal,BOS,5,4,77.91,19,0,BULL,1,1,1,counter_macro,False,0,0.0,0,-1.0,1,14,1.8
2024-05-25_to_2024-08-25,1780,SHORT,1723490100,1723491000,2024-08-12T19:30,2471.23,5475,SUPPLY,2470.68,2474.34,1.338,569,False,True,0,0.183,4,False,2.69,5.63,-0.201,2,1,False,1,reversal,BOS,6,4,77.63,19,0,BULL,1,1,1,counter_macro,False,0,0.0,0,-1.09,1,15,2.39
2024-05-25_to_2024-08-25,1782,SHORT,1723491000,1723491900,2024-08-12T19:45,2470.47,5475,SUPPLY,2470.68,2474.34,1.545,570,False,True,0,0.393,5,False,3.107,5.61,0.089,3,2,False,1,reversal,BOS,7,4,77.13,19,0,BULL,1,1,1,counter_macro,False,0,0.0,0,-0.94,1,16,2.44
2024-05-25_to_2024-08-25,1784,SHORT,1723492800,1723493700,2024-08-12T20:15,2471.85,5475,SUPPLY,2470.68,2474.34,1.628,572,False,True,0,0.393,7,False,3.274,5.62,-0.52,4,4,False,1,reversal,BOS,9,3,75.37,20,0,BULL,1,1,-1,counter_macro,False,0,0.0,0,-0.99,1,17,3.19
2024-05-25_to_2024-08-25,1788,SHORT,1723509000,1723509900,2024-08-13T00:45,2472.12,5474,SUPPLY,2474.41,2477.66,1.705,587,False,True,0,0.769,6,True,1.186,5.53,1.202,1,0,False,1,reversal,BOS,23,3,69.07,0,1,BULL,1,1,-1,counter_macro,False,0,0.0,0,-0.39,0,13,0.36
2024-05-25_to_2024-08-25,1790,SHORT,1723557600,1723558500,2024-08-13T14:15,2468.12,5588,SUPPLY,2474.99,2476.91,0.422,52,False,True,0,0.354,2,False,1.592,2.14,1.511,1,0,False,0,neutral,EQL,0,3,65.23,14,1,BULL,1,1,1,counter_macro,False,0,0.0,0,-0.27,1,1,0.76
2024-05-25_to_2024-08-25,1794,LONG,1723647600,1723648500,2024-08-14T15:15,2449.52,5582,DEMAND,2444.43,2447.7,0.457,183,False,False,1,0.0,1,False,2.16,-2.78,0.254,1,0,False,0,neutral,CHoCH,6,4,32.16,15,2,NEUTRAL,-1,1,1,neutral_macro,False,0,2.64,0,-0.63,1,2,1.39
2024-05-25_to_2024-08-25,1804,LONG,1723658400,1723659300,2024-08-14T18:15,2443.84,5627,DEMAND,2437.85,2441.14,0.955,2,False,True,0,0.176,3,False,1.333,-3.74,0.784,1,0,False,0,neutral,CHoCH,18,4,30.12,18,2,NEUTRAL,-1,1,1,neutral_macro,False,0,8.09,0,-0.7,1,7,4.54
2024-05-25_to_2024-08-25,1806,LONG,1723659300,1723660200,2024-08-14T18:30,2445.85,5627,DEMAND,2437.85,2441.14,0.977,3,False,True,0,0.176,4,False,1.363,-3.65,1.399,2,1,False,0,neutral,CHoCH,19,4,30.87,18,2,NEUTRAL,-1,1,1,neutral_macro,False,0,8.27,0,-0.72,1,8,4.05
2024-05-25_to_2024-08-25,1812,SHORT,1723805100,1723806000,2024-08-16T11:00,2468.76,5640,SUPPLY,2467.06,2470.02,0.946,82,False,True,0,0.389,3,False,1.202,2.93,-0.543,1,0,False,1,reversal,BOS,2,6,69.34,11,4,NEUTRAL,-1,1,-1,neutral_macro,False,0,1.22,0,-0.58,1,1,0.97
2024-05-25_to_2024-08-25,1816,SHORT,1723808700,1723809600,2024-08-16T12:00,2472.61,5640,SUPPLY,2467.06,2470.02,1.006,86,False,False,1,1.5,4,True,2.145,2.79,-1.886,2,4,True,1,reversal,BOS,6,6,67.07,12,4,NEUTRAL,-1,1,1,neutral_macro,False,0,2.7,0,0.79,1,3,2.35
2024-05-25_to_2024-08-25,1822,SHORT,1723827600,1723828500,2024-08-16T17:15,2499.27,5657,SUPPLY,2497.04,2500.06,0.542,9,False,True,0,0.235,3,False,2.066,4.09,-0.4,1,0,False,0,neutral,CHoCH,20,4,68.67,17,4,NEUTRAL,0,1,1,neutral_macro,False,0,6.4,0,-0.41,1,6,3.39
2024-05-25_to_2024-08-25,1836,SHORT,1724018400,1724019300,2024-08-18T22:15,2504.31,5661,SUPPLY,2507.57,2509.75,0.641,0,False,True,0,1.106,1,False,0.673,5.22,0.958,1,0,False,1,reversal,BOS,9,5,69.84,22,6,NEUTRAL,0,1,-1,neutral_macro,False,0,0.0,0,0.07,0,1,0.06
2024-05-25_to_2024-08-25,1844,SHORT,1724148900,1724149800,2024-08-20T10:30,2522.63,5690,SUPPLY,2522.73,2525.26,0.611,0,False,True,0,0.684,1,False,1.964,3.99,0.024,1,0,False,1,reversal,BOS,10,6,70.63,10,1,BULL,1,1,1,counter_macro,False,0,0.0,0,0.0,1,3,4.89
2024-05-25_to_2024-08-25,1846,SHORT,1724150700,1724151600,2024-08-20T11:00,2522.41,5690,SUPPLY,2522.73,2525.26,0.634,2,False,True,0,0.684,3,False,2.037,3.95,0.08,2,2,False,0,neutral,BOS,12,6,69.01,11,1,BULL,1,1,-1,counter_macro,False,0,0.0,0,0.0,1,4,5.01
2024-05-25_to_2024-08-25,1848,SHORT,1724152500,1724153400,2024-08-20T11:30,2524.58,5690,SUPPLY,2522.73,2525.26,0.739,4,False,True,0,1.308,5,True,2.375,3.85,-0.54,3,4,False,0,neutral,BOS,14,6,68.02,11,1,BULL,1,1,1,counter_macro,False,0,0.0,0,0.23,1,5,6.48
2024-05-25_to_2024-08-25,1858,LONG,1724295600,1724296500,2024-08-22T03:15,2502.69,5688,DEMAND,2497.31,2500.46,1.134,168,False,False,1,0.19,3,False,4.388,-2.88,0.803,1,0,False,1,continuation,CHoCH,5,4,31.78,3,3,NEUTRAL,-1,1,-1,neutral_macro,False,0,0.0,0,-0.92,1,1,3.68
2024-05-25_to_2024-08-25,1864,LONG,1724298300,1724299200,2024-08-22T04:00,2500.45,5719,DEMAND,2499.86,2502.48,0.915,0,False,True,0,0.366,1,False,1.841,-2.47,-0.709,1,0,False,0,neutral,CHoCH,8,2,33.81,4,3,NEUTRAL,-1,1,1,neutral_macro,False,0,0.0,0,0.0,1,4,4.35
2024-05-25_to_2024-08-25,1874,LONG,1724341500,1724342400,2024-08-22T16:00,2483.65,5728,DEMAND,2470.85,2474.08,0.478,2,False,True,0,0.0,1,False,0.896,-3.03,1.417,1,0,False,-1,reversal,BOS,9,3,34.5,16,3,NEUTRAL,-1,1,-1,neutral_macro,False,0,0.0,0,-1.36,1,8,2.43
2024-05-25_to_2024-08-25,1875,SHORT,1724406300,1724407200,2024-08-23T10:00,2497.53,5726,SUPPLY,2500.92,2504.13,1.342,77,False,True,0,0.308,3,False,3.893,3.22,1.418,1,0,False,0,neutral,BOS,6,4,69.79,10,4,NEUTRAL,-1,1,1,neutral_macro,False,0,7.11,0,-0.93,0,1,1.44
2024-05-25_to_2024-08-25,1878,SHORT,1724423400,1724424300,2024-08-23T14:45,2509.12,5727,SUPPLY,2515.86,2519.15,0.601,96,False,True,0,0.623,3,False,2.992,3.53,1.231,1,0,False,0,neutral,BOS,1,3,71.93,14,4,NEUTRAL,-1,1,1,neutral_macro,False,0,6.03,0,-0.23,0,2,1.23
2024-08-25_to_2024-11-25,1214,SHORT,1724667300,1724668200,2024-08-26T10:30,2524.01,4472,SUPPLY,2523.95,2525.81,0.695,2,False,True,0,1.468,3,True,1.289,3.5,-0.022,1,0,False,-1,continuation,CHoCH,10,4,68.99,10,0,NEUTRAL,-1,1,-1,neutral_macro,False,0,3.63,0,0.33,1,4,4.85
2024-08-25_to_2024-11-25,1218,SHORT,1724670900,1724671800,2024-08-26T11:30,2523.39,4473,SUPPLY,2523.7,2526.68,1.178,0,False,True,0,0.446,1,False,1.407,3.2,0.122,1,0,False,1,reversal,CHoCH,14,4,66.23,11,0,NEUTRAL,-1,1,1,neutral_macro,False,0,3.84,0,0.0,1,6,4.88
2024-08-25_to_2024-11-25,1226,LONG,1724727600,1724728500,2024-08-27T03:15,2507.59,4488,DEMAND,2505.76,2508.82,1.207,0,False,True,0,0.605,1,False,0.947,-2.95,-0.485,1,0,False,-1,reversal,CHoCH,12,4,34.12,3,1,BULL,1,1,1,with_macro,False,0,5.93,0,0.0,1,3,3.7
2024-08-25_to_2024-11-25,1228,SHORT,1724786100,1724787000,2024-08-27T19:30,2524.56,4476,SUPPLY,2523.8,2526.88,1.314,118,False,False,1,0.705,5,False,4.719,3.21,-0.324,1,0,False,1,reversal,BOS,3,4,74.55,19,1,BULL,1,1,-1,counter_macro,False,0,7.01,0,-0.39,1,1,1.61
2024-08-25_to_2024-11-25,1230,SHORT,1724787000,1724787900,2024-08-27T19:45,2525.08,4476,SUPPLY,2523.8,2526.88,1.382,119,False,False,1,0.705,6,False,4.961,3.0,-0.574,2,1,False,1,reversal,BOS,4,4,71.72,19,1,BULL,1,1,-1,counter_macro,False,0,7.37,0,-0.41,1,2,1.92
2024-08-25_to_2024-11-25,1236,SHORT,1724796000,1724796900,2024-08-27T22:15,2525.44,4503,SUPPLY,2524.05,2525.97,1.116,5,False,True,0,0.99,6,True,2.959,3.4,-0.808,1,0,False,0,neutral,EQH,0,4,73.01,22,1,NEUTRAL,0,1,-1,neutral_macro,False,0,0.01,0,0.0,1,5,2.7
2024-08-25_to_2024-11-25,1240,SHORT,1724801400,1724802300,2024-08-27T23:45,2525.21,4406,SUPPLY,2528.41,2531.73,2.239,190,False,False,1,0.0,1,False,0.27,3.91,2.158,1,0,False,1,reversal,BOS,1,6,74.67,23,1,NEUTRAL,0,1,-1,neutral_macro,False,1,2.03,0,-3.02,1,7,0.53
2024-08-25_to_2024-11-25,1244,LONG,1724821200,1724822100,2024-08-28T05:15,2508.51,4501,DEMAND,2509.77,2512.69,1.145,44,False,True,0,1.442,3,True,2.576,-2.97,-1.639,1,0,False,-1,reversal,CHoCH,15,5,29.93,5,2,NEUTRAL,0,1,-1,neutral_macro,False,0,0.0,0,0.51,1,9,0.41
2024-08-25_to_2024-11-25,1248,LONG,1724826600,1724827500,2024-08-28T06:45,2508.48,4502,DEMAND,2503.27,2506.4,1.174,48,False,True,0,1.073,5,False,3.266,-2.87,0.78,1,0,False,-1,reversal,CHoCH,21,5,34.01,6,2,NEUTRAL,0,1,1,neutral_macro,False,0,0.0,0,0.09,1,11,0.4
2024-08-25_to_2024-11-25,1250,LONG,1724849100,1724850000,2024-08-28T13:00,2506.06,4453,DEMAND,2491.57,2494.09,0.798,243,False,True,0,0.262,2,False,2.602,-2.63,3.79,1,0,False,0,neutral,CHoCH,4,4,37.53,13,2,NEUTRAL,0,1,1,neutral_macro,False,0,0.0,0,-0.59,1,5,1.05
2024-08-25_to_2024-11-25,1252,SHORT,1724892300,1724893200,2024-08-29T01:00,2513.29,4509,SUPPLY,2515.45,2517.12,0.78,76,False,True,0,0.0,1,False,2.388,2.43,1.009,1,0,False,-1,continuation,CHoCH,2,3,66.5,1,3,NEUTRAL,0,1,-1,neutral_macro,False,0,1.84,0,-1.81,1,2,3.49
2024-08-25_to_2024-11-25,1256,LONG,1725039900,1725040800,2024-08-30T18:00,2501.78,4516,DEMAND,2493.43,2496.29,0.585,201,False,True,0,0.839,4,False,1.852,-3.03,1.122,1,0,False,-1,reversal,BOS,13,3,32.77,18,4,NEUTRAL,0,-1,1,neutral_macro,False,0,5.47,0,-0.09,1,1,1.59
2024-08-25_to_2024-11-25,1262,SHORT,1725354000,1725354900,2024-09-03T09:15,2503.6,4574,SUPPLY,2504.35,2507.33,1.19,79,False,True,0,0.594,4,False,3.443,2.58,0.3,1,0,False,0,neutral,CHoCH,9,2,70.32,9,1,BEAR,-1,-1,1,with_macro,True,0,0.0,0,-0.48,1,1,0.67
2024-08-25_to_2024-11-25,1264,SHORT,1725355800,1725356700,2024-09-03T09:45,2500.98,4574,SUPPLY,2504.35,2507.33,1.243,81,False,True,0,0.594,6,False,3.595,2.24,1.405,2,2,False,0,neutral,CHoCH,11,2,66.71,9,1,BEAR,-1,-1,-1,with_macro,False,0,0.0,0,-0.5,1,2,2.31
2024-08-25_to_2024-11-25,1266,LONG,1725372900,1725373800,2024-09-03T14:30,2481.43,4441,DEMAND,2474.83,2478.29,0.485,607,False,True,0,1.5,3,False,1.369,-2.64,0.44,1,0,False,-1,reversal,BOS,2,5,32.1,14,1,BEAR,-1,-1,-1,counter_macro,False,0,2.71,0,0.24,1,3,2.52
2024-08-25_to_2024-11-25,1292,SHORT,1725601500,1725602400,2024-09-06T06:00,2519.3,4631,SUPPLY,2520.63,2523.38,1.926,58,False,True,0,0.411,3,False,2.178,2.98,0.931,1,0,False,1,reversal,BOS,7,3,67.33,6,4,NEUTRAL,0,1,1,neutral_macro,False,0,3.4,0,-1.13,1,1,2.61
2024-08-25_to_2024-11-25,1294,SHORT,1725602400,1725603300,2024-09-06T06:15,2520.09,4631,SUPPLY,2520.63,2523.38,2.024,59,False,True,0,0.411,4,False,2.289,1.97,0.397,2,1,False,1,reversal,BOS,8,3,60.17,6,4,NEUTRAL,0,1,1,neutral_macro,False,0,3.57,0,-1.19,1,2,3.33
2024-08-25_to_2024-11-25,1296,LONG,1725642000,1725642900,2024-09-06T17:15,2495.1,4609,DEMAND,2481.87,2484.75,0.35,193,False,True,0,0.0,1,False,2.885,-3.24,1.258,1,0,False,-1,reversal,CHoCH,3,6,31.2,17,4,NEUTRAL,0,1,1,neutral_macro,False,0,0.0,0,-0.5,1,3,0.21
2024-08-25_to_2024-11-25,1298,LONG,1725642900,1725643800,2024-09-06T17:30,2494.18,4609,DEMAND,2481.87,2484.75,0.352,194,False,True,0,0.0,1,False,2.47,-2.97,1.151,2,1,True,-1,reversal,CHoCH,4,6,33.07,17,4,NEUTRAL,0,1,1,neutral_macro,False,0,0.0,0,-1.02,1,4,0.03
2024-08-25_to_2024-11-25,1300,LONG,1725862500,1725863400,2024-09-09T06:30,2492.29,4652,DEMAND,2484.91,2487.95,1.357,47,False,True,0,0.72,3,True,5.036,-3.81,1.938,1,0,False,1,continuation,CHoCH,2,8,30.86,6,0,NEUTRAL,1,-1,-1,neutral_macro,False,0,4.32,0,-0.38,1,1,0.97
2024-08-25_to_2024-11-25,1305,SHORT,1726038900,1726039800,2024-09-11T07:30,2523.54,4647,SUPPLY,2526.66,2529.24,1.147,251,False,True,0,0.868,4,False,2.539,3.16,1.388,1,0,False,1,reversal,BOS,4,3,68.8,7,2,NEUTRAL,0,1,-1,neutral_macro,False,0,2.85,0,-0.15,0,2,1.22
2024-08-25_to_2024-11-25,1308,LONG,1726059600,1726060500,2024-09-11T13:15,2507.67,4687,DEMAND,2500.65,2503.35,0.63,82,False,True,0,0.456,2,False,3.173,-2.91,1.008,1,0,False,-1,reversal,CHoCH,3,3,29.85,13,2,NEUTRAL,0,1,-1,neutral_macro,False,0,0.0,0,-0.34,1,3,0.44
2024-08-25_to_2024-11-25,1312,SHORT,1726119000,1726119900,2024-09-12T05:45,2519.4,4705,SUPPLY,2517.3,2520,1.862,42,False,True,0,0.722,5,False,3.138,2.6,-1.448,1,0,False,-1,continuation,BOS,5,5,68.23,5,3,BULL,1,1,1,counter_macro,False,0,3.67,0,-0.52,1,1,4.39
2024-08-25_to_2024-11-25,1330,SHORT,1726181100,1726182000,2024-09-12T23:00,2557.42,4729,SUPPLY,2558.33,2560.06,0.831,0,False,True,0,0.301,1,False,0.226,4.93,0.437,1,0,False,1,reversal,CHoCH,12,4,67.5,23,3,BULL,1,1,1,counter_macro,False,0,22.16,0,0.0,1,8,4.61
2024-08-25_to_2024-11-25,1342,SHORT,1726204500,1726205400,2024-09-13T05:30,2568.47,4735,SUPPLY,2567.14,2570.04,1.421,3,False,True,0,1.093,4,True,2.386,4.64,-0.652,1,0,False,1,reversal,BOS,3,3,71.88,5,4,BULL,1,1,-1,counter_macro,False,0,0.0,0,0.13,0,10,2.8
2024-08-25_to_2024-11-25,1378,SHORT,1726820100,1726821000,2024-09-20T08:30,2612.38,4839,SUPPLY,2606.58,2609.77,1.038,0,False,True,0,0.887,1,True,3.188,4.94,-1.887,1,0,False,1,reversal,CHoCH,8,6,75.93,8,4,NEUTRAL,-1,1,1,neutral_macro,False,0,6.51,0,0.0,1,4,7.96
2024-08-25_to_2024-11-25,1384,SHORT,1726824600,1726825500,2024-09-20T09:45,2606.28,4841,SUPPLY,2609.68,2612.75,0.913,0,False,True,0,0.0,1,False,0.065,4.18,1.011,1,0,False,1,reversal,CHoCH,3,7,66.26,9,4,NEUTRAL,-1,1,-1,neutral_macro,False,0,6.83,0,0.0,1,7,5.46
2024-08-25_to_2024-11-25,1404,SHORT,1727067600,1727068500,2024-09-23T05:15,2628.75,4861,SUPPLY,2628.01,2631.07,1.212,0,False,True,0,0.761,1,False,0.04,3.64,-0.293,1,0,False,0,neutral,BOS,8,3,65.56,5,0,BULL,1,1,-1,counter_macro,False,0,3.78,0,0.0,0,4,3.83
2024-08-25_to_2024-11-25,1428,SHORT,1727199000,1727199900,2024-09-24T17:45,2654.03,4889,SUPPLY,2652.15,2655.03,0.613,0,False,True,0,0.0,1,False,1.774,3.27,-0.4,1,0,False,1,reversal,BOS,13,4,68.93,17,1,BULL,1,1,-1,counter_macro,False,0,5.63,0,0.0,1,8,2.42
2024-08-25_to_2024-11-25,1430,SHORT,1727199900,1727200800,2024-09-24T18:00,2654.09,4889,SUPPLY,2652.15,2655.03,0.62,1,False,True,0,0.795,1,True,2.363,3.27,-0.418,2,1,True,1,reversal,BOS,14,4,68.62,18,1,BULL,1,1,-1,counter_macro,False,0,5.7,0,-0.13,1,9,2.46
2024-08-25_to_2024-11-25,1436,SHORT,1727210700,1727215200,2024-09-24T22:00,2658.11,4890,SUPPLY,2661.29,2664.4,1.177,1,False,True,0,0.63,2,False,0.988,4.12,1.204,1,0,False,1,reversal,BOS,9,3,65.93,22,1,BULL,1,1,-1,counter_macro,False,0,13.56,0,0.0,0,10,5.85
2024-08-25_to_2024-11-25,1462,SHORT,1727786700,1727787600,2024-10-01T13:00,2650,4958,SUPPLY,2654.3,2656.62,0.814,105,False,True,0,0.987,4,True,1.635,3.5,1.509,1,0,False,0,neutral,BOS,32,1,67.41,13,1,NEUTRAL,-1,1,-1,neutral_macro,False,0,0.0,0,-0.01,0,5,0.34
2024-08-25_to_2024-11-25,1470,LONG,1727848800,1727849700,2024-10-02T06:15,2648.37,4978,DEMAND,2641.52,2644.44,0.977,80,False,True,0,0.0,1,False,2.458,-3.17,1.314,1,0,False,-1,reversal,BOS,8,3,27.43,6,2,NEUTRAL,0,1,-1,neutral_macro,False,0,4.47,0,-1.89,1,1,3.36
2024-08-25_to_2024-11-25,1474,LONG,1727851500,1727852400,2024-10-02T07:00,2653.01,4995,DEMAND,2644.5,2647.65,1.06,0,False,True,0,0.0,1,False,1.498,-2.52,1.804,1,0,False,-1,reversal,BOS,11,3,33.07,7,2,NEUTRAL,0,1,1,neutral_macro,False,0,4.5,0,-1.23,1,3,1.81
2024-08-25_to_2024-11-25,1476,LONG,1727852400,1727853300,2024-10-02T07:15,2652.8,4995,DEMAND,2644.5,2647.65,1.027,1,False,True,0,0.0,1,False,0.635,-2.29,1.678,2,1,True,-1,reversal,BOS,12,3,34.85,7,2,NEUTRAL,0,1,1,neutral_macro,False,0,4.36,0,-1.61,1,4,0.06
2024-08-25_to_2024-11-25,1478,LONG,1727945100,1727946000,2024-10-03T09:00,2644.04,5003,DEMAND,2640.91,2644.11,0.977,62,False,True,0,0.744,5,False,2.443,-2.82,-0.021,1,0,False,0,neutral,BOS,13,2,32.35,9,3,NEUTRAL,0,1,1,neutral_macro,False,0,0.0,0,-0.25,1,1,3.43
2024-08-25_to_2024-11-25,1480,LONG,1727947800,1727948700,2024-10-03T09:45,2644.82,5003,DEMAND,2640.91,2644.11,0.904,65,False,True,0,1.041,8,False,2.261,-2.99,0.201,2,3,False,0,neutral,BOS,16,2,29.79,9,3,NEUTRAL,0,1,1,neutral_macro,False,0,0.0,0,0.04,1,2,2.95
2024-08-25_to_2024-11-25,1486,LONG,1728281700,1728282600,2024-10-07T06:30,2642.79,5020,DEMAND,2637.32,2640.42,1.541,149,False,False,1,0.21,3,False,3.345,-3.05,1.178,1,0,False,0,neutral,CHoCH,3,2,32.55,6,0,NEUTRAL,0,1,-1,neutral_macro,False,0,0.0,0,-1.22,1,1,2.2
2024-08-25_to_2024-11-25,1512,SHORT,1728624600,1728625500,2024-10-11T05:45,2644.78,5135,SUPPLY,2642.98,2646.06,1.382,3,False,True,0,0.981,4,True,1.476,4.73,-0.807,1,0,False,0,neutral,EQH,1,6,71.55,5,4,NEUTRAL,-1,1,-1,neutral_macro,False,0,0.01,0,0.0,0,6,4.71
2024-08-25_to_2024-11-25,1514,SHORT,1728626400,1728627300,2024-10-11T06:15,2642.62,5135,SUPPLY,2642.98,2646.06,1.623,5,False,True,0,0.981,6,True,1.734,4.51,0.19,2,2,False,0,neutral,EQH,3,6,70.79,6,4,NEUTRAL,-1,1,1,neutral_macro,False,0,0.01,0,0.0,0,7,4.39
2024-08-25_to_2024-11-25,1516,SHORT,1728627300,1728628200,2024-10-11T06:30,2639.7,5135,SUPPLY,2642.98,2646.06,1.461,6,False,True,0,1.334,7,True,1.56,4.37,1.556,3,3,False,0,neutral,EQH,4,6,70.66,6,4,NEUTRAL,-1,1,1,neutral_macro,False,1,0.5,0,0.49,0,8,2.57
2024-08-25_to_2024-11-25,1530,SHORT,1728667800,1728668700,2024-10-11T17:45,2659.61,5144,SUPPLY,2658.42,2661.43,1.058,1,False,True,0,0.249,2,False,0.105,3.64,-0.418,1,0,False,0,neutral,CHoCH,17,5,66.91,17,4,NEUTRAL,-1,1,-1,neutral_macro,False,0,5.34,0,0.0,1,11,0.13
2024-08-25_to_2024-11-25,1532,SHORT,1728668700,1728669600,2024-10-11T18:00,2657.48,5144,SUPPLY,2658.42,2661.43,1.117,2,False,True,0,0.571,3,False,0.111,3.33,0.349,2,1,False,0,neutral,CHoCH,18,5,64.84,18,4,NEUTRAL,-1,1,-1,neutral_macro,False,0,5.64,0,0.0,1,12,5.18
2024-08-25_to_2024-11-25,1540,SHORT,1729007100,1729008000,2024-10-15T16:00,2668.11,5156,SUPPLY,2663.59,2666.56,0.606,126,False,False,2,0.522,3,False,2.349,2.44,-0.922,1,0,False,1,reversal,CHoCH,5,7,66.39,16,1,BULL,1,1,1,counter_macro,False,0,1.94,0,-0.29,1,2,1.81
2024-08-25_to_2024-11-25,1542,SHORT,1729009800,1729010700,2024-10-15T16:45,2661.9,5083,SUPPLY,2667.29,2670.22,0.633,468,False,True,0,0.567,3,False,2.922,2.87,1.164,1,0,False,1,reversal,CHoCH,1,7,66.57,16,1,NEUTRAL,0,1,1,neutral_macro,False,0,2.88,0,-0.27,1,3,0.57
2024-08-25_to_2024-11-25,1547,SHORT,1729063800,1729064700,2024-10-16T07:45,2676.09,5188,SUPPLY,2674.86,2677.71,0.964,1,False,True,0,0.407,2,False,2.677,3.3,-0.416,1,0,False,1,reversal,EQH,0,4,68.11,7,2,NEUTRAL,0,1,-1,neutral_macro,False,0,0.07,0,0.0,1,3,2.9
2024-08-25_to_2024-11-25,1550,SHORT,1729064700,1729065600,2024-10-16T08:00,2676.02,5188,SUPPLY,2674.86,2677.71,0.961,2,False,True,0,0.684,3,False,2.667,3.09,-0.391,2,1,False,1,reversal,EQH,1,4,66.57,8,2,NEUTRAL,0,1,1,neutral_macro,False,0,0.07,0,0.0,1,4,2.86
2024-08-25_to_2024-11-25,1562,SHORT,1729133100,1729134000,2024-10-17T03:00,2680.07,5193,SUPPLY,2682.33,2685.19,1.267,45,False,True,0,0.899,5,False,3.909,2.33,1.002,1,0,False,1,reversal,CHoCH,10,6,65.57,3,3,BULL,1,1,-1,counter_macro,False,0,4.4,0,-0.13,1,3,2.51
2024-08-25_to_2024-11-25,1570,SHORT,1729223100,1729224000,2024-10-18T04:00,2711.25,5223,SUPPLY,2708.95,2711.91,0.853,1,False,True,0,0.659,2,False,0.836,4.48,-0.663,1,0,False,1,reversal,BOS,23,2,76.13,4,4,BULL,1,1,-1,counter_macro,False,0,0.0,0,0.0,0,4,4.5
2024-08-25_to_2024-11-25,1582,LONG,1729524600,1729525500,2024-10-21T15:45,2720.35,5246,DEMAND,2713.62,2716.52,0.579,78,False,True,0,0.0,1,False,3.661,-2.0,0.765,1,0,False,1,continuation,CHoCH,3,3,32.83,15,0,BULL,1,1,-1,with_macro,True,0,0.0,0,-1.34,1,2,3.45
2024-08-25_to_2024-11-25,1584,LONG,1729527300,1729528200,2024-10-21T16:30,2721.96,5265,DEMAND,2716.82,2719.71,0.568,0,False,True,0,0.547,1,False,2.624,-2.18,0.442,1,0,False,0,neutral,CHoCH,6,3,31.05,16,0,BULL,1,1,1,with_macro,False,0,0.0,0,-0.26,1,3,3.08
2024-08-25_to_2024-11-25,1600,SHORT,1729575000,1729575900,2024-10-22T05:45,2730.4,5276,SUPPLY,2733.43,2735.95,1.186,0,False,True,0,0.353,1,False,0.631,3.0,1.426,1,0,False,1,reversal,CHoCH,25,3,65.1,5,1,BULL,1,1,-1,counter_macro,False,0,0.0,0,0.0,1,8,3.25
2024-08-25_to_2024-11-25,1602,LONG,1729649700,1729650600,2024-10-23T02:30,2739.71,5291,DEMAND,2736.84,2739.26,1.254,34,False,True,0,0.566,4,False,3.876,-2.0,0.233,1,0,False,-1,reversal,CHoCH,10,8,27.57,2,2,BULL,1,1,1,with_macro,False,0,4.63,0,-0.54,1,1,2.57
2024-08-25_to_2024-11-25,1612,LONG,1729690200,1729691100,2024-10-23T13:45,2737.55,5286,DEMAND,2729.53,2732.37,0.664,95,False,True,0,0.342,2,False,2.633,-2.5,1.21,1,0,False,0,neutral,CHoCH,36,1,25.97,13,2,BULL,1,1,-1,with_macro,True,0,3.61,0,-0.44,1,6,2.64
2024-08-25_to_2024-11-25,1616,LONG,1729697400,1729698300,2024-10-23T15:45,2721.74,5240,DEMAND,2704.85,2707.74,0.394,280,False,True,0,0.0,1,False,2.3,-5.18,1.908,1,0,False,0,neutral,CHoCH,1,3,15.6,15,2,BULL,1,1,1,with_macro,False,0,5.22,0,-0.99,1,7,3.69
2024-08-25_to_2024-11-25,1626,LONG,1729708200,1729709100,2024-10-23T18:45,2714.05,5312,DEMAND,2708.54,2711.25,0.729,10,False,True,0,0.0,1,False,1.907,-4.11,0.753,1,0,False,0,neutral,CHoCH,13,2,32.56,18,2,BULL,1,1,-1,with_macro,True,0,10.3,0,-1.12,1,11,1.77
2024-08-25_to_2024-11-25,1638,LONG,1729825200,1729826100,2024-10-25T03:15,2727.05,5330,DEMAND,2725.78,2728.77,1.288,34,False,True,0,1.5,5,True,2.128,-2.38,-0.741,1,0,False,-1,reversal,CHoCH,10,2,32.1,3,4,NEUTRAL,0,1,-1,neutral_macro,False,0,0.0,0,0.65,1,1,2.26
2024-08-25_to_2024-11-25,1642,LONG,1729829700,1729830600,2024-10-25T04:30,2725.46,5337,DEMAND,2724.26,2727.09,1.088,1,False,True,0,1.046,2,True,1.153,-2.61,-0.627,1,0,False,-1,reversal,CHoCH,15,2,34.51,4,4,NEUTRAL,0,1,1,neutral_macro,False,0,0.0,0,0.05,1,3,2.63
2024-08-25_to_2024-11-25,1652,LONG,1730079900,1730080800,2024-10-28T02:00,2732.09,5346,DEMAND,2725.29,2728.1,0.799,42,False,True,0,1.21,4,False,2.394,-2.07,1.135,1,0,False,-1,reversal,BOS,2,6,33.08,2,0,NEUTRAL,-1,1,1,neutral_macro,False,0,0.0,0,0.17,1,2,1.67
2024-08-25_to_2024-11-25,1654,SHORT,1730169000,1730169900,2024-10-29T02:45,2752.95,5308,SUPPLY,2756.92,2758.45,0.576,340,False,True,0,0.458,3,False,4.731,5.61,1.495,1,0,False,0,neutral,BOS,5,5,82.45,2,1,NEUTRAL,0,1,-1,neutral_macro,False,0,4.77,0,-0.31,1,1,2.3
2024-08-25_to_2024-11-25,1656,SHORT,1730169900,1730170800,2024-10-29T03:00,2750.38,5308,SUPPLY,2756.92,2758.45,0.551,341,False,True,0,0.458,4,False,4.524,3.95,2.356,2,1,False,0,neutral,BOS,6,5,68.78,3,1,NEUTRAL,0,1,-1,neutral_macro,False,0,4.56,0,-0.3,1,2,1.28
2024-08-25_to_2024-11-25,1660,SHORT,1730214900,1730215800,2024-10-29T15:30,2763.65,5384,SUPPLY,2768.83,2771.74,0.585,0,False,True,0,0.0,1,False,1.112,3.06,1.042,1,0,False,0,neutral,BOS,6,4,67.82,15,1,BULL,1,1,-1,counter_macro,False,0,3.03,0,0.0,0,3,2.52
2024-08-25_to_2024-11-25,1680,LONG,1730388600,1730389500,2024-10-31T15:45,2740.59,5362,DEMAND,2731.08,2734.13,0.466,283,False,False,1,0.0,1,False,3.829,-6.04,0.988,1,0,False,-1,reversal,CHoCH,9,6,20.46,15,3,BULL,1,1,1,with_macro,False,0,7.02,0,-0.72,1,2,0.67
2024-08-25_to_2024-11-25,1718,SHORT,1730997900,1730998800,2024-11-07T17:00,2698.18,5525,SUPPLY,2696.03,2700.16,0.772,0,False,True,0,0.293,1,False,0.751,4.16,-0.402,1,0,False,1,reversal,BOS,16,2,71.7,17,3,BEAR,-1,-1,1,with_macro,True,0,0.0,0,0.0,1,4,4.65
2024-08-25_to_2024-11-25,1720,SHORT,1730998800,1730999700,2024-11-07T17:15,2699.22,5525,SUPPLY,2696.03,2700.16,0.79,1,False,True,0,0.571,2,True,0.769,3.86,-0.61,2,1,False,1,reversal,BOS,17,2,69.41,17,3,BEAR,-1,-1,1,with_macro,True,0,0.0,0,0.0,1,5,4.95
2024-08-25_to_2024-11-25,1726,SHORT,1731020400,1731021300,2024-11-07T23:15,2706.03,5530,SUPPLY,2706.01,2710.19,0.831,3,False,True,0,0.577,4,False,3.107,3.12,-0.004,1,0,False,1,reversal,CHoCH,7,4,60.98,23,3,BEAR,-1,-1,1,with_macro,True,0,1.95,0,-0.35,1,8,2.84
2024-08-25_to_2024-11-25,1742,LONG,1731296700,1731297600,2024-11-11T04:00,2669.86,5553,DEMAND,2666.55,2670.5,1.059,1,False,True,0,0.646,2,False,1.491,-3.44,-0.172,1,0,False,-1,reversal,BOS,10,8,32.72,4,0,NEUTRAL,0,-1,1,neutral_macro,False,0,0.0,0,0.0,0,5,0.78
2024-08-25_to_2024-11-25,1744,LONG,1731299400,1731300300,2024-11-11T04:45,2672.07,5554,DEMAND,2667.95,2670.68,0.857,0,False,True,0,0.516,1,False,0.069,-3.51,0.436,1,0,False,0,neutral,BOS,13,8,33.42,4,0,NEUTRAL,0,-1,-1,neutral_macro,False,0,0.0,0,0.44,0,6,0.22
2024-08-25_to_2024-11-25,1774,SHORT,1731467700,1731468600,2024-11-13T03:30,2608.98,5586,SUPPLY,2612.95,2617.03,1.29,43,False,True,0,0.088,2,False,2.33,2.39,1.255,1,0,False,1,reversal,BOS,8,2,66.03,3,2,BEAR,-1,-1,1,with_macro,True,0,3.8,0,-1.18,0,2,0.87
2024-08-25_to_2024-11-25,1782,LONG,1731521700,1731522600,2024-11-13T18:30,2581.49,5612,DEMAND,2577.65,2581.55,0.641,0,False,True,0,0.451,1,False,2.467,-3.09,-0.01,1,0,False,-1,reversal,BOS,6,8,33.97,18,2,BEAR,-1,-1,1,counter_macro,False,0,0.0,0,-0.35,1,4,1.36
2024-08-25_to_2024-11-25,1784,LONG,1731523500,1731524400,2024-11-13T19:00,2582.74,5612,DEMAND,2577.65,2581.55,0.687,2,False,True,0,0.477,3,False,2.648,-3.48,0.21,2,2,False,-1,reversal,BOS,8,8,32.37,19,2,BEAR,-1,-1,-1,counter_macro,False,0,0.0,0,-0.36,1,5,1.24
2024-08-25_to_2024-11-25,1786,LONG,1731524400,1731525300,2024-11-13T19:15,2584.34,5612,DEMAND,2577.65,2581.55,0.709,3,False,True,0,0.477,4,False,2.729,-3.14,0.507,3,3,False,-1,reversal,BOS,9,8,34.68,19,2,BEAR,-1,-1,-1,counter_macro,False,0,0.0,0,-0.37,1,6,0.99
2024-08-25_to_2024-11-25,1796,LONG,1731556800,1731557700,2024-11-14T04:15,2562.87,5621,DEMAND,2558.86,2562.57,1.0,2,False,True,0,0.892,3,False,1.652,-4.49,0.081,1,0,False,-1,reversal,BOS,27,4,33.2,4,3,NEUTRAL,0,-1,-1,neutral_macro,False,0,0.0,0,0.0,0,11,2.01
2024-08-25_to_2024-11-25,1804,SHORT,1731602700,1731603600,2024-11-14T17:00,2572.4,5618,SUPPLY,2577.38,2581.37,0.702,67,False,True,0,0.018,2,False,2.275,2.63,0.876,1,0,False,1,reversal,CHoCH,9,5,69.6,17,3,NEUTRAL,0,-1,-1,neutral_macro,False,0,2.14,0,-0.69,1,4,0.75
2024-08-25_to_2024-11-25,1808,LONG,1731652200,1731653100,2024-11-15T06:45,2561.4,5632,DEMAND,2550.06,2554.07,1.56,63,False,True,0,0.0,1,False,3.124,-2.81,2.851,1,0,False,0,neutral,BOS,2,2,30.03,6,4,BEAR,-1,-1,-1,counter_macro,False,0,0.0,0,-3.05,0,1,1.51
2024-08-25_to_2024-11-25,1814,SHORT,1731897900,1731898800,2024-11-18T03:00,2589.25,5664,SUPPLY,2593.33,2597.21,0.781,1,False,True,0,0.173,2,False,3.956,4.39,0.821,1,0,False,1,reversal,CHoCH,6,4,70.7,3,0,NEUTRAL,0,-1,-1,neutral_macro,False,0,0.0,0,-0.46,1,3,0.64
2024-08-25_to_2024-11-25,1816,SHORT,1731898800,1731899700,2024-11-18T03:15,2589.42,5664,SUPPLY,2593.33,2597.21,0.773,2,False,True,0,0.173,3,False,3.916,3.95,0.779,2,1,False,1,reversal,CHoCH,7,4,68.01,3,0,NEUTRAL,0,-1,-1,neutral_macro,False,0,0.0,0,-0.45,1,4,0.66
2024-08-25_to_2024-11-25,1826,SHORT,1731946500,1731947400,2024-11-18T16:30,2610.24,5608,SUPPLY,2614.79,2618.54,0.91,283,False,False,1,0.059,2,False,1.342,4.74,1.104,1,0,False,1,reversal,BOS,11,3,74.35,16,0,NEUTRAL,0,-1,-1,neutral_macro,False,0,0.0,0,-0.86,1,5,0.97
2024-08-25_to_2024-11-25,1828,SHORT,1731947400,1731948300,2024-11-18T16:45,2611.51,5608,SUPPLY,2614.79,2618.54,0.94,284,False,False,2,0.0,1,False,0.464,4.34,0.822,2,1,True,1,reversal,BOS,12,3,70.99,16,0,NEUTRAL,0,-1,-1,neutral_macro,False,0,0.0,0,-1.62,1,6,1.32
2024-08-25_to_2024-11-25,1832,SHORT,1731985200,1731986100,2024-11-19T03:15,2624.11,5575,SUPPLY,2622.98,2626.91,1.368,461,False,False,1,0.623,3,False,3.944,4.94,-0.393,1,0,False,1,reversal,BOS,13,3,70.35,3,1,NEUTRAL,0,-1,1,neutral_macro,False,0,0.0,0,-0.52,0,7,3.21
2024-08-25_to_2024-11-25,1834,SHORT,1731987900,1731988800,2024-11-19T04:00,2623.42,5575,SUPPLY,2622.98,2626.91,1.233,464,False,False,1,0.659,6,False,3.555,4.3,-0.138,3,3,False,1,reversal,BOS,16,2,66.54,4,1,NEUTRAL,0,-1,-1,neutral_macro,False,0,0.0,0,-0.42,0,7,2.68
2024-08-25_to_2024-11-25,1836,SHORT,1731987900,1731988800,2024-11-19T04:00,2623.42,5575,SUPPLY,2622.98,2626.91,1.233,464,False,False,1,0.659,6,False,3.555,4.3,-0.138,3,3,False,1,reversal,BOS,16,2,66.54,4,1,NEUTRAL,0,-1,-1,neutral_macro,False,0,0.0,0,-0.42,0,7,2.68
2024-08-25_to_2024-11-25,1838,SHORT,1731989700,1731990600,2024-11-19T04:30,2624.12,5686,SUPPLY,2623.27,2625.57,0.719,0,False,True,0,0.143,1,False,0.847,4.27,-0.266,1,0,False,1,reversal,BOS,18,2,65.66,4,1,NEUTRAL,0,1,1,neutral_macro,False,0,0.0,0,0.0,0,8,2.89
2024-08-25_to_2024-11-25,1846,SHORT,1732016700,1732017600,2024-11-19T12:00,2631.28,5693,SUPPLY,2633.91,2636.55,0.669,0,False,True,0,0.201,1,False,0.157,3.42,0.667,1,0,False,0,neutral,CHoCH,9,3,68.16,12,1,NEUTRAL,0,1,-1,neutral_macro,False,0,0.0,0,0.0,1,8,0.81
2024-08-25_to_2024-11-25,1856,LONG,1732090500,1732091400,2024-11-20T08:30,2621.8,5691,DEMAND,2617.77,2619.96,0.628,92,False,False,1,0.63,2,False,2.222,-3.21,0.528,1,0,False,-1,reversal,CHoCH,5,4,25.2,8,2,BULL,1,1,1,with_macro,False,0,0.0,0,-0.23,1,4,1.94
2024-08-25_to_2024-11-25,1858,LONG,1732093200,1732094100,2024-11-20T09:15,2621.86,5711,DEMAND,2618.58,2621.95,0.963,0,False,True,0,0.0,1,False,1.14,-2.51,-0.026,1,0,False,-1,reversal,CHoCH,8,4,33.26,9,2,BULL,1,1,1,with_macro,False,0,0.0,0,0.0,1,5,1.91
2024-08-25_to_2024-11-25,1860,LONG,1732095900,1732096800,2024-11-20T10:00,2623.25,5711,DEMAND,2618.58,2621.95,1.037,3,False,True,0,0.288,3,False,1.385,-2.68,0.4,2,3,True,-1,reversal,CHoCH,11,4,34.29,10,2,BULL,1,1,-1,with_macro,True,0,0.0,0,-0.74,1,6,1.63
2024-08-25_to_2024-11-25,1876,SHORT,1732176000,1732176900,2024-11-21T08:15,2666.75,5563,SUPPLY,2664.68,2667.07,0.994,716,False,True,0,0.0,1,False,1.718,3.49,-0.861,1,0,False,1,reversal,BOS,7,2,66.13,8,3,BULL,1,1,1,counter_macro,False,0,0.0,0,-1.15,0,3,3.12
2024-08-25_to_2024-11-25,1878,SHORT,1732180500,1732181400,2024-11-21T09:30,2666.07,5560,SUPPLY,2671.38,2675.2,1.263,728,False,True,0,0.089,2,False,2.256,4.01,1.756,1,0,False,1,reversal,BOS,12,2,72.29,9,3,BULL,1,1,1,counter_macro,False,0,0.0,0,-1.15,0,4,2.26
2024-08-25_to_2024-11-25,1880,SHORT,1732184100,1732185000,2024-11-21T10:30,2668.72,5731,SUPPLY,2668.42,2671.72,0.983,1,False,True,0,0.282,2,False,1.427,3.24,-0.089,1,0,False,1,reversal,BOS,16,2,67.24,10,3,BULL,1,1,1,counter_macro,False,0,0.0,0,-0.71,0,5,0.36
2024-08-25_to_2024-11-25,1886,SHORT,1732248900,1732249800,2024-11-22T04:30,2685.08,5746,SUPPLY,2687.17,2690.51,0.949,0,False,True,0,0.0,1,False,0.764,3.86,0.594,1,0,False,1,reversal,BOS,15,5,65.42,4,4,BULL,1,1,1,counter_macro,False,0,0.0,0,-1.14,0,3,0.52
2024-08-25_to_2024-11-25,1887,SHORT,1732251600,1732252500,2024-11-22T05:15,2688.29,5746,SUPPLY,2687.17,2690.51,0.903,3,False,True,0,1.5,2,False,0.763,3.65,-0.303,2,3,True,0,neutral,BOS,18,5,66.39,5,4,BULL,1,1,1,counter_macro,False,0,0.0,0,0.47,0,4,0.95
2024-08-25_to_2024-11-25,1890,SHORT,1732253400,1732254300,2024-11-22T05:45,2686.6,5746,SUPPLY,2687.17,2690.51,0.903,5,False,True,0,1.5,4,False,0.763,2.6,0.154,3,5,True,1,reversal,BOS,20,5,59.08,5,4,BULL,1,1,-1,counter_macro,False,0,0.0,0,0.47,0,5,0.49
2024-11-25_to_2025-02-25,1220,LONG,1732509000,1732509900,2024-11-25T04:45,2672.43,4522,DEMAND,2659.14,2662.8,0.457,1,False,True,0,0.0,1,False,3.321,-3.46,1.202,1,0,False,-1,reversal,CHoCH,13,1,23.77,4,0,BULL,1,1,-1,with_macro,True,0,0.0,0,-1.39,1,4,3.49
2024-11-25_to_2025-02-25,1221,LONG,1732509000,1732509900,2024-11-25T04:45,2672.43,4496,DEMAND,2668,2670.59,0.323,19,True,True,0,1.5,6,False,3.825,-3.46,0.23,1,0,False,-1,reversal,CHoCH,13,1,23.77,4,0,BULL,1,1,-1,with_macro,True,0,0.0,0,1.1,1,4,3.49
2024-11-25_to_2025-02-25,1223,LONG,1732510800,1732511700,2024-11-25T05:15,2672.78,4496,DEMAND,2668,2670.59,0.345,21,True,False,1,0.031,1,False,2.837,-3.45,0.292,2,2,True,0,neutral,CHoCH,15,1,24.82,5,0,BULL,1,1,1,with_macro,False,0,0.0,0,-0.33,1,5,3.68
2024-11-25_to_2025-02-25,1226,LONG,1732515300,1732516200,2024-11-25T06:30,2667.4,4522,DEMAND,2659.14,2662.8,0.429,8,False,True,0,1.29,3,False,0.867,-3.71,0.539,2,7,True,-1,reversal,CHoCH,20,1,24.81,6,0,BULL,1,1,1,with_macro,False,0,0.0,0,0.12,1,6,3.87
2024-11-25_to_2025-02-25,1228,LONG,1732516200,1732517100,2024-11-25T06:45,2666.91,4522,DEMAND,2659.14,2662.8,0.429,9,False,False,1,0.0,1,False,0.663,-3.51,0.482,3,8,True,-1,reversal,CHoCH,21,1,25.95,6,0,BULL,1,1,1,with_macro,False,0,0.0,0,-0.79,1,7,3.93
2024-11-25_to_2025-02-25,1230,LONG,1732519800,1732520700,2024-11-25T07:45,2667.89,4523,DEMAND,2663.64,2667.55,0.717,9,False,True,0,1.5,9,True,1.146,-3.37,0.062,1,0,False,-1,reversal,CHoCH,25,1,26.42,7,0,BULL,1,1,-1,with_macro,True,0,0.0,0,1.02,1,8,5.97
2024-11-25_to_2025-02-25,1234,LONG,1732522500,1732523400,2024-11-25T08:30,2671.19,4523,DEMAND,2663.64,2667.55,0.734,12,False,True,0,1.5,12,True,1.173,-2.68,0.683,2,3,False,1,continuation,CHoCH,28,1,35.14,8,0,BULL,1,1,1,with_macro,False,0,0.0,0,1.04,1,10,5.49
2024-11-25_to_2025-02-25,1252,LONG,1732562100,1732563000,2024-11-25T19:30,2625.16,4536,DEMAND,2615.67,2620.07,0.911,0,False,True,0,0.045,1,False,0.412,-5.42,1.053,1,0,False,-1,reversal,BOS,7,2,29.38,19,0,NEUTRAL,1,-1,1,neutral_macro,False,0,0.0,0,0.0,0,12,2.08
2024-11-25_to_2025-02-25,1254,LONG,1732563000,1732563900,2024-11-25T19:45,2625.8,4536,DEMAND,2615.67,2620.07,0.951,1,False,True,0,0.045,2,False,0.43,-4.87,1.238,2,1,False,-1,reversal,BOS,8,2,33.67,19,0,NEUTRAL,1,-1,1,neutral_macro,False,0,0.0,0,0.0,0,13,2.03
2024-11-25_to_2025-02-25,1268,SHORT,1732694400,1732695300,2024-11-27T08:15,2647.48,4565,SUPPLY,2645.8,2648.46,0.873,0,False,True,0,0.85,1,False,1.497,3.21,-0.552,1,0,False,1,reversal,BOS,9,5,64.52,8,2,NEUTRAL,-1,1,-1,neutral_macro,False,0,2.57,0,0.0,0,5,1.45
2024-11-25_to_2025-02-25,1274,SHORT,1732789800,1732790700,2024-11-28T10:45,2647.55,4591,SUPPLY,2645.02,2647.86,0.994,0,False,True,0,1.5,1,True,2.748,2.71,-0.886,1,0,False,1,reversal,BOS,7,5,69.29,10,3,NEUTRAL,0,-1,-1,neutral_macro,False,0,3.64,0,0.61,1,3,4.32
2024-11-25_to_2025-02-25,1278,SHORT,1732793400,1732794300,2024-11-28T11:45,2646.82,4594,SUPPLY,2645.83,2649.61,1.386,0,False,True,0,0.312,1,False,0.088,2.77,-0.363,1,0,False,1,reversal,BOS,11,5,65.5,11,3,NEUTRAL,0,-1,-1,neutral_macro,False,0,3.81,0,0.0,1,5,4.25
2024-11-25_to_2025-02-25,1282,SHORT,1732850100,1732851000,2024-11-29T03:30,2659.09,4604,SUPPLY,2658.98,2662.6,0.824,0,False,True,0,0.326,1,False,3.115,3.48,-0.025,1,0,False,0,neutral,BOS,3,5,67.89,3,4,NEUTRAL,0,-1,-1,neutral_macro,False,0,5.32,0,-0.56,1,2,3.23
2024-11-25_to_2025-02-25,1284,SHORT,1732854600,1732855500,2024-11-29T04:45,2659.88,4604,SUPPLY,2658.98,2662.6,0.847,5,False,True,0,1.47,6,False,3.202,4.06,-0.21,3,5,False,1,reversal,BOS,8,4,70.58,4,4,NEUTRAL,0,1,1,neutral_macro,False,0,5.87,0,0.4,1,4,0.37
2024-11-25_to_2025-02-25,1286,SHORT,1732854600,1732855500,2024-11-29T04:45,2659.88,4604,SUPPLY,2658.98,2662.6,0.847,5,False,True,0,1.47,6,False,3.202,4.06,-0.21,3,5,False,1,reversal,BOS,8,4,70.58,4,4,NEUTRAL,0,1,1,neutral_macro,False,0,5.87,0,0.4,1,4,0.37
2024-11-25_to_2025-02-25,1288,SHORT,1732856400,1732857300,2024-11-29T05:15,2662.37,4604,SUPPLY,2658.98,2662.6,0.912,7,False,True,0,1.47,8,True,3.448,3.75,-0.854,4,7,False,1,reversal,BOS,10,4,70.61,5,4,NEUTRAL,0,1,1,neutral_macro,False,0,6.32,0,0.43,1,5,1.03
2024-11-25_to_2025-02-25,1296,LONG,1733101200,1733102100,2024-12-02T01:15,2627.28,4588,DEMAND,2630.02,2631.93,0.431,145,False,False,1,1.058,3,False,3.796,-3.61,-1.05,1,0,False,-1,reversal,BOS,10,2,29.1,1,0,NEUTRAL,1,-1,1,neutral_macro,False,0,0.0,0,0.02,0,2,2.69
2024-11-25_to_2025-02-25,1300,LONG,1733110200,1733111100,2024-12-02T03:45,2629.42,4616,DEMAND,2622.85,2626.4,0.555,5,False,True,0,0.651,4,False,1.677,-3.47,0.472,1,0,False,0,neutral,BOS,20,2,34.25,3,0,NEUTRAL,1,-1,1,neutral_macro,False,0,0.0,0,-0.19,0,4,0.94
2024-11-25_to_2025-02-25,1306,LONG,1733421600,1733422500,2024-12-05T18:15,2624.95,4620,DEMAND,2621.59,2625.34,0.672,323,False,False,2,0.424,4,False,1.37,-3.08,-0.07,1,0,False,-1,reversal,BOS,3,5,33.19,18,3,BEAR,-1,-1,1,counter_macro,False,0,3.85,0,-0.39,1,1,2.56
2024-11-25_to_2025-02-25,1308,LONG,1733448600,1733449500,2024-12-06T01:45,2617.61,4547,DEMAND,2610.77,2614.15,1.057,688,False,False,2,0.0,1,False,3.726,-4.39,1.082,1,0,False,0,neutral,BOS,1,3,28.73,1,4,BEAR,-1,-1,1,counter_macro,False,0,10.05,0,-2.32,0,2,4.71
2024-11-25_to_2025-02-25,1315,SHORT,1733462100,1733463000,2024-12-06T05:30,2636.9,4691,SUPPLY,2641.26,2644.48,0.893,0,False,True,0,0.373,1,False,1.578,2.34,1.209,1,0,False,0,neutral,CHoCH,7,3,67.16,5,4,BEAR,-1,-1,-1,with_macro,False,0,0.0,0,0.0,1,6,0.47
2024-11-25_to_2025-02-25,1318,SHORT,1733463000,1733463900,2024-12-06T05:45,2637.96,4691,SUPPLY,2641.26,2644.48,0.877,1,False,True,0,0.463,2,False,1.55,2.35,0.899,2,1,False,0,neutral,CHoCH,8,3,66.71,5,4,BEAR,-1,-1,-1,with_macro,False,0,0.0,0,0.0,1,7,0.75
2024-11-25_to_2025-02-25,1326,SHORT,1733743800,1733744700,2024-12-09T11:45,2656.29,4613,SUPPLY,2659.53,2662.31,0.914,519,False,False,1,0.331,2,False,1.006,3.32,1.066,1,0,False,1,reversal,BOS,14,6,66.05,11,0,NEUTRAL,0,1,1,neutral_macro,False,0,0.0,0,-0.61,1,4,2.36
2024-11-25_to_2025-02-25,1334,SHORT,1733805000,1733805900,2024-12-10T04:45,2670.34,4719,SUPPLY,2672.88,2676.42,0.994,45,False,True,0,0.271,3,False,1.106,2.59,0.713,1,0,False,1,reversal,BOS,55,0,66.3,4,1,BULL,1,1,-1,counter_macro,False,0,0.0,0,-0.72,0,3,0.47
2024-11-25_to_2025-02-25,1344,SHORT,1733845500,1733846400,2024-12-10T16:00,2689.38,4733,SUPPLY,2688.33,2691.73,0.814,0,False,True,0,0.306,1,False,1.693,3.17,-0.251,1,0,False,1,reversal,BOS,7,5,65.51,16,1,BULL,1,1,-1,counter_macro,False,0,0.0,0,0.0,1,6,3.32
2024-11-25_to_2025-02-25,1346,SHORT,1733848200,1733849100,2024-12-10T16:45,2692.37,4733,SUPPLY,2688.33,2691.73,0.79,3,False,True,0,1.032,4,False,1.643,3.1,-0.939,2,3,False,1,reversal,BOS,10,5,65.33,16,1,BULL,1,1,-1,counter_macro,False,0,0.0,0,0.03,1,7,1.01
2024-11-25_to_2025-02-25,1376,LONG,1734020100,1734021000,2024-12-12T16:30,2682.04,4746,DEMAND,2675.32,2678.62,0.455,133,False,True,0,1.112,4,True,4.084,-3.67,0.472,1,0,False,-1,reversal,BOS,13,1,33.54,16,3,BULL,1,1,1,with_macro,False,0,0.0,0,0.05,0,4,1.35
2024-11-25_to_2025-02-25,1384,LONG,1734099300,1734100200,2024-12-13T14:30,2657.73,4730,DEMAND,2656.5,2659.54,0.75,284,False,True,0,0.227,1,False,2.08,-3.24,-0.447,1,0,False,0,neutral,BOS,1,6,33.55,14,4,BEAR,-1,-1,-1,counter_macro,False,0,6.46,0,-0.58,1,4,2.9
2024-11-25_to_2025-02-25,1386,LONG,1734102000,1734102900,2024-12-13T15:15,2654.94,4730,DEMAND,2656.5,2659.54,0.693,287,False,True,0,0.757,4,True,1.921,-3.51,-1.048,2,3,False,0,neutral,BOS,4,6,32.94,15,4,BEAR,-1,-1,1,counter_macro,False,0,6.34,0,-0.17,1,5,3.32
2024-11-25_to_2025-02-25,1390,LONG,1734125400,1734126300,2024-12-13T21:45,2648.46,4713,DEMAND,2646.02,2649.11,1.203,416,False,True,0,0.994,5,False,1.281,-4.11,-0.253,1,0,False,-1,reversal,BOS,11,3,33.96,21,4,BEAR,-1,-1,1,counter_macro,False,0,15.18,0,-0.01,0,7,0.46
2024-11-25_to_2025-02-25,1394,LONG,1734429600,1734430500,2024-12-17T10:15,2642.23,4711,DEMAND,2634.72,2637.53,0.709,569,False,False,1,0.0,1,False,2.592,-3.23,1.186,1,0,False,0,neutral,BOS,4,6,29.08,10,1,NEUTRAL,0,-1,1,neutral_macro,False,0,3.35,0,-1.0,1,1,0.45
2024-11-25_to_2025-02-25,1398,LONG,1734434100,1734435000,2024-12-17T11:30,2639.81,4711,DEMAND,2634.72,2637.53,0.732,574,False,False,1,0.573,2,False,1.355,-3.09,0.594,2,5,True,-1,reversal,BOS,9,6,32.56,11,1,NEUTRAL,0,-1,-1,neutral_macro,False,0,4.03,0,-0.31,1,3,0.22
2024-11-25_to_2025-02-25,1400,LONG,1734435000,1734435900,2024-12-17T11:45,2642.15,4711,DEMAND,2634.72,2637.53,0.755,575,False,False,2,0.0,1,False,0.18,-3.03,1.241,3,6,True,-1,reversal,BOS,10,6,32.99,11,1,NEUTRAL,0,-1,1,neutral_macro,False,0,4.16,0,-1.1,1,4,0.51
2024-11-25_to_2025-02-25,1404,LONG,1734533100,1734534000,2024-12-18T15:00,2636.8,4838,DEMAND,2636.68,2639.89,1.154,81,False,True,0,0.869,3,True,2.981,-2.62,-1.111,1,0,False,-1,reversal,BOS,7,3,30.31,15,2,BEAR,-1,-1,-1,counter_macro,False,0,0.0,0,-0.15,0,1,0.87
2024-11-25_to_2025-02-25,1406,LONG,1734536700,1734537600,2024-12-18T16:00,2638.74,4836,DEMAND,2632.91,2636.04,1.02,95,False,False,2,0.051,1,False,1.893,-2.78,0.879,1,0,False,-1,reversal,BOS,11,3,28.95,16,2,BEAR,-1,-1,1,counter_macro,False,0,0.0,0,-0.97,0,2,0.16
2024-11-25_to_2025-02-25,1408,LONG,1734537600,1734538500,2024-12-18T16:15,2637.8,4858,DEMAND,2633.8,2636.71,0.926,0,False,True,0,0.258,1,False,0.828,-2.25,0.347,1,0,False,-1,reversal,BOS,12,3,34.51,16,2,BEAR,-1,-1,1,counter_macro,False,0,0.0,0,0.0,0,3,0.45
2024-11-25_to_2025-02-25,1410,LONG,1734542100,1734543000,2024-12-18T17:30,2637.43,4858,DEMAND,2633.8,2636.71,0.949,5,False,False,1,1.258,4,True,1.363,-2.64,0.235,2,5,True,-1,reversal,BOS,17,2,32.56,17,2,BEAR,-1,-1,1,counter_macro,False,0,0.0,0,0.24,0,4,0.58
2024-11-25_to_2025-02-25,1412,LONG,1734550200,1734551100,2024-12-18T19:45,2604.54,4714,DEMAND,2613.09,2616.59,0.71,680,False,True,0,0.66,3,False,3.842,-4.75,-2.445,1,0,False,-1,reversal,BOS,0,4,25.66,19,2,BEAR,-1,-1,-1,counter_macro,False,0,0.0,0,-0.24,0,5,6.61
2024-11-25_to_2025-02-25,1436,LONG,1734625800,1734626700,2024-12-19T16:45,2591.82,4877,DEMAND,2586.83,2590.29,0.667,0,False,True,0,0.0,1,False,0.247,-3.11,0.295,1,0,False,-1,reversal,CHoCH,15,4,31.97,16,3,BEAR,-1,-1,1,counter_macro,False,0,0.0,0,0.0,1,5,5.99
2024-11-25_to_2025-02-25,1450,SHORT,1734724800,1734725700,2024-12-20T20:15,2626.72,4897,SUPPLY,2628.64,2631.98,1.334,12,False,True,0,0.222,3,False,0.847,3.71,0.767,1,0,False,1,reversal,CHoCH,17,4,66.16,20,4,NEUTRAL,0,-1,-1,neutral_macro,False,0,0.0,0,-1.04,1,7,0.15
2024-11-25_to_2025-02-25,1452,SHORT,1734937200,1734938100,2024-12-23T07:15,2630.71,4903,SUPPLY,2633.25,2636.64,1.439,28,False,True,0,0.029,1,False,2.747,3.0,1.078,1,0,False,1,reversal,CHoCH,6,2,68.85,7,0,NEUTRAL,0,-1,1,neutral_macro,False,0,0.0,0,-1.4,1,1,1.4
2024-11-25_to_2025-02-25,1464,SHORT,1735185600,1735186500,2024-12-26T04:15,2627.27,4941,SUPPLY,2627.43,2629.07,0.779,0,False,True,0,0.0,1,False,0.152,3.07,0.076,1,0,False,1,reversal,BOS,12,4,65.18,4,3,NEUTRAL,0,-1,-1,neutral_macro,False,0,0.0,0,0.0,1,4,2.57
2024-11-25_to_2025-02-25,1468,LONG,1735310700,1735311600,2024-12-27T15:00,2615.23,4935,DEMAND,2610.04,2612.91,0.757,166,False,False,1,0.418,2,False,2.962,-3.27,0.612,1,0,False,0,neutral,CHoCH,5,4,28.4,15,4,NEUTRAL,1,-1,-1,neutral_macro,False,0,0.0,0,-0.44,1,2,1.63
2024-11-25_to_2025-02-25,1470,LONG,1735314300,1735315200,2024-12-27T16:00,2616.71,4970,DEMAND,2611.71,2614.25,0.603,1,False,True,0,0.535,2,False,0.958,-2.41,0.584,1,0,False,-1,reversal,CHoCH,9,4,34.76,16,4,NEUTRAL,1,-1,-1,neutral_macro,False,0,0.0,0,-0.28,1,3,1.12
2024-11-25_to_2025-02-25,1478,SHORT,1735661700,1735662600,2024-12-31T16:30,2625.97,4981,SUPPLY,2626.73,2628.08,0.295,139,False,True,0,0.0,1,False,2.587,3.3,0.166,1,0,False,1,reversal,BOS,4,4,72.62,16,1,NEUTRAL,0,1,1,neutral_macro,False,0,2.3,0,-0.59,0,2,0.07
2024-11-25_to_2025-02-25,1482,SHORT,1735664400,1735665300,2024-12-31T17:15,2625.49,4981,SUPPLY,2626.73,2628.08,0.344,142,False,True,0,0.326,3,False,2.971,3.1,0.316,2,3,True,1,reversal,BOS,7,4,69.41,17,1,NEUTRAL,0,1,1,neutral_macro,False,0,2.81,0,-0.23,0,4,0.92
2024-11-25_to_2025-02-25,1488,SHORT,1735785900,1735786800,2025-01-02T03:00,2633.05,4966,SUPPLY,2635.71,2638.24,0.863,245,False,True,0,0.328,3,False,3.137,3.69,0.907,1,0,False,1,reversal,CHoCH,6,6,65.49,3,3,NEUTRAL,0,1,-1,neutral_macro,False,0,0.0,0,-0.58,1,2,2.2
2024-11-25_to_2025-02-25,1500,LONG,1735939800,1735940700,2025-01-03T21:45,2639.44,5019,DEMAND,2636.04,2638.77,1.592,121,False,True,0,0.777,7,False,0.583,-3.63,0.391,1,0,False,0,neutral,BOS,3,3,31.8,21,4,BULL,1,1,1,with_macro,False,0,0.0,0,-0.36,0,1,0.7
2024-11-25_to_2025-02-25,1510,LONG,1736150400,1736151300,2025-01-06T08:15,2629.84,5006,DEMAND,2623.89,2626.61,1.013,208,False,True,0,0.548,3,False,2.681,-4.31,1.203,1,0,False,-1,reversal,CHoCH,15,3,25.57,8,0,NEUTRAL,1,-1,1,neutral_macro,False,0,0.0,0,-0.46,1,5,1.26
2024-11-25_to_2025-02-25,1512,LONG,1736151300,1736152200,2025-01-06T08:30,2627.99,5006,DEMAND,2623.89,2626.61,1.023,209,False,True,0,0.548,4,False,2.708,-3.71,0.519,2,1,False,-1,reversal,CHoCH,16,3,30.45,8,0,NEUTRAL,1,-1,1,neutral_macro,False,0,0.0,0,-0.46,1,6,0.38
2024-11-25_to_2025-02-25,1514,SHORT,1736164800,1736165700,2025-01-06T12:15,2642.44,5041,SUPPLY,2649.91,2652.68,0.729,78,False,True,0,0.0,1,False,3.286,2.45,1.967,1,0,False,1,reversal,CHoCH,3,3,66.54,12,0,BULL,1,1,-1,counter_macro,False,0,0.0,0,-1.49,1,7,1.07
2024-11-25_to_2025-02-25,1516,SHORT,1736232300,1736233200,2025-01-07T07:00,2639.96,5063,SUPPLY,2646.05,2648.91,1.166,62,False,False,1,0.0,1,False,0.832,2.23,2.483,1,0,False,0,neutral,EQL,4,4,66.04,7,1,NEUTRAL,-1,1,-1,neutral_macro,False,0,0.0,0,-2.06,1,1,0.16
2024-11-25_to_2025-02-25,1518,SHORT,1736252100,1736253000,2025-01-07T12:30,2649.73,5041,SUPPLY,2649.91,2652.68,1.08,171,False,True,0,0.498,2,False,2.023,2.67,0.07,2,93,True,1,reversal,BOS,3,5,67.26,12,1,NEUTRAL,-1,1,1,neutral_macro,False,0,0.0,0,-0.54,0,2,0.56
2024-11-25_to_2025-02-25,1522,SHORT,1736259300,1736260200,2025-01-07T14:30,2661.41,5034,SUPPLY,2662.92,2665.12,0.557,211,False,False,1,0.0,1,False,3.067,3.87,0.382,1,0,False,1,reversal,BOS,11,3,71.27,14,1,NEUTRAL,-1,1,-1,neutral_macro,False,0,0.0,0,-1.09,0,4,2.04
2024-11-25_to_2025-02-25,1523,SHORT,1736262000,1736262900,2025-01-07T15:15,2651.26,5082,SUPPLY,2661.33,2664.26,0.588,1,False,True,0,0.106,2,False,1.352,0.27,2.019,1,0,False,0,neutral,BOS,14,3,45.49,15,1,NEUTRAL,-1,1,-1,neutral_macro,False,0,0.0,0,-0.24,0,5,0.6
2024-11-25_to_2025-02-25,1526,SHORT,1736352000,1736352900,2025-01-08T16:15,2666.42,5103,SUPPLY,2664.8,2667.61,0.617,2,False,True,0,1.085,3,True,1.918,2.98,-0.355,1,0,False,1,reversal,BOS,9,7,67.6,16,2,BULL,1,1,-1,counter_macro,False,0,2.79,0,0.05,1,1,0.19
2024-11-25_to_2025-02-25,1528,SHORT,1736352900,1736353800,2025-01-08T16:30,2667.12,5103,SUPPLY,2664.8,2667.61,0.607,3,False,True,0,1.085,4,True,1.889,2.58,-0.501,2,1,False,1,reversal,EQH,0,8,64.87,16,2,BULL,1,1,-1,counter_macro,False,0,0.0,0,0.05,1,2,0.34
2024-11-25_to_2025-02-25,1532,SHORT,1736406900,1736407800,2025-01-09T07:30,2664.98,5107,SUPPLY,2667.03,2669.96,1.318,50,False,True,0,0.0,1,False,2.812,2.56,0.922,1,0,False,1,reversal,CHoCH,2,2,64.69,7,3,BULL,1,1,-1,counter_macro,False,0,-0.4,0,-1.7,1,1,3.51
2024-11-25_to_2025-02-25,1541,LONG,1736775000,1736775900,2025-01-13T13:45,2669.18,5163,DEMAND,2664.3,2667.4,0.719,0,False,True,0,1.223,1,True,2.803,-3.2,0.413,1,0,False,-1,reversal,BOS,13,3,28.58,13,0,BULL,1,1,-1,with_macro,True,0,0.0,0,0.16,0,3,1.32
2024-11-25_to_2025-02-25,1550,SHORT,1736935200,1736936100,2025-01-15T10:15,2685.38,5161,SUPPLY,2686.6,2689.66,1.253,185,False,False,1,0.608,3,False,2.043,3.32,0.499,1,0,False,0,neutral,BOS,16,2,66.38,10,2,NEUTRAL,0,1,-1,neutral_macro,False,0,0.0,0,-0.49,0,3,0.14
2024-11-25_to_2025-02-25,1552,SHORT,1736936100,1736937000,2025-01-15T10:30,2686.58,5161,SUPPLY,2686.6,2689.66,1.279,186,False,False,1,0.608,4,False,2.085,3.18,0.008,2,1,False,0,neutral,BOS,17,2,65.71,10,2,NEUTRAL,0,1,-1,neutral_macro,False,0,0.0,0,-0.5,0,4,0.48
2024-11-25_to_2025-02-25,1573,LONG,1737330300,1737331200,2025-01-20T00:00,2696.07,5227,DEMAND,2689.8,2692.71,0.893,154,False,True,0,0.536,3,False,3.193,-3.24,1.032,1,0,False,-1,reversal,CHoCH,10,3,34.44,0,0,BULL,1,1,1,with_macro,False,0,0.0,0,-0.41,0,1,0.38
2024-11-25_to_2025-02-25,1576,LONG,1737333900,1737334800,2025-01-20T01:00,2689.96,5265,DEMAND,2691.15,2693.96,0.882,2,False,True,0,0.498,3,False,2.519,-3.59,-1.256,1,0,False,-1,reversal,CHoCH,14,3,32.37,1,0,NEUTRAL,0,1,1,neutral_macro,False,0,0.0,0,-0.44,0,2,0.27
2024-11-25_to_2025-02-25,1578,LONG,1737334800,1737335700,2025-01-20T01:15,2693,5265,DEMAND,2691.15,2693.96,0.831,3,False,True,0,1.5,4,True,2.371,-3.41,-0.284,2,1,False,-1,reversal,CHoCH,15,3,33.2,1,0,NEUTRAL,0,1,1,neutral_macro,False,0,0.0,0,0.53,0,3,0.1
2024-11-25_to_2025-02-25,1590,SHORT,1737439200,1737440100,2025-01-21T06:15,2726.13,5288,SUPPLY,2727.38,2729.11,0.639,0,False,True,0,0.0,1,False,0.484,3.2,0.462,1,0,False,1,reversal,BOS,17,2,65.14,6,1,NEUTRAL,0,1,-1,neutral_macro,False,0,0.0,0,-0.77,1,6,5.13
2024-11-25_to_2025-02-25,1618,LONG,1737626400,1737627300,2025-01-23T10:15,2747.06,5307,DEMAND,2741.89,2744.03,0.773,130,False,False,1,1.449,4,False,3.336,0.73,1.095,1,0,False,-1,reversal,CHoCH,2,5,52.07,10,3,BULL,1,1,1,with_macro,False,0,5.02,0,0.35,1,2,2.11
2024-11-25_to_2025-02-25,1620,LONG,1737639000,1737639900,2025-01-23T13:45,2741.57,5300,DEMAND,2734.58,2737.61,0.735,173,False,True,0,0.617,2,False,3.111,0.5,0.96,1,0,False,-1,reversal,BOS,1,4,49.64,13,3,BULL,1,1,-1,with_macro,True,0,4.63,0,-0.28,1,3,1.01
2024-11-25_to_2025-02-25,1622,SHORT,1737680400,1737681300,2025-01-24T01:15,2759.7,5342,SUPPLY,2760.47,2763.41,1.631,58,False,True,0,0.554,2,False,2.884,0.22,0.427,1,0,False,-1,continuation,BOS,5,5,53.7,1,4,BULL,1,1,1,counter_macro,False,0,0.0,0,-0.73,1,2,2.71
2024-11-25_to_2025-02-25,1628,SHORT,1737691200,1737692100,2025-01-24T04:15,2772.16,5354,SUPPLY,2774.43,2777.39,0.899,0,False,True,0,0.0,1,False,1.245,-3.71,0.689,1,0,False,1,reversal,BOS,7,5,23.67,4,4,BULL,1,1,1,counter_macro,False,0,0.0,0,-1.17,0,4,3.23
2024-11-25_to_2025-02-25,1632,SHORT,1737693900,1737694800,2025-01-24T05:00,2773.85,5354,SUPPLY,2774.43,2777.39,0.878,3,False,True,0,0.179,2,False,0.243,-1.93,0.172,2,3,True,0,neutral,BOS,10,5,38.47,5,4,BULL,1,1,1,counter_macro,False,0,0.0,0,-0.72,0,6,3.65
2024-11-25_to_2025-02-25,1644,LONG,1737947700,1737948600,2025-01-27T03:30,2761.27,5378,DEMAND,2753.81,2756.71,0.813,0,False,True,0,0.0,1,False,2.159,-2.3,1.279,1,0,False,0,neutral,BOS,6,5,37.94,3,0,BULL,1,1,1,with_macro,False,0,0.0,0,0.0,0,1,2.36
2024-11-25_to_2025-02-25,1652,LONG,1737995400,1737996300,2025-01-27T16:45,2734.51,5346,DEMAND,2735.74,2738.5,0.489,192,False,True,0,0.065,3,False,2.517,-3.31,-0.707,1,0,False,-1,reversal,CHoCH,5,3,30.75,16,0,BULL,1,1,-1,with_macro,True,0,0.0,0,-0.46,1,4,1.99
2024-11-25_to_2025-02-25,1656,LONG,1738000800,1738001700,2025-01-27T18:15,2736.74,5389,DEMAND,2730.31,2733.27,0.626,0,False,True,0,0.047,1,False,1.26,-4.01,0.734,1,0,False,-1,reversal,CHoCH,4,4,30.67,18,0,BULL,1,1,-1,with_macro,True,0,0.0,0,-0.6,1,6,1.9
2024-11-25_to_2025-02-25,1658,LONG,1738001700,1738002600,2025-01-27T18:30,2737.07,5389,DEMAND,2730.31,2733.27,0.65,1,False,True,0,0.047,2,False,1.308,-3.72,0.834,2,1,False,-1,reversal,CHoCH,5,4,33.01,18,0,BULL,1,1,-1,with_macro,True,0,0.0,0,-0.62,1,7,1.9
2024-11-25_to_2025-02-25,1682,SHORT,1738198800,1738199700,2025-01-30T01:15,2760.69,5418,SUPPLY,2762.07,2764.38,1.33,53,False,True,0,0.26,3,False,2.839,1.93,0.795,1,0,False,1,reversal,BOS,8,6,65.31,1,3,NEUTRAL,0,1,1,neutral_macro,False,0,0.0,0,-0.98,1,1,0.09
2024-11-25_to_2025-02-25,1688,SHORT,1738230300,1738231200,2025-01-30T10:00,2776.56,5437,SUPPLY,2773.83,2776.5,0.87,0,False,True,0,0.708,1,False,1.7,4.3,-0.889,1,0,False,0,neutral,BOS,10,4,77.1,10,3,NEUTRAL,0,1,-1,neutral_macro,False,0,0.0,0,0.0,0,4,5.21
2024-11-25_to_2025-02-25,1690,SHORT,1738231200,1738232100,2025-01-30T10:15,2777.92,5437,SUPPLY,2773.83,2776.5,0.848,1,False,True,0,1.097,2,True,1.658,3.87,-1.299,2,1,False,0,neutral,BOS,11,4,73.31,10,3,NEUTRAL,0,1,-1,neutral_macro,False,0,0.0,0,0.08,0,5,5.51
2024-11-25_to_2025-02-25,1712,SHORT,1738260900,1738261800,2025-01-30T18:30,2794.73,5443,SUPPLY,2795.69,2798.32,0.691,5,False,True,0,0.548,3,False,0.042,3.61,0.252,1,0,False,1,reversal,BOS,44,2,65.06,18,3,NEUTRAL,0,1,1,neutral_macro,False,0,0.0,0,-0.31,0,15,0.83
2024-11-25_to_2025-02-25,1730,SHORT,1738588500,1738589400,2025-02-03T13:30,2808.51,5471,SUPPLY,2810.77,2813.7,0.838,55,False,True,0,0.386,3,False,3.521,3.93,0.647,1,0,False,0,neutral,BOS,8,3,73.37,13,0,NEUTRAL,0,1,-1,neutral_macro,False,0,0.0,0,-0.51,1,6,3.46
2024-11-25_to_2025-02-25,1732,SHORT,1738590300,1738591200,2025-02-03T14:00,2814.42,5471,SUPPLY,2810.77,2813.7,0.827,57,False,True,0,0.386,5,False,3.474,3.47,-1.03,2,2,False,0,neutral,BOS,10,3,68.58,14,0,NEUTRAL,0,1,-1,neutral_macro,False,0,0.0,0,-0.51,1,7,5.08
2024-11-25_to_2025-02-25,1746,SHORT,1738691100,1738692000,2025-02-04T18:00,2844.28,5502,SUPPLY,2841.95,2845.4,0.75,5,False,True,0,0.814,6,True,0.365,3.35,-0.507,1,0,False,0,neutral,BOS,17,3,66.1,18,1,BULL,1,1,1,counter_macro,False,0,0.0,0,-0.14,1,4,1.77
2024-11-25_to_2025-02-25,1768,LONG,1738826100,1738827000,2025-02-06T07:30,2858.26,5519,DEMAND,2854.88,2858.3,1.201,89,False,False,1,0.0,1,False,2.7,-2.43,-0.014,1,0,False,0,neutral,CHoCH,1,3,31.39,7,3,BULL,1,1,1,with_macro,False,0,0.0,0,-1.51,1,1,3.81
2024-11-25_to_2025-02-25,1770,LONG,1738854900,1738855800,2025-02-06T15:30,2848.89,5503,DEMAND,2832.7,2836.14,0.649,177,False,True,0,0.634,2,False,3.454,-3.44,2.405,1,0,False,1,continuation,BOS,1,2,27.71,15,3,BULL,1,1,1,with_macro,False,0,0.0,0,-0.24,1,2,3.43
2024-11-25_to_2025-02-25,1772,LONG,1738855800,1738856700,2025-02-06T15:45,2850.62,5512,DEMAND,2839.65,2843.04,0.616,143,False,False,1,0.0,1,False,2.011,-3.11,1.377,1,0,False,0,neutral,BOS,2,2,30.14,15,3,BULL,1,1,1,with_macro,False,0,0.0,0,-0.77,1,3,2.99
2024-11-25_to_2025-02-25,1774,SHORT,1738896300,1738897200,2025-02-07T03:00,2868.14,5543,SUPPLY,2867.06,2870.31,1.391,43,False,True,0,0.634,5,True,3.42,3.75,-0.462,1,0,False,1,reversal,BOS,13,4,74.32,3,4,BULL,1,1,-1,counter_macro,False,0,5.15,0,-0.51,1,3,3.48
2024-11-25_to_2025-02-25,1778,SHORT,1738899000,1738899900,2025-02-07T03:45,2867.33,5543,SUPPLY,2867.06,2870.31,1.353,46,False,True,0,1.025,8,True,3.327,3.36,-0.112,2,3,False,1,reversal,BOS,16,4,70.11,3,4,BULL,1,1,-1,counter_macro,False,0,5.54,0,0.03,1,5,3.04
2024-11-25_to_2025-02-25,1780,SHORT,1738900800,1738901700,2025-02-07T04:15,2868.39,5551,SUPPLY,2867.74,2870.39,1.039,0,False,True,0,0.283,1,False,0.49,2.99,-0.255,1,0,False,1,reversal,BOS,18,4,66.52,4,4,BULL,1,1,-1,counter_macro,False,0,5.21,0,0.0,1,5,3.28
2024-11-25_to_2025-02-25,1802,SHORT,1739186100,1739187000,2025-02-10T11:30,2904.12,5576,SUPPLY,2902.71,2906.21,1.013,1,False,True,0,0.643,2,False,0.067,4.57,-0.408,1,0,False,1,reversal,BOS,17,6,69.37,11,0,BULL,1,1,1,counter_macro,False,0,0.0,0,-0.36,0,9,7.17
2024-11-25_to_2025-02-25,1834,LONG,1739541600,1739542500,2025-02-14T14:15,2926.69,5643,DEMAND,2914.27,2918.26,0.848,70,False,True,0,1.04,3,False,3.432,-2.31,1.793,1,0,False,0,neutral,CHoCH,5,5,32.32,14,4,NEUTRAL,0,1,-1,neutral_macro,False,0,0.0,0,0.03,1,1,2.15
2024-11-25_to_2025-02-25,1838,LONG,1739552400,1739553300,2025-02-14T17:15,2893.25,5625,DEMAND,2886.78,2890.95,0.521,188,False,True,0,0.64,2,False,3.11,-3.88,0.287,1,0,False,-1,reversal,CHoCH,6,5,28.72,17,4,NEUTRAL,0,1,1,neutral_macro,False,0,0.0,0,-0.19,1,3,1.97
2024-11-25_to_2025-02-25,1858,SHORT,1739860200,1739861100,2025-02-18T06:45,2913.6,5691,SUPPLY,2912.36,2915.6,1.167,0,False,True,0,0.198,1,False,0.738,2.56,-0.447,1,0,False,1,reversal,CHoCH,13,6,62.69,6,1,NEUTRAL,-1,1,1,neutral_macro,False,0,5.54,0,0.0,1,5,6.02
2024-11-25_to_2025-02-25,1862,SHORT,1739892600,1739893500,2025-02-18T15:45,2927.24,5660,SUPPLY,2929.51,2933.17,0.904,179,False,False,1,0.0,1,False,1.848,3.62,0.561,1,0,False,1,reversal,BOS,14,4,68.47,15,1,NEUTRAL,0,1,-1,neutral_macro,False,0,3.97,0,-1.13,0,7,4.07
2024-11-25_to_2025-02-25,1864,SHORT,1739894400,1739895300,2025-02-18T16:15,2927.95,5699,SUPPLY,2925.96,2929.54,0.875,0,False,True,0,0.668,1,True,2.046,3.49,-0.487,1,0,False,1,reversal,BOS,16,3,68.79,16,1,NEUTRAL,0,1,1,neutral_macro,False,0,3.93,0,0.0,0,8,4.2
2024-11-25_to_2025-02-25,1870,SHORT,1739900700,1739901600,2025-02-18T18:00,2929.99,5700,SUPPLY,2930.41,2933.76,1.01,0,False,True,0,0.391,1,False,1.215,3.88,0.127,1,0,False,1,reversal,BOS,4,4,69.7,18,1,NEUTRAL,0,1,-1,neutral_macro,False,0,6.11,0,0.0,0,9,5.8
2024-11-25_to_2025-02-25,1872,SHORT,1739902500,1739903400,2025-02-18T18:30,2931.84,5700,SUPPLY,2930.41,2933.76,1.09,2,False,True,0,0.493,3,False,1.311,3.43,-0.465,2,2,False,1,reversal,BOS,6,4,65.2,18,1,NEUTRAL,0,1,-1,neutral_macro,False,0,6.6,0,0.0,0,9,6.86
2024-11-25_to_2025-02-25,1876,SHORT,1739910600,1739911500,2025-02-18T20:45,2933.39,5658,SUPPLY,2936.82,2939.94,1.588,211,False,False,1,0.0,1,False,1.028,4.38,1.746,1,0,False,1,reversal,BOS,3,4,67.0,20,1,NEUTRAL,0,1,-1,neutral_macro,False,0,11.96,0,-2.49,0,8,1.37
2024-11-25_to_2025-02-25,1880,SHORT,1739962800,1739963700,2025-02-19T11:15,2943.55,5714,SUPPLY,2943.63,2946.97,1.126,0,False,True,0,0.734,1,False,1.308,3.44,0.027,1,0,False,1,reversal,BOS,11,6,66.64,11,2,NEUTRAL,0,1,1,neutral_macro,False,0,3.77,0,0.0,1,2,3.31
2024-11-25_to_2025-02-25,1884,SHORT,1740022200,1740023100,2025-02-20T03:45,2941.78,5720,SUPPLY,2943.58,2946.97,1.133,42,False,True,0,0.133,3,False,0.969,2.54,0.602,1,0,False,1,reversal,BOS,1,3,65.11,3,3,BULL,1,1,1,counter_macro,False,0,2.76,0,-0.98,1,2,1.51
2025-02-25_to_2025-05-25,1262,LONG,1740457800,1740458700,2025-02-25T04:45,2936.8,4588,DEMAND,2930.64,2934.29,1.104,19,True,True,0,0.0,1,False,3.903,-2.97,0.759,1,0,False,-1,reversal,BOS,4,5,28.86,4,1,BULL,1,1,-1,with_macro,True,0,4.09,0,-1.87,1,1,3.84
2025-02-25_to_2025-05-25,1264,LONG,1740458700,1740459600,2025-02-25T05:00,2939.1,4584,DEMAND,2934.76,2938.44,1.133,20,True,True,0,0.986,5,True,3.068,-2.8,0.203,1,0,False,-1,reversal,BOS,5,5,30.37,5,1,BULL,1,1,1,with_macro,False,0,4.17,0,-0.02,1,2,3.21
2025-02-25_to_2025-05-25,1266,LONG,1740466800,1740467700,2025-02-25T07:15,2937.79,4588,DEMAND,2930.64,2934.29,1.169,29,True,True,0,0.277,3,False,0.692,-2.67,1.121,2,10,True,-1,reversal,BOS,14,5,31.84,7,1,BULL,1,1,-1,with_macro,True,0,4.82,0,-0.85,1,3,0.25
2025-02-25_to_2025-05-25,1272,LONG,1740502800,1740503700,2025-02-25T17:15,2900.33,4609,DEMAND,2887.94,2891.53,0.438,0,False,True,0,0.0,1,False,3.93,-4.59,1.074,1,0,False,0,neutral,CHoCH,6,8,24.3,17,1,NEUTRAL,1,-1,1,neutral_macro,False,0,5.99,0,-0.29,1,6,4.99
2025-02-25_to_2025-05-25,1278,LONG,1740581100,1740582000,2025-02-26T15:00,2905.43,4609,DEMAND,2887.94,2891.53,0.713,83,False,True,0,0.214,2,False,3.565,-4.03,2.759,2,83,True,-1,reversal,BOS,4,3,24.97,15,2,BEAR,-1,-1,-1,counter_macro,False,0,0.0,0,-0.56,1,1,1.61
2025-02-25_to_2025-05-25,1284,LONG,1740637800,1740638700,2025-02-27T06:45,2894.27,4639,DEMAND,2888.34,2892.1,0.937,0,False,True,0,0.0,1,False,1.077,-3.29,0.541,1,0,False,-1,reversal,CHoCH,14,3,30.32,6,3,NEUTRAL,0,-1,1,neutral_macro,False,0,0.0,0,-1.73,1,3,5.08
2025-02-25_to_2025-05-25,1286,LONG,1740643200,1740644100,2025-02-27T08:15,2882.37,4639,DEMAND,2888.34,2892.1,0.738,6,False,True,0,1.5,5,True,0.373,-3.2,-1.909,2,6,True,-1,reversal,BOS,1,4,31.88,8,3,NEUTRAL,0,-1,-1,neutral_macro,False,0,0.0,0,0.84,1,4,2.53
2025-02-25_to_2025-05-25,1288,LONG,1740645900,1740646800,2025-02-27T09:00,2886.91,4481,DEMAND,2878.53,2882.11,0.691,220,True,True,0,0.486,3,False,2.486,-4.02,0.926,1,0,False,-1,reversal,BOS,2,5,26.75,9,3,NEUTRAL,0,-1,1,neutral_macro,False,0,0.0,0,-0.36,1,5,1.62
2025-02-25_to_2025-05-25,1297,LONG,1740728700,1740729600,2025-02-28T08:00,2857.29,4658,DEMAND,2856.68,2860.76,1.296,10,False,True,0,0.799,3,True,1.334,-3.21,-1.102,1,0,False,-1,reversal,CHoCH,17,1,33.54,8,4,BEAR,-1,-1,1,counter_macro,False,0,0.0,0,-0.26,1,4,1.81
2025-02-25_to_2025-05-25,1306,SHORT,1740960000,1740960900,2025-03-03T00:15,2869.72,4671,SUPPLY,2872.54,2876.77,0.873,0,False,True,0,0.0,1,False,3.24,3.12,0.582,1,0,False,1,reversal,CHoCH,8,4,71.85,0,0,BEAR,-1,-1,-1,with_macro,False,0,0.0,0,-1.13,0,2,5.67
2025-02-25_to_2025-05-25,1314,SHORT,1741016700,1741017600,2025-03-03T16:00,2887.44,4649,SUPPLY,2888.9,2892.41,0.662,186,False,True,0,0.422,3,False,3.422,3.45,0.276,1,0,False,1,reversal,CHoCH,4,6,71.55,16,0,BEAR,-1,-1,-1,with_macro,False,0,0.0,0,-0.38,1,1,2.77
2025-02-25_to_2025-05-25,1316,SHORT,1741018500,1741019400,2025-03-03T16:30,2892.46,4649,SUPPLY,2888.9,2892.41,0.651,188,False,False,1,0.393,2,False,2.655,3.38,-0.66,2,2,True,1,reversal,CHoCH,6,5,71.05,16,0,BEAR,-1,-1,-1,with_macro,False,0,0.0,0,-0.4,1,2,3.65
2025-02-25_to_2025-05-25,1332,SHORT,1741084200,1741085100,2025-03-04T10:45,2914.7,4701,SUPPLY,2917.18,2921.14,0.736,0,False,True,0,0.0,1,False,0.132,4.12,0.461,1,0,False,0,neutral,CHoCH,12,3,70.06,10,1,NEUTRAL,0,1,-1,neutral_macro,False,0,5.24,0,-0.93,1,5,4.99
2025-02-25_to_2025-05-25,1335,SHORT,1741087800,1741088700,2025-03-04T11:45,2919.83,4701,SUPPLY,2917.18,2921.14,0.932,4,False,True,0,0.669,3,False,0.499,4.31,-0.624,2,4,True,1,reversal,CHoCH,16,2,71.04,11,1,NEUTRAL,0,1,1,neutral_macro,False,0,6.64,0,-0.31,1,7,0.92
2025-02-25_to_2025-05-25,1338,SHORT,1741095000,1741095900,2025-03-04T13:45,2922.56,4614,SUPPLY,2926.07,2929.91,0.988,413,False,True,0,0.464,3,False,2.42,3.84,0.903,1,0,False,1,reversal,BOS,5,3,65.92,13,1,NEUTRAL,0,1,-1,neutral_macro,False,0,8.99,0,-0.53,1,8,1.71
2025-02-25_to_2025-05-25,1339,SHORT,1741095900,1741096800,2025-03-04T14:00,2918.2,4614,SUPPLY,2926.07,2929.91,0.971,414,False,True,0,0.464,4,False,2.379,3.49,1.99,2,1,False,1,reversal,BOS,6,3,65.1,14,1,NEUTRAL,0,1,-1,neutral_macro,False,0,8.83,0,-0.52,1,9,0.58
2025-02-25_to_2025-05-25,1356,SHORT,1741335300,1741336200,2025-03-07T08:30,2920.9,4746,SUPPLY,2918.09,2921.49,1.115,51,False,False,1,0.703,2,True,2.266,2.86,-0.922,1,0,False,1,reversal,CHoCH,11,3,70.35,8,4,NEUTRAL,0,1,1,neutral_macro,False,0,0.0,0,-0.33,1,2,3.47
2025-02-25_to_2025-05-25,1370,SHORT,1741686300,1741687200,2025-03-11T10:00,2911.66,4782,SUPPLY,2911.43,2915.36,1.254,88,False,False,1,0.249,1,False,3.446,3.93,-0.073,1,0,False,1,reversal,BOS,11,3,76.1,10,1,NEUTRAL,0,-1,-1,neutral_macro,False,0,-0.94,0,-0.94,1,1,3.31
2025-02-25_to_2025-05-25,1372,SHORT,1741688100,1741689000,2025-03-11T10:30,2914.11,4782,SUPPLY,2911.43,2915.36,1.342,90,False,False,1,0.697,3,False,3.688,4.13,-0.915,2,2,False,1,reversal,BOS,13,3,77.39,10,1,NEUTRAL,0,-1,1,neutral_macro,False,0,-0.41,0,-0.41,1,2,4.38
2025-02-25_to_2025-05-25,1374,SHORT,1741690800,1741691700,2025-03-11T11:15,2913.55,4782,SUPPLY,2911.43,2915.36,1.42,93,False,False,1,0.786,6,True,3.903,3.76,-0.766,3,5,False,1,reversal,BOS,16,3,71.11,11,1,NEUTRAL,0,-1,1,neutral_macro,False,0,0.0,0,-0.3,1,3,4.43
2025-02-25_to_2025-05-25,1392,SHORT,1741841100,1741842000,2025-03-13T05:00,2943.47,4835,SUPPLY,2944.34,2947.02,1.074,0,False,True,0,0.306,1,False,0.188,3.44,0.349,1,0,False,1,reversal,BOS,14,4,65.3,5,3,BULL,1,1,-1,counter_macro,False,0,3.05,0,0.0,0,7,1.59
2025-02-25_to_2025-05-25,1402,SHORT,1741888800,1741889700,2025-03-13T18:15,2981.55,4845,SUPPLY,2981.79,2985.23,0.641,1,False,True,0,0.753,2,False,0.295,4.6,0.045,1,0,False,1,reversal,BOS,17,3,68.86,18,3,BULL,1,1,1,counter_macro,False,0,8.54,0,-0.16,1,5,6.19
2025-02-25_to_2025-05-25,1404,SHORT,1741890600,1741891500,2025-03-13T18:45,2983.2,4845,SUPPLY,2981.79,2985.23,0.719,3,False,True,0,0.753,4,False,0.33,4.68,-0.295,2,2,False,0,neutral,BOS,19,3,68.67,18,3,BULL,1,1,1,counter_macro,False,0,9.58,0,-0.18,1,6,0.69
2025-02-25_to_2025-05-25,1405,SHORT,1741891500,1741892400,2025-03-13T19:00,2983.29,4845,SUPPLY,2981.79,2985.23,0.732,4,False,True,0,0.753,5,False,0.336,4.59,-0.319,3,3,False,0,neutral,BOS,20,3,68.34,19,3,BULL,1,1,1,counter_macro,False,0,9.75,0,-0.18,1,7,0.72
2025-02-25_to_2025-05-25,1418,SHORT,1742207400,1742208300,2025-03-17T10:45,2998.97,4868,SUPPLY,2995.9,2999.55,1.389,80,False,True,0,0.699,4,False,3.827,2.75,-1.168,1,0,False,1,reversal,CHoCH,5,4,68.32,10,0,NEUTRAL,0,1,1,neutral_macro,False,0,3.0,0,-0.42,1,1,4.69
2025-02-25_to_2025-05-25,1420,SHORT,1742211000,1742211900,2025-03-17T11:45,2997.47,4864,SUPPLY,3001.27,3004.83,1.349,93,False,True,0,0.0,1,False,1.788,4.2,1.44,1,0,False,1,reversal,CHoCH,9,3,75.84,11,0,NEUTRAL,0,1,1,neutral_macro,False,0,3.98,0,-1.53,1,2,4.1
2025-02-25_to_2025-05-25,1422,SHORT,1742211900,1742212800,2025-03-17T12:00,2990.65,4864,SUPPLY,3001.27,3004.83,1.308,94,False,True,0,0.0,1,False,0.676,3.85,3.903,2,1,True,1,reversal,CHoCH,10,3,74.77,12,0,NEUTRAL,0,1,1,neutral_macro,False,0,3.91,0,-1.33,1,3,1.47
2025-02-25_to_2025-05-25,1446,LONG,1742526000,1742526900,2025-03-21T03:15,3030.68,4936,DEMAND,3029.77,3033.27,1.367,47,False,False,1,0.66,1,True,4.371,-2.79,-1.012,1,0,False,0,neutral,CHoCH,8,4,28.49,3,4,BULL,1,1,1,with_macro,False,0,5.44,0,-0.46,1,1,5.38
2025-02-25_to_2025-05-25,1450,LONG,1742530500,1742531400,2025-03-21T04:30,3031.63,4943,DEMAND,3025.77,3029.19,1.314,17,False,True,0,0.023,2,False,1.652,-3.39,0.937,1,0,False,-1,reversal,CHoCH,13,4,26.67,4,4,BULL,1,1,-1,with_macro,True,0,6.07,0,-1.28,1,3,4.93
2025-02-25_to_2025-05-25,1452,LONG,1742532300,1742533200,2025-03-21T05:00,3027.49,4936,DEMAND,3029.77,3033.27,1.345,54,False,False,1,1.5,8,True,4.3,-3.08,-2.221,2,7,False,-1,reversal,CHoCH,15,4,30.69,5,4,BULL,1,1,1,with_macro,False,0,6.62,0,0.8,1,4,6.52
2025-02-25_to_2025-05-25,1453,LONG,1742535900,1742536800,2025-03-21T06:00,3031.05,4917,DEMAND,3022.48,3025.7,1.099,132,False,True,0,1.283,2,False,2.085,-2.9,1.826,1,0,False,-1,reversal,CHoCH,0,5,33.53,6,4,BULL,1,1,-1,with_macro,True,0,7.96,0,0.31,1,5,4.57
2025-02-25_to_2025-05-25,1462,LONG,1742835600,1742836500,2025-03-24T17:15,3009.71,4971,DEMAND,3005.78,3009.22,0.709,4,False,True,0,0.634,3,False,0.285,-2.53,0.101,1,0,False,-1,reversal,CHoCH,10,4,34.74,17,0,NEUTRAL,0,1,-1,neutral_macro,False,0,3.42,0,-0.26,1,2,0.58
2025-02-25_to_2025-05-25,1479,SHORT,1743073200,1743074100,2025-03-27T11:15,3049.75,4930,SUPPLY,3054,3057.42,0.848,472,False,True,0,0.532,3,False,4.548,4.9,1.054,1,0,False,1,reversal,BOS,4,4,77.67,11,3,NEUTRAL,0,1,-1,neutral_macro,False,0,4.33,0,-0.4,1,5,1.2
2025-02-25_to_2025-05-25,1494,SHORT,1743133500,1743134400,2025-03-28T04:00,3072.72,5034,SUPPLY,3074.37,3077.62,0.892,2,False,True,0,0.698,1,False,0.362,4.09,0.453,1,0,False,1,reversal,BOS,14,3,67.33,4,4,BULL,1,1,1,counter_macro,False,0,5.44,0,-0.27,0,5,4.78
2025-02-25_to_2025-05-25,1512,SHORT,1743393600,1743394500,2025-03-31T04:15,3110.73,5054,SUPPLY,3108.13,3111.72,0.546,0,False,True,0,0.39,1,False,1.603,3.53,-0.395,1,0,False,1,reversal,BOS,7,3,73.29,4,0,BULL,1,1,-1,counter_macro,False,0,0.0,0,0.0,0,5,4.63
2025-02-25_to_2025-05-25,1528,LONG,1743527700,1743528600,2025-04-01T17:30,3113.09,5086,DEMAND,3100.78,3105,0.614,0,False,True,0,0.0,1,False,1.858,-2.02,1.177,1,0,False,-1,reversal,CHoCH,12,3,39.02,17,1,BULL,1,1,1,with_macro,False,0,0.0,0,-1.13,1,2,2.29
2025-02-25_to_2025-05-25,1554,LONG,1743779700,1743780600,2025-04-04T15:30,3017.91,5019,DEMAND,3026.68,3029.74,0.172,582,False,False,1,1.5,1,True,2.793,-3.06,-0.667,1,0,False,0,neutral,BOS,4,4,31.2,15,4,NEUTRAL,0,1,1,neutral_macro,False,0,0.0,0,0.16,1,4,0.24
2025-02-25_to_2025-05-25,1556,LONG,1743782400,1743783300,2025-04-04T16:15,3030.75,5008,DEMAND,3012,3015.17,0.202,644,False,True,0,0.0,1,False,1.666,-4.07,0.991,1,0,False,0,neutral,BOS,7,4,26.88,16,4,NEUTRAL,0,-1,1,neutral_macro,False,0,0.0,0,-0.35,1,5,0.48
2025-02-25_to_2025-05-25,1558,LONG,1743783300,1743784200,2025-04-04T16:30,3032.48,5008,DEMAND,3012,3015.17,0.21,645,False,True,0,0.0,1,False,1.13,-3.99,1.147,2,1,True,0,neutral,BOS,8,4,27.32,16,4,NEUTRAL,0,-1,1,neutral_macro,False,0,0.0,0,-0.57,1,6,0.39
2025-02-25_to_2025-05-25,1560,LONG,1743784200,1743785100,2025-04-04T16:45,3030.97,5014,DEMAND,3017.53,3020.65,0.209,618,False,False,1,0.0,1,False,0.69,-3.02,0.692,1,0,False,0,neutral,BOS,9,4,34.63,16,4,NEUTRAL,0,-1,1,neutral_macro,False,0,0.0,0,-0.62,1,7,0.49
2025-02-25_to_2025-05-25,1564,LONG,1743788700,1743789600,2025-04-04T18:00,3024.18,5008,DEMAND,3012,3015.17,0.264,651,False,True,0,0.0,1,False,0.318,-3.52,0.749,3,7,True,-1,reversal,BOS,14,4,33.76,18,4,NEUTRAL,0,-1,-1,neutral_macro,False,0,0.0,0,-0.89,1,8,0.53
2025-02-25_to_2025-05-25,1566,LONG,1743791400,1743792300,2025-04-04T18:45,3025.42,5134,DEMAND,3015.69,3022.9,0.77,0,False,True,0,0.201,1,False,1.134,-3.5,0.269,1,0,False,-1,reversal,BOS,17,4,35.11,18,4,NEUTRAL,0,-1,1,neutral_macro,False,0,0.0,0,0.0,1,9,0.54
2025-02-25_to_2025-05-25,1576,LONG,1744041600,1744042500,2025-04-07T16:15,2977.89,5142,DEMAND,2972.01,2980.05,0.522,56,False,True,0,0.338,2,False,1.803,-2.49,-0.14,1,0,False,0,neutral,CHoCH,9,4,34.89,16,0,BEAR,-1,-1,-1,counter_macro,False,0,2.56,0,-0.35,1,2,0.79
2025-02-25_to_2025-05-25,1586,LONG,1744131600,1744132500,2025-04-08T17:15,2976.55,5159,DEMAND,2978.42,2983.29,0.625,66,False,False,1,1.382,1,False,2.993,-2.44,-0.866,1,0,False,-1,reversal,CHoCH,2,3,32.19,17,1,BEAR,-1,-1,-1,counter_macro,False,0,0.0,0,0.24,1,3,1.74
2025-02-25_to_2025-05-25,1588,SHORT,1744164900,1744165800,2025-04-09T02:30,3006.13,5169,SUPPLY,3009.91,3018.26,0.822,38,False,True,0,0.153,2,False,2.898,2.04,0.372,1,0,False,0,neutral,CHoCH,2,4,67.43,2,2,BEAR,-1,-1,1,with_macro,True,0,0.0,0,-0.7,1,2,1.3
2025-02-25_to_2025-05-25,1596,SHORT,1744185600,1744186500,2025-04-09T08:15,3045.45,5180,SUPPLY,3044.03,3052.21,0.911,0,False,True,0,0.406,1,False,2.552,3.67,-0.158,1,0,False,1,reversal,CHoCH,6,5,71.68,8,2,NEUTRAL,0,-1,-1,neutral_macro,False,0,0.0,0,0.0,1,5,0.06
2025-02-25_to_2025-05-25,1598,SHORT,1744188300,1744189200,2025-04-09T09:00,3042.18,5180,SUPPLY,3044.03,3052.21,0.957,3,False,True,0,0.856,4,False,2.681,3.89,0.216,2,3,False,0,neutral,CHoCH,9,5,74.73,9,2,NEUTRAL,0,-1,-1,neutral_macro,False,0,0.0,0,0.0,1,6,0.94
2025-02-25_to_2025-05-25,1602,SHORT,1744190100,1744191000,2025-04-09T09:30,3047.05,5182,SUPPLY,3043.78,3051.03,0.824,0,False,True,0,0.593,1,False,0.076,3.38,-0.372,1,0,False,0,neutral,CHoCH,11,5,70.07,9,2,NEUTRAL,0,-1,-1,neutral_macro,False,0,0.0,0,0.13,1,8,0.24
2025-02-25_to_2025-05-25,1616,SHORT,1744255800,1744256700,2025-04-10T03:45,3125.38,5131,SUPPLY,3132.88,3136.35,0.334,325,False,True,0,0.0,1,False,3.267,3.98,0.722,1,0,False,0,neutral,BOS,5,4,73.26,3,3,NEUTRAL,0,1,1,neutral_macro,False,0,3.11,0,-0.58,0,3,0.46
2025-02-25_to_2025-05-25,1620,SHORT,1744260300,1744261200,2025-04-10T05:00,3129.81,5202,SUPPLY,3123.09,3131.8,0.979,2,False,True,0,0.682,3,False,1.737,3.55,-0.755,1,0,False,-1,continuation,BOS,10,3,66.9,5,3,NEUTRAL,0,1,-1,neutral_macro,False,0,3.63,0,0.0,0,5,1.03
2025-02-25_to_2025-05-25,1636,SHORT,1744336800,1744337700,2025-04-11T02:15,3216.2,5221,SUPPLY,3211.11,3219.61,0.873,0,False,True,0,0.746,1,True,2.721,4.08,-0.523,1,0,False,1,reversal,BOS,16,2,66.6,2,4,NEUTRAL,0,1,1,neutral_macro,False,0,8.94,0,0.0,0,7,4.49
2025-02-25_to_2025-05-25,1644,SHORT,1744344900,1744345800,2025-04-11T04:30,3213.99,5221,SUPPLY,3211.11,3219.61,1.173,9,False,True,0,1.051,10,True,3.655,4.43,-0.397,2,9,False,1,reversal,EQH,0,3,66.36,4,4,NEUTRAL,0,1,-1,neutral_macro,False,0,0.0,0,0.06,0,11,5.72
2025-02-25_to_2025-05-25,1646,SHORT,1744345800,1744346700,2025-04-11T04:45,3208.54,5222,SUPPLY,3214.99,3220.04,0.77,0,False,True,0,0.438,1,False,0.467,4.28,0.984,1,0,False,1,reversal,EQH,1,3,66.23,4,4,NEUTRAL,0,1,-1,neutral_macro,False,0,0.0,0,0.0,0,11,5.49
2025-02-25_to_2025-05-25,1654,SHORT,1744772400,1744773300,2025-04-16T03:15,3275.77,5287,SUPPLY,3268.99,3275.44,0.889,0,False,True,0,0.702,1,False,0.325,4.34,-0.935,1,0,False,1,reversal,EQH,1,5,72.47,3,2,NEUTRAL,0,1,-1,neutral_macro,False,0,0.0,0,0.0,1,3,1.84
2025-02-25_to_2025-05-25,1670,SHORT,1744833600,1744834500,2025-04-16T20:15,3338.7,5305,SUPPLY,3337.34,3342.46,1.07,0,False,True,0,0.512,1,False,0.491,3.93,-0.284,1,0,False,1,reversal,BOS,6,3,65.08,20,2,NEUTRAL,0,1,-1,neutral_macro,False,0,14.01,0,0.0,0,5,5.61
2025-02-25_to_2025-05-25,1676,SHORT,1744845300,1744846200,2025-04-16T23:30,3351.56,5308,SUPPLY,3352.41,3357.78,1.182,0,False,True,0,0.0,1,False,2.714,4.93,0.187,1,0,False,1,reversal,BOS,5,4,69.1,23,2,NEUTRAL,0,1,-1,neutral_macro,False,0,18.12,0,0.0,0,6,2.55
2025-02-25_to_2025-05-25,1678,SHORT,1744848000,1744848900,2025-04-17T00:15,3348.83,5308,SUPPLY,3352.41,3357.78,1.122,3,False,True,0,0.047,2,False,1.517,4.67,0.748,2,3,True,1,reversal,BOS,8,4,67.29,0,3,NEUTRAL,0,1,1,neutral_macro,False,0,17.2,0,-1.07,0,7,1.85
2025-02-25_to_2025-05-25,1682,SHORT,1745192700,1745193600,2025-04-21T00:00,3354.09,5331,SUPPLY,3346.01,3352.86,1.053,2,False,True,0,0.699,3,False,3.711,3.28,-1.242,1,0,False,-1,continuation,CHoCH,9,5,71.89,0,0,BULL,1,1,-1,counter_macro,False,0,0.0,0,0.0,0,2,5.89
2025-02-25_to_2025-05-25,1692,SHORT,1745213400,1745214300,2025-04-21T05:45,3385.52,5332,SUPPLY,3382.13,3385.15,0.586,4,False,True,0,1.228,3,False,0.326,4.41,-0.657,1,0,False,0,neutral,BOS,19,5,67.79,5,0,BULL,1,1,-1,counter_macro,False,0,0.0,0,0.13,0,7,1.85
2025-02-25_to_2025-05-25,1714,SHORT,1745298900,1745299800,2025-04-22T05:30,3488.11,5355,SUPPLY,3487.98,3494.73,0.789,3,False,True,0,0.0,1,False,0.949,4.21,-0.015,1,0,False,0,neutral,CHoCH,14,4,65.48,5,1,BULL,1,1,-1,counter_macro,False,0,0.0,0,-1.44,1,4,8.09
2025-02-25_to_2025-05-25,1720,LONG,1745349300,1745350200,2025-04-22T19:30,3374.78,5370,DEMAND,3372.09,3379.98,0.608,7,False,False,1,0.564,1,True,2.452,-3.37,-0.401,1,0,False,0,neutral,BOS,11,3,34.37,19,1,BULL,1,1,1,with_macro,False,0,0.0,0,-0.27,0,3,2.13
2025-02-25_to_2025-05-25,1723,LONG,1745360100,1745361000,2025-04-22T22:30,3332.19,5329,DEMAND,3310.84,3315.77,0.388,188,False,True,0,0.0,1,False,4.406,-5.37,1.292,1,0,False,-1,reversal,BOS,1,3,22.28,22,1,BULL,1,1,-1,with_macro,True,0,0.0,0,-0.66,0,5,3.73
2025-02-25_to_2025-05-25,1726,LONG,1745361900,1745362800,2025-04-22T23:00,3341,5329,DEMAND,3310.84,3315.77,0.372,190,False,True,0,0.047,2,False,3.217,-4.99,1.906,2,2,True,-1,reversal,BOS,3,3,27.58,23,1,BULL,1,1,-1,with_macro,True,0,0.0,0,-0.35,0,6,2.92
2025-02-25_to_2025-05-25,1736,SHORT,1745455500,1745456400,2025-04-24T01:00,3348.14,5380,SUPPLY,3340.52,3349.51,1.168,70,False,True,0,0.0,1,False,2.942,3.27,-0.99,1,0,False,1,reversal,BOS,10,4,72.75,1,3,NEUTRAL,0,1,-1,neutral_macro,False,0,0.0,0,-1.87,1,2,2.23
2025-02-25_to_2025-05-25,1738,SHORT,1745456400,1745457300,2025-04-24T01:15,3359.4,5388,SUPPLY,3331.3,3340.5,1.079,40,False,True,0,1.5,4,True,2.794,3.05,-3.296,1,0,False,1,reversal,BOS,11,4,71.23,1,3,NEUTRAL,0,1,-1,neutral_macro,False,0,0.0,0,0.97,1,3,3.33
2025-02-25_to_2025-05-25,1744,SHORT,1745461800,1745462700,2025-04-24T02:45,3342.16,5398,SUPPLY,3357.77,3367.23,0.869,0,False,True,0,0.0,1,False,0.788,3.71,1.434,1,0,False,1,reversal,BOS,17,4,72.81,2,3,NEUTRAL,0,1,-1,neutral_macro,False,0,0.0,0,0.0,1,6,1.03
2025-02-25_to_2025-05-25,1752,LONG,1745562600,1745563500,2025-04-25T06:45,3304.46,5395,DEMAND,3283.92,3290.35,0.626,124,False,True,0,0.599,4,False,2.838,-3.87,1.373,1,0,False,-1,reversal,BOS,2,4,28.71,6,4,NEUTRAL,0,1,1,neutral_macro,False,0,3.81,0,-0.25,1,4,1.42
2025-02-25_to_2025-05-25,1764,SHORT,1745855100,1745856000,2025-04-28T16:00,3334.9,5434,SUPPLY,3322.68,3331.25,0.986,67,False,True,0,1.5,6,True,3.647,3.19,-1.406,1,0,False,1,reversal,BOS,5,5,67.33,16,0,NEUTRAL,0,-1,-1,neutral_macro,False,0,0.0,0,0.53,1,3,0.45
2025-02-25_to_2025-05-25,1774,SHORT,1745865900,1745866800,2025-04-28T19:00,3349.49,5419,SUPPLY,3348.58,3354.33,0.91,150,False,True,0,0.228,3,False,2.207,4.98,-0.144,1,0,False,1,reversal,EQH,2,6,74.97,19,0,NEUTRAL,0,1,-1,neutral_macro,False,0,1.56,0,-0.7,1,8,2.93
2025-02-25_to_2025-05-25,1782,LONG,1746001800,1746002700,2025-04-30T08:45,3284.53,5445,DEMAND,3273.09,3280.83,1.157,174,False,True,0,0.062,2,False,2.973,-3.75,0.553,1,0,False,1,continuation,EQH,1,4,30.24,8,2,NEUTRAL,0,-1,-1,neutral_macro,False,0,2.85,0,-1.09,1,1,3.64
2025-02-25_to_2025-05-25,1788,LONG,1746006300,1746007200,2025-04-30T10:00,3273.96,5482,DEMAND,3280.35,3287.32,0.954,2,False,True,0,1.5,3,True,3.811,-3.38,-1.829,1,0,False,0,neutral,EQH,6,4,31.53,10,2,NEUTRAL,0,-1,1,neutral_macro,False,0,3.33,0,0.72,1,4,0.2
2025-02-25_to_2025-05-25,1794,LONG,1746053100,1746054000,2025-04-30T23:00,3280.52,5485,DEMAND,3266.58,3273.6,1.052,35,False,True,0,0.355,3,False,3.501,-2.96,1.037,1,0,False,0,neutral,CHoCH,8,3,29.38,23,2,NEUTRAL,0,-1,-1,neutral_macro,False,0,0.0,0,-0.68,1,3,4.07
2025-02-25_to_2025-05-25,1810,LONG,1746077400,1746078300,2025-05-01T05:45,3236.66,5497,DEMAND,3221.34,3227.01,0.789,0,False,True,0,0.0,1,False,0.22,-3.91,1.343,1,0,False,0,neutral,CHoCH,35,2,31.27,5,3,BEAR,-1,-1,1,counter_macro,False,0,0.0,0,-1.02,1,9,0.18
2025-02-25_to_2025-05-25,1830,SHORT,1746445500,1746446400,2025-05-05T12:00,3315.95,5553,SUPPLY,3311.73,3318.67,1.038,2,False,True,0,1.043,3,False,1.791,6.04,-0.631,1,0,False,1,reversal,BOS,12,3,79.72,12,0,NEUTRAL,0,-1,-1,neutral_macro,False,0,0.0,0,0.04,1,6,2.47
2025-02-25_to_2025-05-25,1836,SHORT,1746452700,1746453600,2025-05-05T14:00,3316.01,5557,SUPPLY,3318.53,3322.55,0.797,0,False,True,0,0.306,1,False,0.527,5.09,0.5,1,0,False,1,reversal,EQL,5,4,72.22,14,0,NEUTRAL,0,1,-1,neutral_macro,False,1,0.71,0,0.0,0,9,0.23
2025-02-25_to_2025-05-25,1838,SHORT,1746453600,1746454500,2025-05-05T14:15,3318.73,5557,SUPPLY,3318.53,3322.55,0.664,1,False,True,0,1.5,2,False,0.439,4.29,-0.033,2,1,False,1,reversal,EQL,6,4,66.53,14,0,NEUTRAL,0,1,-1,neutral_macro,False,1,1.57,0,0.98,0,10,0.64
2025-02-25_to_2025-05-25,1840,SHORT,1746456300,1746457200,2025-05-05T15:00,3311.94,5557,SUPPLY,3318.53,3322.55,0.615,4,False,True,0,1.5,5,False,0.407,3.72,1.008,3,4,False,0,neutral,EQL,9,4,68.9,15,0,NEUTRAL,0,1,1,neutral_macro,False,1,1.45,0,0.91,0,10,0.09
2025-02-25_to_2025-05-25,1842,SHORT,1746474300,1746475200,2025-05-05T20:00,3330.77,5454,SUPPLY,3332.14,3340.02,1.503,437,False,False,1,0.683,3,True,4.358,5.29,0.261,1,0,False,-1,continuation,BOS,1,4,75.24,20,0,NEUTRAL,0,1,1,neutral_macro,False,0,3.54,0,-0.48,0,10,0.99
2025-02-25_to_2025-05-25,1844,SHORT,1746495000,1746495900,2025-05-06T01:45,3379.54,5493,SUPPLY,3363.77,3370.97,0.828,280,False,False,1,1.5,1,True,5.171,4.95,-1.814,1,0,False,0,neutral,CHoCH,1,6,71.72,1,1,NEUTRAL,0,1,1,neutral_macro,False,0,4.99,0,1.2,1,7,5.44
2025-02-25_to_2025-05-25,1858,SHORT,1746558900,1746559800,2025-05-06T19:30,3418.32,5585,SUPPLY,3412.54,3417.78,1.046,3,False,True,0,0.937,4,True,1.627,4.19,-1.154,1,0,False,0,neutral,BOS,33,4,65.17,19,1,BULL,1,1,-1,counter_macro,False,0,6.79,0,0.0,0,6,6.7
2025-02-25_to_2025-05-25,1866,LONG,1746688500,1746689400,2025-05-08T07:30,3346.82,5570,DEMAND,3323.09,3329.59,0.611,205,False,True,0,1.48,4,False,5.566,-3.89,1.619,1,0,False,-1,reversal,CHoCH,5,6,26.6,7,3,NEUTRAL,0,1,1,neutral_macro,False,0,4.08,0,0.29,1,3,3.48
2025-02-25_to_2025-05-25,1876,LONG,1746723600,1746724500,2025-05-08T17:15,3301.92,5562,DEMAND,3305.57,3312.33,0.576,276,False,False,1,1.5,5,True,4.149,-3.92,-0.887,1,0,False,-1,reversal,CHoCH,5,4,27.85,17,3,NEUTRAL,0,1,1,neutral_macro,False,0,5.55,0,0.62,1,6,1.05
2025-02-25_to_2025-05-25,1884,LONG,1746730800,1746731700,2025-05-08T19:15,3292.21,5621,DEMAND,3297.55,3305.09,0.9,2,False,True,0,0.427,1,False,0.043,-3.64,-1.538,1,0,False,-1,reversal,CHoCH,13,2,33.38,19,3,NEUTRAL,0,1,-1,neutral_macro,False,0,7.86,0,-0.52,1,10,1.81
2025-02-25_to_2025-05-25,1896,LONG,1747011600,1747012500,2025-05-12T01:15,3264.7,5654,DEMAND,3265.9,3273.15,0.53,4,False,True,0,1.5,2,True,0.483,-3.69,-0.618,1,0,False,-1,reversal,BOS,9,5,33.12,1,0,BEAR,-1,-1,-1,counter_macro,False,0,0.0,0,0.42,0,5,0.79
2025-02-25_to_2025-05-25,1898,LONG,1747013400,1747014300,2025-05-12T01:45,3271.92,5552,DEMAND,3253.14,3259.65,0.578,431,False,True,0,0.143,2,False,1.869,-4.45,1.089,1,0,False,-1,reversal,BOS,1,5,28.91,1,0,BEAR,-1,-1,-1,counter_macro,False,0,0.0,0,-0.5,0,6,0.31
2025-02-25_to_2025-05-25,1906,LONG,1747039500,1747040400,2025-05-12T09:00,3226.11,5663,DEMAND,3216.15,3223.7,0.643,0,False,True,0,0.0,1,False,3.93,-4.09,0.205,1,0,False,-1,reversal,BOS,6,4,31.97,9,0,BEAR,-1,-1,1,counter_macro,False,0,0.0,0,-1.19,0,10,0.07
2025-02-25_to_2025-05-25,1908,LONG,1747042200,1747043100,2025-05-12T09:45,3215.25,5663,DEMAND,3216.15,3223.7,0.631,3,False,True,0,0.727,1,False,0.056,-4.72,-0.707,2,3,True,-1,reversal,BOS,9,3,28.74,9,0,BEAR,-1,-1,-1,counter_macro,False,0,0.0,0,-0.17,0,11,0.09
2025-02-25_to_2025-05-25,1912,LONG,1747194300,1747195200,2025-05-14T04:00,3224.5,5689,DEMAND,3225.26,3232.44,1.089,47,False,True,0,0.886,6,True,1.801,-2.64,-1.204,1,0,False,-1,reversal,CHoCH,14,3,29.66,4,2,NEUTRAL,0,-1,-1,neutral_macro,False,0,3.72,0,-0.12,1,1,0.36
2025-02-25_to_2025-05-25,1913,LONG,1747197000,1747197900,2025-05-14T04:45,3223.98,5677,DEMAND,3215.51,3223,1.186,99,False,True,0,0.089,2,False,1.431,-2.99,0.155,1,0,False,-1,reversal,CHoCH,1,4,29.19,4,2,NEUTRAL,0,-1,-1,neutral_macro,False,0,4.47,0,-1.08,1,2,0.46
2025-02-25_to_2025-05-25,1918,LONG,1747199700,1747200600,2025-05-14T05:30,3228.54,5677,DEMAND,3215.51,3223,1.386,102,False,False,1,0.223,3,False,1.612,-2.85,1.025,2,3,True,-1,reversal,CHoCH,4,3,30.15,5,2,NEUTRAL,0,-1,-1,neutral_macro,False,0,5.41,0,-1.08,1,4,1.01
2025-02-25_to_2025-05-25,1926,LONG,1747233900,1747234800,2025-05-14T15:00,3180.42,5708,DEMAND,3174.89,3181.48,0.587,2,False,True,0,0.305,3,False,2.437,-3.98,-0.094,1,0,False,0,neutral,CHoCH,11,4,27.38,15,2,NEUTRAL,0,-1,1,neutral_macro,False,0,4.87,0,-0.41,1,8,1.0
2025-02-25_to_2025-05-25,1928,LONG,1747236600,1747237500,2025-05-14T15:45,3182.55,5708,DEMAND,3174.89,3181.48,0.633,5,False,True,0,0.378,6,False,2.624,-3.63,0.103,2,3,False,-1,reversal,CHoCH,14,4,31.85,15,2,NEUTRAL,0,-1,1,neutral_macro,False,0,5.26,0,-0.39,1,9,0.87
2025-02-25_to_2025-05-25,1934,LONG,1747247400,1747248300,2025-05-14T18:45,3171.95,5711,DEMAND,3173.48,3180.35,1.211,4,False,True,0,0.779,3,True,0.635,-3.85,-1.481,1,0,False,0,neutral,BOS,1,4,34.74,18,2,NEUTRAL,0,-1,-1,neutral_macro,False,0,9.89,0,-0.27,1,8,2.13
2025-02-25_to_2025-05-25,1946,SHORT,1747313100,1747314000,2025-05-15T13:00,3195.34,5718,SUPPLY,3186.13,3192.69,1.109,43,False,True,0,0.569,3,False,1.045,2.22,-1.557,1,0,False,1,reversal,CHoCH,16,2,68.14,13,3,NEUTRAL,0,-1,1,neutral_macro,False,0,0.0,0,-0.48,1,5,2.89
2025-02-25_to_2025-05-25,1970,SHORT,1747351800,1747352700,2025-05-15T23:45,3237.19,5697,SUPPLY,3244.81,3251.58,1.201,172,False,True,0,1.102,7,True,3.719,5.06,1.351,1,0,False,1,reversal,BOS,12,1,66.5,23,3,BEAR,-1,-1,-1,with_macro,False,0,0.0,0,0.12,0,14,0.8
2025-02-25_to_2025-05-25,1972,LONG,1747395000,1747395900,2025-05-16T11:45,3163.15,5723,DEMAND,3164.04,3170.94,0.834,94,False,True,0,0.291,4,False,3.789,-4.48,-0.941,1,0,False,-1,reversal,BOS,2,3,24.04,11,4,NEUTRAL,0,-1,1,neutral_macro,False,0,0.0,0,-0.59,1,3,5.37
2025-02-25_to_2025-05-25,1974,LONG,1747395900,1747396800,2025-05-16T12:00,3164.92,5745,DEMAND,3168.93,3175.72,0.743,0,False,True,0,1.5,1,True,5.048,-4.09,-1.182,1,0,False,-1,reversal,BOS,3,3,26.24,12,4,NEUTRAL,0,-1,1,neutral_macro,False,0,0.0,0,1.62,1,4,4.67
2025-02-25_to_2025-05-25,1980,SHORT,1747608300,1747609200,2025-05-18T23:00,3244.36,5733,SUPPLY,3237.88,3244.55,0.903,79,False,True,0,0.432,1,False,6.271,5.14,-0.877,1,0,False,1,reversal,BOS,9,4,76.91,23,6,NEUTRAL,1,-1,-1,neutral_macro,False,0,0.0,0,-0.51,0,1,1.58
2025-02-25_to_2025-05-25,1986,SHORT,1747615500,1747616400,2025-05-19T01:00,3233.45,5732,SUPPLY,3247.87,3252.27,0.465,96,False,True,0,0.436,4,False,2.94,4.69,1.524,1,0,False,1,reversal,BOS,17,3,71.2,1,0,NEUTRAL,1,-1,-1,neutral_macro,False,0,0.0,0,-0.26,0,4,0.02
2025-02-25_to_2025-05-25,1988,SHORT,1747646100,1747647000,2025-05-19T09:30,3239.02,5758,SUPPLY,3245.01,3249.79,0.768,32,False,True,0,0.521,2,False,1.83,2.85,0.963,1,0,False,1,reversal,CHoCH,6,2,65.54,9,0,NEUTRAL,1,-1,1,neutral_macro,False,0,0.0,0,-0.37,1,5,1.02
2025-02-25_to_2025-05-25,1996,SHORT,1747754100,1747755000,2025-05-20T15:30,3280.44,5787,SUPPLY,3279.43,3285.81,0.659,0,False,True,0,0.492,1,False,4.194,4.91,-0.104,1,0,False,0,neutral,CHoCH,5,3,76.11,15,1,NEUTRAL,0,1,-1,neutral_macro,False,0,0.0,0,0.0,1,4,3.08
2025-02-25_to_2025-05-25,1998,SHORT,1747755000,1747755900,2025-05-20T15:45,3277.34,5787,SUPPLY,3279.43,3285.81,0.666,1,False,True,0,0.492,2,False,4.239,4.68,0.218,2,1,False,1,reversal,CHoCH,6,3,74.63,15,1,NEUTRAL,0,1,1,neutral_macro,False,0,0.0,0,0.0,1,5,2.79
2025-02-25_to_2025-05-25,2022,SHORT,1747879200,1747880100,2025-05-22T02:15,3337.34,5653,SUPPLY,3339.95,3347.48,1.341,751,False,True,0,0.397,3,False,3.619,3.51,0.465,1,0,False,1,reversal,BOS,3,5,67.49,2,3,BULL,1,1,-1,counter_macro,False,0,5.03,0,-0.81,0,1,0.9
2025-02-25_to_2025-05-25,2024,SHORT,1747882800,1747883700,2025-05-22T03:15,3340.21,5653,SUPPLY,3339.95,3347.48,1.22,755,False,True,0,0.632,7,False,3.291,3.64,-0.042,2,4,False,1,reversal,BOS,7,4,66.04,3,3,BULL,1,1,-1,counter_macro,False,0,4.87,0,-0.45,0,2,1.29
2025-02-25_to_2025-05-25,2026,LONG,1747907100,1747908000,2025-05-22T10:00,3304.86,5808,DEMAND,3302.71,3307.82,0.868,60,False,True,0,0.748,4,True,2.469,-2.98,-0.503,1,0,False,-1,reversal,CHoCH,15,2,26.84,10,3,BULL,1,1,1,with_macro,False,0,0.0,0,-0.22,1,3,1.01
2025-02-25_to_2025-05-25,2054,SHORT,1748016900,1748017800,2025-05-23T16:30,3363.18,5841,SUPPLY,3358.67,3364.71,0.728,9,False,True,0,0.657,7,False,0.28,3.03,-0.544,2,0,False,0,neutral,BOS,17,4,65.74,16,4,BULL,1,1,-1,counter_macro,False,0,3.69,0,-0.25,0,10,2.48
2025-02-25_to_2025-05-25,2055,SHORT,1748016900,1748017800,2025-05-23T16:30,3363.18,5841,SUPPLY,3358.67,3364.71,0.728,9,False,True,0,0.657,7,False,0.28,3.03,-0.544,2,0,False,0,neutral,BOS,17,4,65.74,16,4,BULL,1,1,-1,counter_macro,False,0,3.69,0,-0.25,0,10,2.48
2025-05-25_to_2025-08-25,1309,LONG,1748253600,1748254500,2025-05-26T10:15,3331.31,4590,DEMAND,3324.46,3330.47,1.231,49,True,True,0,1.15,4,True,1.548,-2.65,0.172,1,0,False,-1,reversal,BOS,14,3,33.63,10,0,BULL,1,1,1,with_macro,False,0,4.19,0,0.18,1,2,0.47
2025-05-25_to_2025-08-25,1321,LONG,1748333700,1748334600,2025-05-27T08:30,3299.95,4584,DEMAND,3290.96,3297.19,0.727,124,True,True,0,0.79,3,False,3.168,-3.33,0.322,1,0,False,-1,reversal,CHoCH,9,6,33.03,8,1,NEUTRAL,1,-1,1,neutral_macro,False,0,0.0,0,-0.15,1,6,5.13
2025-05-25_to_2025-08-25,1325,LONG,1748340900,1748341800,2025-05-27T10:30,3296.01,4620,DEMAND,3292.27,3297.66,0.654,6,False,False,1,1.36,4,True,1.646,-3.74,-0.2,1,0,False,0,neutral,CHoCH,17,5,33.3,10,1,NEUTRAL,1,-1,1,neutral_macro,False,0,0.0,0,0.24,1,8,1.01
2025-05-25_to_2025-08-25,1329,LONG,1748344500,1748345400,2025-05-27T11:30,3291.76,4622,DEMAND,3290.33,3295.91,0.815,0,False,True,0,1.389,1,True,1.636,-3.74,-0.606,1,0,False,-1,reversal,CHoCH,21,4,32.01,11,1,NEUTRAL,1,-1,1,neutral_macro,False,0,0.0,0,0.32,1,10,1.84
2025-05-25_to_2025-08-25,1335,LONG,1748448000,1748448900,2025-05-28T16:15,3297.5,4636,DEMAND,3291.42,3296.78,0.848,47,False,False,1,0.784,5,False,1.273,-2.03,0.114,1,0,False,0,neutral,CHoCH,20,4,34.49,16,2,NEUTRAL,0,-1,1,neutral_macro,False,0,1.11,0,-0.18,1,2,2.12
2025-05-25_to_2025-08-25,1339,LONG,1748472300,1748473200,2025-05-28T23:00,3270.11,4650,DEMAND,3276.55,3281.88,0.939,0,False,True,0,0.0,1,False,1.812,-2.47,-2.075,1,0,False,0,neutral,BOS,3,4,34.4,23,2,NEUTRAL,0,-1,1,neutral_macro,False,0,0.0,0,-1.44,0,4,4.85
2025-05-25_to_2025-08-25,1345,LONG,1748478600,1748479500,2025-05-29T00:45,3264.97,4651,DEMAND,3250.04,3255.38,0.538,0,False,True,0,0.0,1,False,1.928,-3.74,0.966,1,0,False,0,neutral,BOS,5,4,28.39,0,3,NEUTRAL,0,-1,1,neutral_macro,False,0,0.0,0,-0.38,0,7,3.29
2025-05-25_to_2025-08-25,1349,SHORT,1748515500,1748516400,2025-05-29T11:00,3296.79,4648,SUPPLY,3297.62,3302.97,1.033,55,False,True,0,0.591,3,False,2.902,3.09,0.16,1,0,False,0,neutral,BOS,1,4,68.93,11,3,NEUTRAL,0,-1,1,neutral_macro,False,1,0.32,0,-0.42,1,6,3.18
2025-05-25_to_2025-08-25,1351,SHORT,1748516400,1748517300,2025-05-29T11:15,3302.33,4648,SUPPLY,3297.62,3302.97,1.05,56,False,True,0,0.591,4,False,2.951,2.88,-0.925,2,1,False,0,neutral,BOS,2,4,68.13,11,3,NEUTRAL,0,-1,1,neutral_macro,False,1,0.33,0,-0.43,1,7,0.53
2025-05-25_to_2025-08-25,1359,SHORT,1748526300,1748527200,2025-05-29T14:00,3317.46,4641,SUPPLY,3322.57,3325.51,0.442,104,False,True,0,0.0,1,False,1.899,3.5,0.769,1,0,False,1,reversal,BOS,13,3,65.76,14,3,NEUTRAL,-1,1,1,neutral_macro,False,0,3.44,0,-0.79,0,7,2.47
2025-05-25_to_2025-08-25,1375,SHORT,1748824200,1748825100,2025-06-02T00:45,3311.27,4688,SUPPLY,3312.51,3316.57,0.712,2,False,True,0,0.611,3,False,1.041,2.88,0.218,1,0,False,1,reversal,EQL,9,4,66.68,0,0,NEUTRAL,0,1,1,neutral_macro,False,0,0.0,0,-0.28,1,3,2.04
2025-05-25_to_2025-08-25,1377,SHORT,1748842200,1748843100,2025-06-02T05:45,3323.59,4670,SUPPLY,3317.33,3322.77,1.38,105,False,True,0,1.09,4,True,1.657,3.0,-1.588,1,0,False,0,neutral,BOS,5,3,66.28,5,0,NEUTRAL,0,1,1,neutral_macro,False,0,0.0,0,0.12,1,4,4.47
2025-05-25_to_2025-08-25,1379,SHORT,1748847600,1748848500,2025-06-02T07:15,3353.29,4618,SUPPLY,3343.87,3349.87,1.08,372,False,True,0,1.472,3,True,5.455,6.51,-1.696,1,0,False,0,neutral,BOS,2,4,83.6,7,0,NEUTRAL,0,1,1,neutral_macro,False,0,0.0,0,0.51,1,5,1.67
2025-05-25_to_2025-08-25,1383,SHORT,1748853000,1748853900,2025-06-02T08:45,3351.99,4695,SUPPLY,3353.55,3359.13,0.882,0,False,True,0,0.206,1,False,1.366,5.93,0.247,1,0,False,1,reversal,BOS,8,4,82.3,8,0,NEUTRAL,0,1,-1,neutral_macro,False,0,0.0,0,0.0,0,7,1.26
2025-05-25_to_2025-08-25,1385,SHORT,1748854800,1748855700,2025-06-02T09:15,3347.06,4695,SUPPLY,3353.55,3359.13,0.892,2,False,True,0,0.371,3,False,1.382,5.51,1.038,2,2,False,1,reversal,BOS,10,4,78.73,9,0,NEUTRAL,0,1,-1,neutral_macro,False,0,0.0,0,0.0,0,8,0.49
2025-05-25_to_2025-08-25,1387,SHORT,1748855700,1748856600,2025-06-02T09:30,3346.68,4695,SUPPLY,3353.55,3359.13,0.877,3,False,False,1,0.0,1,False,0.98,4.63,1.08,3,3,True,0,neutral,BOS,11,4,70.76,9,0,NEUTRAL,0,1,-1,neutral_macro,False,0,0.0,0,-1.27,0,9,0.42
2025-05-25_to_2025-08-25,1405,SHORT,1748880000,1748880900,2025-06-02T16:15,3373.19,4701,SUPPLY,3375.35,3378.86,0.488,1,False,True,0,1.142,2,False,0.471,4.1,0.3,1,0,False,1,reversal,BOS,14,3,69.13,16,0,NEUTRAL,0,1,1,neutral_macro,False,0,0.0,0,0.07,0,15,2.38
2025-05-25_to_2025-08-25,1417,SHORT,1748906100,1748907000,2025-06-02T23:30,3386.61,4709,SUPPLY,3385.99,3391.4,1.738,0,False,True,0,1.144,1,False,1.799,5.55,-0.199,1,0,False,1,reversal,BOS,12,4,72.11,23,0,NEUTRAL,0,1,-1,neutral_macro,False,0,4.12,0,0.25,0,13,1.49
2025-05-25_to_2025-08-25,1421,SHORT,1749061800,1749062700,2025-06-04T18:45,3376.22,4747,SUPPLY,3379.42,3384.58,1.437,12,False,True,0,0.539,5,False,1.546,3.04,0.891,1,0,False,0,neutral,CHoCH,17,3,65.71,18,2,NEUTRAL,0,1,-1,neutral_macro,False,0,5.45,0,-0.66,1,2,0.37
2025-05-25_to_2025-08-25,1423,SHORT,1749116700,1749117600,2025-06-05T10:00,3391.37,4710,SUPPLY,3386.83,3392.18,1.112,222,False,True,0,0.83,3,True,3.187,2.84,-0.944,1,0,False,1,reversal,BOS,1,5,69.55,10,3,BULL,1,1,1,counter_macro,False,0,1.98,0,-0.19,1,1,4.59
2025-05-25_to_2025-08-25,1429,LONG,1749140100,1749141000,2025-06-05T16:30,3350.18,4726,DEMAND,3333.18,3338.55,0.53,189,False,True,0,0.0,1,False,2.724,-2.86,1.148,1,0,False,-1,reversal,CHoCH,2,4,28.88,16,3,BULL,1,1,1,with_macro,False,0,0.0,0,-1.38,1,4,1.46
2025-05-25_to_2025-08-25,1435,LONG,1749228300,1749229200,2025-06-06T17:00,3325.53,4782,DEMAND,3316.32,3321.51,0.6,6,False,True,0,0.131,2,False,1.013,-3.22,0.464,1,0,False,-1,reversal,CHoCH,10,4,33.71,17,4,BEAR,-1,-1,-1,counter_macro,False,0,4.23,0,-0.52,1,2,0.7
2025-05-25_to_2025-08-25,1443,LONG,1749420000,1749420900,2025-06-08T22:15,3318.08,4787,DEMAND,3307.12,3312.5,1.177,0,False,True,0,0.0,1,False,0.238,-3.39,1.221,1,0,False,-1,reversal,BOS,11,4,40.57,22,6,BEAR,-1,-1,1,counter_macro,False,0,0.0,0,0.0,0,1,2.93
2025-05-25_to_2025-08-25,1445,LONG,1749435300,1749436200,2025-06-09T02:30,3302.44,4687,DEMAND,3289.81,3292.27,0.368,475,False,True,0,0.0,1,False,1.223,-3.72,1.521,1,0,False,-1,reversal,BOS,6,4,32.82,2,0,BEAR,-1,-1,1,counter_macro,False,0,0.0,0,-1.08,0,2,1.64
2025-05-25_to_2025-08-25,1447,LONG,1749517200,1749518100,2025-06-10T01:15,3310.81,4804,DEMAND,3310.63,3315.55,1.174,34,False,True,0,0.77,2,False,1.639,-2.06,-1.131,1,0,False,-1,reversal,BOS,39,1,33.99,1,1,BEAR,-1,-1,-1,counter_macro,False,0,0.0,0,-0.27,0,1,3.32
2025-05-25_to_2025-08-25,1453,SHORT,1749540600,1749541500,2025-06-10T07:45,3330.05,4813,SUPPLY,3326.12,3331.1,0.945,0,False,True,0,1.201,1,True,2.479,2.0,-0.746,1,0,False,1,reversal,CHoCH,9,2,65.88,7,1,BEAR,-1,-1,-1,with_macro,False,0,0.0,0,0.19,1,4,4.5
2025-05-25_to_2025-08-25,1459,SHORT,1749683700,1749684600,2025-06-11T23:30,3365.6,4773,SUPPLY,3373.22,3375.49,0.496,341,False,True,0,0.11,2,False,4.02,4.25,1.664,1,0,False,0,neutral,CHoCH,15,5,71.78,23,2,BULL,1,1,-1,counter_macro,False,0,6.62,0,-0.44,1,1,1.8
2025-05-25_to_2025-08-25,1467,SHORT,1749689100,1749690000,2025-06-12T01:00,3367.3,4848,SUPPLY,3368.35,3373.47,0.897,3,False,True,0,0.576,3,False,0.611,3.29,0.184,1,0,False,1,reversal,CHoCH,21,4,69.67,1,3,BULL,1,1,1,counter_macro,False,0,5.31,0,-0.38,1,5,0.75
2025-05-25_to_2025-08-25,1469,SHORT,1749690000,1749690900,2025-06-12T01:15,3375.52,4848,SUPPLY,3368.35,3373.47,0.849,4,False,True,0,0.576,4,False,0.579,2.99,-1.19,2,1,False,1,reversal,CHoCH,22,4,67.44,1,3,BULL,1,1,1,counter_macro,False,0,5.02,0,-0.36,1,6,1.03
2025-05-25_to_2025-08-25,1473,SHORT,1749699000,1749699900,2025-06-12T03:45,3373.51,4852,SUPPLY,3373.42,3377.79,0.796,0,False,True,0,0.531,1,False,1.076,3.37,-0.016,1,0,False,1,reversal,BOS,8,3,65.05,3,3,BULL,1,1,-1,counter_macro,False,0,6.3,0,0.0,1,8,0.77
2025-05-25_to_2025-08-25,1497,LONG,1750056300,1750057200,2025-06-16T07:00,3411.17,4886,DEMAND,3407.84,3413.15,0.946,34,False,True,0,0.081,3,False,2.525,-2.2,-0.353,1,0,False,-1,reversal,BOS,12,3,32.98,7,0,BULL,1,1,1,with_macro,False,0,0.0,0,-0.87,1,4,2.39
2025-05-25_to_2025-08-25,1499,LONG,1750059000,1750059900,2025-06-16T07:45,3412.69,4886,DEMAND,3407.84,3413.15,0.877,37,False,False,1,0.751,3,False,2.632,-2.7,-0.076,2,3,True,-1,reversal,BOS,15,3,31.17,7,0,BULL,1,1,1,with_macro,False,0,0.0,0,-0.22,1,5,1.96
2025-05-25_to_2025-08-25,1501,LONG,1750059900,1750060800,2025-06-16T08:00,3414.82,4886,DEMAND,3407.84,3413.15,0.865,38,False,False,1,0.751,4,False,2.597,-2.63,0.272,3,4,True,-1,reversal,BOS,16,3,31.69,8,0,BULL,1,1,1,with_macro,False,0,0.0,0,-0.22,1,6,1.59
2025-05-25_to_2025-08-25,1507,LONG,1750085100,1750086000,2025-06-16T15:00,3400.87,4900,DEMAND,3382.61,3388.29,0.67,0,False,True,0,0.0,1,False,2.208,-2.86,1.484,1,0,False,-1,reversal,BOS,4,4,34.82,15,0,BULL,1,1,1,with_macro,False,0,3.35,0,-1.26,0,7,1.49
2025-05-25_to_2025-08-25,1515,LONG,1750105800,1750106700,2025-06-16T20:45,3385.38,4902,DEMAND,3382.9,3384.98,0.608,1,False,True,0,0.62,2,True,1.532,-4.16,0.117,1,0,False,-1,reversal,BOS,6,4,30.89,20,0,BULL,1,1,-1,with_macro,True,0,8.22,0,0.0,0,7,4.56
2025-05-25_to_2025-08-25,1531,SHORT,1750630500,1750631400,2025-06-22T22:30,3379.7,4937,SUPPLY,3394.58,3400.01,1.188,181,False,True,0,0.018,2,False,2.127,3.4,3.257,1,0,False,-1,continuation,CHoCH,1,9,72.59,22,6,BEAR,-1,-1,1,with_macro,True,0,0.0,0,-1.17,1,1,0.4
2025-05-25_to_2025-08-25,1539,LONG,1750725000,1750725900,2025-06-24T00:45,3351.18,4965,DEMAND,3341.85,3346.97,0.706,132,False,True,0,1.5,5,True,2.747,-2.9,0.58,1,0,False,-1,reversal,CHoCH,2,6,29.13,0,1,NEUTRAL,1,-1,1,neutral_macro,False,0,6.18,0,1.2,1,3,1.91
2025-05-25_to_2025-08-25,1549,LONG,1750750200,1750751100,2025-06-24T07:45,3329.65,5002,DEMAND,3315.94,3321.25,0.853,0,False,True,0,0.0,1,False,1.361,-4.44,1.35,1,0,False,0,neutral,BOS,9,4,25.21,7,1,NEUTRAL,0,-1,1,neutral_macro,False,0,9.97,0,0.0,1,8,2.17
2025-05-25_to_2025-08-25,1551,LONG,1750751100,1750752000,2025-06-24T08:00,3331.07,5002,DEMAND,3315.94,3321.25,0.794,1,False,True,0,0.0,1,False,0.375,-3.88,1.468,2,1,True,0,neutral,BOS,10,4,29.75,8,1,NEUTRAL,0,-1,1,neutral_macro,False,0,9.28,0,-1.02,1,9,1.81
2025-05-25_to_2025-08-25,1553,LONG,1750758300,1750759200,2025-06-24T10:00,3323.37,5002,DEMAND,3315.94,3321.25,0.872,9,False,True,0,0.627,3,True,0.205,-3.46,0.348,3,9,True,-1,reversal,BOS,18,3,34.28,10,1,NEUTRAL,0,-1,-1,neutral_macro,False,0,10.2,0,-0.33,1,10,0.62
2025-05-25_to_2025-08-25,1563,LONG,1750985100,1750986000,2025-06-27T01:00,3316.59,5055,DEMAND,3311.63,3316.25,1.282,33,False,True,0,0.677,4,False,2.068,-3.5,0.094,1,0,False,-1,reversal,CHoCH,11,3,28.52,1,4,NEUTRAL,0,-1,1,neutral_macro,False,0,0.0,0,-0.41,1,2,3.84
2025-05-25_to_2025-08-25,1569,LONG,1751002200,1751003100,2025-06-27T05:45,3297.41,5064,DEMAND,3290.87,3294.74,0.761,2,False,True,0,1.377,3,False,2.181,-3.59,0.525,1,0,False,-1,reversal,CHoCH,11,4,34.44,5,4,NEUTRAL,0,-1,1,neutral_macro,False,0,0.0,0,0.29,1,4,0.33
2025-05-25_to_2025-08-25,1573,SHORT,1751262300,1751263200,2025-06-30T06:00,3290.18,5072,SUPPLY,3287.65,3291.15,0.963,68,False,True,0,1.097,3,False,2.49,2.45,-0.696,1,0,False,-1,continuation,EQL,3,5,65.96,6,0,NEUTRAL,0,-1,1,neutral_macro,False,0,2.38,0,0.09,1,1,0.1
2025-05-25_to_2025-08-25,1577,SHORT,1751269500,1751270400,2025-06-30T08:00,3294.53,5067,SUPPLY,3296.56,3300.99,1.11,96,False,False,1,0.0,1,False,1.012,3.04,0.509,1,0,False,0,neutral,EQL,11,5,66.66,8,0,NEUTRAL,0,-1,-1,neutral_macro,False,0,3.51,0,-1.14,1,3,1.02
2025-05-25_to_2025-08-25,1589,SHORT,1751328900,1751329800,2025-07-01T00:30,3311.6,5101,SUPPLY,3309.77,3314.5,1.521,2,False,True,0,0.759,3,True,3.086,4.12,-0.588,1,0,False,1,reversal,BOS,5,4,68.2,0,1,BEAR,-1,-1,-1,with_macro,False,0,8.2,0,0.0,1,6,2.3
2025-05-25_to_2025-08-25,1591,SHORT,1751334300,1751335200,2025-07-01T02:00,3316.04,5062,SUPPLY,3317.63,3322.07,1.233,181,False,True,0,0.761,4,True,1.919,5.14,0.442,1,0,False,0,neutral,BOS,3,4,73.77,2,1,BEAR,-1,-1,-1,with_macro,False,0,8.89,0,-0.29,1,7,3.22
2025-05-25_to_2025-08-25,1593,SHORT,1751335200,1751336100,2025-07-01T02:15,3316.15,5062,SUPPLY,3317.63,3322.07,1.256,182,False,True,0,0.761,5,True,1.954,4.28,0.419,2,1,False,1,reversal,BOS,4,4,68.27,2,1,BEAR,-1,-1,-1,with_macro,False,0,9.05,0,-0.3,1,8,3.31
2025-05-25_to_2025-08-25,1605,SHORT,1751355900,1751356800,2025-07-01T08:00,3337.89,5052,SUPPLY,3339.66,3344.03,1.131,254,False,True,0,0.064,2,False,2.006,5.38,0.458,1,0,False,1,reversal,BOS,17,3,78.66,8,1,BEAR,-1,-1,1,with_macro,True,0,13.18,0,-1.06,0,13,2.16
2025-05-25_to_2025-08-25,1607,SHORT,1751357700,1751358600,2025-07-01T08:30,3339.02,5052,SUPPLY,3339.66,3344.03,1.025,256,False,True,0,0.556,4,False,1.818,5.01,0.15,2,2,False,1,reversal,BOS,19,3,74.83,8,1,NEUTRAL,-1,1,1,neutral_macro,False,0,12.45,0,-0.46,0,14,2.22
2025-05-25_to_2025-08-25,1609,SHORT,1751359500,1751360400,2025-07-01T09:00,3340.33,5052,SUPPLY,3339.66,3344.03,1.04,258,False,True,0,0.652,6,False,1.845,4.88,-0.16,3,4,False,1,reversal,BOS,21,3,74.11,9,1,NEUTRAL,-1,1,1,neutral_macro,False,0,12.73,0,-0.36,0,14,2.57
2025-05-25_to_2025-08-25,1611,SHORT,1751364000,1751364900,2025-07-01T10:15,3346.71,5048,SUPPLY,3346.5,3350.28,0.939,277,False,True,0,0.45,2,False,1.553,5.78,-0.052,1,0,False,1,reversal,BOS,26,3,81.08,10,1,NEUTRAL,-1,1,-1,neutral_macro,False,0,14.7,0,-0.52,0,13,0.67
2025-05-25_to_2025-08-25,1613,SHORT,1751365800,1751366700,2025-07-01T10:45,3348.6,5048,SUPPLY,3346.5,3350.28,1.043,279,False,True,0,0.566,4,False,1.725,5.75,-0.58,2,2,False,1,reversal,BOS,28,3,79.96,10,1,NEUTRAL,-1,1,-1,neutral_macro,False,0,16.45,0,-0.45,0,14,1.26
2025-05-25_to_2025-08-25,1615,SHORT,1751370300,1751371200,2025-07-01T12:00,3350.52,5001,SUPPLY,3352.75,3357.81,1.453,484,False,True,0,0.055,2,False,0.776,5.0,0.641,1,0,False,1,reversal,CHoCH,2,3,72.08,12,1,NEUTRAL,-1,1,-1,neutral_macro,False,0,18.38,0,-1.37,1,15,1.87
2025-05-25_to_2025-08-25,1629,SHORT,1751523300,1751524200,2025-07-03T06:30,3356.82,5136,SUPPLY,3361.65,3365.77,1.374,28,False,True,0,0.485,2,False,3.231,2.71,1.61,1,0,False,1,reversal,BOS,4,3,68.01,6,3,BULL,1,1,1,counter_macro,False,0,0.0,0,-0.71,0,6,1.1
2025-05-25_to_2025-08-25,1643,LONG,1751860800,1751861700,2025-07-07T04:15,3307.35,5176,DEMAND,3305.87,3309.73,0.694,1,False,True,0,0.272,1,False,0.638,-3.24,-0.428,1,0,False,-1,reversal,CHoCH,11,6,34.2,4,0,BEAR,-1,-1,-1,counter_macro,False,0,0.0,0,-0.51,1,5,2.94
2025-05-25_to_2025-08-25,1653,SHORT,1751918400,1751919300,2025-07-07T20:15,3336.33,5173,SUPPLY,3338.86,3342.68,1.154,84,False,True,0,0.385,4,False,1.827,3.97,0.764,1,0,False,1,reversal,BOS,3,4,70.37,20,0,NEUTRAL,-1,1,1,neutral_macro,False,0,7.56,0,-0.71,1,4,1.45
2025-05-25_to_2025-08-25,1659,SHORT,1751921100,1751925600,2025-07-07T22:00,3344.23,5193,SUPPLY,3336.6,3340.33,1.293,0,False,True,0,0.391,1,False,0.645,3.73,-2.645,1,0,False,1,reversal,BOS,6,3,67.66,22,0,NEUTRAL,-1,1,1,neutral_macro,False,0,8.67,0,0.0,1,7,0.07
2025-05-25_to_2025-08-25,1697,LONG,1752597900,1752598800,2025-07-15T17:00,3331.02,5262,DEMAND,3321.92,3324.67,0.412,252,False,False,1,1.5,4,True,3.653,-3.84,0.95,1,0,False,-1,reversal,BOS,5,3,27.43,17,1,NEUTRAL,1,-1,1,neutral_macro,False,0,0.0,0,0.24,1,5,0.75
2025-05-25_to_2025-08-25,1759,SHORT,1753207200,1753208100,2025-07-22T18:15,3429.78,5414,SUPPLY,3429.98,3433.53,0.858,0,False,True,0,0.076,1,False,0.046,4.45,0.048,1,0,False,1,reversal,EQH,5,4,68.53,18,1,BULL,1,1,1,counter_macro,False,1,0.7,0,-0.79,1,6,0.64
2025-05-25_to_2025-08-25,1761,SHORT,1753210800,1753211700,2025-07-22T19:15,3431.61,5414,SUPPLY,3429.98,3433.53,1.115,4,False,True,0,0.301,5,False,0.06,4.53,-0.512,2,4,False,0,neutral,EQH,9,4,67.4,19,1,BULL,1,1,-1,counter_macro,False,1,0.91,0,-0.78,1,7,1.4
2025-05-25_to_2025-08-25,1771,LONG,1753290900,1753291800,2025-07-23T17:30,3387.59,5432,DEMAND,3381.32,3384.99,0.533,0,False,True,0,0.0,1,False,3.446,-3.96,0.378,1,0,False,-1,reversal,BOS,5,5,30.91,17,2,BULL,1,1,1,with_macro,False,0,5.64,0,-0.61,1,3,4.16
2025-05-25_to_2025-08-25,1777,LONG,1753344900,1753345800,2025-07-24T08:30,3373.58,5391,DEMAND,3362.92,3365.62,0.525,263,False,True,0,0.0,1,False,0.167,-3.39,1.549,1,0,False,-1,reversal,BOS,7,4,33.62,8,3,NEUTRAL,1,-1,-1,neutral_macro,False,0,4.02,0,-1.08,1,3,0.2
2025-05-25_to_2025-08-25,1791,LONG,1753438500,1753439400,2025-07-25T10:30,3344.19,5468,DEMAND,3343.02,3346.72,0.974,1,False,True,0,0.919,2,True,1.992,-3.51,-0.666,1,0,False,-1,reversal,BOS,7,2,33.91,10,4,NEUTRAL,0,-1,-1,neutral_macro,False,0,0.0,0,0.0,1,4,0.02
2025-05-25_to_2025-08-25,1809,LONG,1753461900,1753462800,2025-07-25T17:00,3333.18,5475,DEMAND,3325.06,3328.81,0.696,1,False,True,0,0.717,2,False,1.165,-3.07,0.811,1,0,False,0,neutral,BOS,8,3,33.04,17,4,NEUTRAL,0,-1,1,neutral_macro,False,0,0.0,0,0.0,0,12,0.53
2025-05-25_to_2025-08-25,1813,LONG,1753707600,1753708500,2025-07-28T13:15,3328.47,5479,DEMAND,3323.38,3327.23,1.108,56,False,True,0,0.499,3,False,2.441,-2.22,0.357,1,0,False,0,neutral,CHoCH,3,3,30.62,13,0,NEUTRAL,0,-1,-1,neutral_macro,False,0,0.0,0,-0.56,1,1,0.52
2025-05-25_to_2025-08-25,1829,LONG,1753886700,1753887600,2025-07-30T15:00,3300.76,5528,DEMAND,3298.17,3301.88,0.56,0,False,True,0,0.051,1,False,1.678,-3.27,-0.169,1,0,False,-1,reversal,BOS,7,5,30.76,15,2,NEUTRAL,0,-1,-1,neutral_macro,False,0,4.09,0,-0.47,1,2,2.2
2025-05-25_to_2025-08-25,1835,LONG,1753893000,1753893900,2025-07-30T16:45,3298.03,5530,DEMAND,3288.5,3292.37,0.66,0,False,True,0,0.0,1,False,1.529,-3.75,0.965,1,0,False,-1,reversal,BOS,4,6,30.81,16,2,NEUTRAL,0,-1,1,neutral_macro,False,0,6.27,0,-0.89,1,5,0.18
2025-05-25_to_2025-08-25,1841,LONG,1753908300,1753912800,2025-07-30T22:00,3277.25,5533,DEMAND,3267.95,3271.88,0.611,1,False,True,0,0.613,2,False,2.304,-4.44,0.835,1,0,False,-1,reversal,BOS,7,6,31.22,22,2,NEUTRAL,0,-1,-1,neutral_macro,False,0,8.91,0,0.0,1,8,0.87
2025-05-25_to_2025-08-25,1845,SHORT,1753943400,1753944300,2025-07-31T06:45,3299.04,5531,SUPPLY,3301.24,3305.01,1.107,42,False,True,0,0.905,4,False,1.413,2.0,0.646,1,0,False,1,reversal,CHoCH,2,2,67.48,6,3,BEAR,-1,-1,1,with_macro,True,0,-8.07,0,-0.11,1,4,0.94
2025-05-25_to_2025-08-25,1857,SHORT,1754063100,1754064000,2025-08-01T16:00,3345.59,5568,SUPPLY,3350.74,3355.03,0.435,2,False,True,0,0.107,3,False,0.221,4.93,0.522,1,0,False,1,reversal,EQH,3,5,75.12,16,4,NEUTRAL,0,-1,1,neutral_macro,False,0,0.0,0,-0.39,1,5,0.16
2025-05-25_to_2025-08-25,1859,SHORT,1754064000,1754064900,2025-08-01T16:15,3341.19,5568,SUPPLY,3350.74,3355.03,0.575,3,False,False,1,0.0,1,False,0.461,4.9,1.28,2,1,True,0,neutral,EQH,4,5,74.78,16,4,NEUTRAL,0,1,-1,neutral_macro,False,0,0.0,0,-0.74,1,6,0.57
2025-05-25_to_2025-08-25,1861,SHORT,1754064900,1754065800,2025-08-01T16:30,3342.53,5568,SUPPLY,3350.74,3355.03,0.599,4,False,False,1,0.0,1,False,0.708,4.32,1.147,3,2,True,0,neutral,EQH,5,5,69.46,16,4,NEUTRAL,0,1,-1,neutral_macro,False,0,0.0,0,-1.23,1,7,0.78
2025-05-25_to_2025-08-25,1863,SHORT,1754068500,1754069400,2025-08-01T17:30,3348.03,5569,SUPPLY,3346.91,3351.2,0.776,3,False,True,0,0.59,3,False,0.246,4.17,-0.203,1,0,False,-1,continuation,CHoCH,3,6,66.67,17,4,NEUTRAL,0,1,1,neutral_macro,False,0,0.0,0,-0.32,1,8,0.73
2025-05-25_to_2025-08-25,1873,LONG,1754390700,1754391600,2025-08-05T11:00,3353.27,5582,DEMAND,3353.02,3357.16,1.096,90,False,True,0,1.039,4,True,4.096,-3.4,-1.03,1,0,False,-1,reversal,BOS,6,4,28.97,11,1,BULL,1,1,-1,with_macro,True,0,4.65,0,0.04,1,2,0.47
2025-05-25_to_2025-08-25,1877,LONG,1754396100,1754397000,2025-08-05T12:30,3363.91,5576,DEMAND,3344.95,3349.19,1.036,132,False,True,0,0.0,1,False,1.104,-3.64,3.596,1,0,False,-1,reversal,BOS,12,3,28.53,12,1,NEUTRAL,0,1,1,neutral_macro,False,0,5.02,0,-1.74,1,4,0.27
2025-05-25_to_2025-08-25,1881,SHORT,1754410500,1754411400,2025-08-05T16:30,3380.49,5438,SUPPLY,3389.59,3393.32,0.662,793,False,True,0,0.233,3,False,2.872,3.24,1.614,1,0,False,0,neutral,BOS,4,3,69.65,16,1,NEUTRAL,0,1,1,neutral_macro,False,0,1.46,0,-0.51,1,6,0.44
2025-05-25_to_2025-08-25,1887,SHORT,1754532900,1754533800,2025-08-07T02:30,3380.9,5611,SUPPLY,3381.64,3385.38,1.046,95,False,False,1,0.636,4,False,3.62,2.75,0.207,1,0,False,0,neutral,CHoCH,4,5,71.45,2,3,NEUTRAL,0,1,1,neutral_macro,False,0,0.0,0,-0.38,1,2,0.68
2025-05-25_to_2025-08-25,1889,SHORT,1754550900,1754551800,2025-08-07T07:30,3394.75,5603,SUPPLY,3386.7,3390.46,0.975,145,False,True,0,1.5,3,True,2.619,3.22,-2.087,1,0,False,0,neutral,CHoCH,2,5,67.12,7,3,NEUTRAL,0,1,1,neutral_macro,False,0,0.0,0,0.86,1,2,2.16
2025-05-25_to_2025-08-25,1895,LONG,1754897400,1754898300,2025-08-11T07:45,3360.27,5635,DEMAND,3358.07,3362.18,0.911,184,False,False,1,0.854,1,False,3.142,-3.21,-0.424,1,0,False,0,neutral,BOS,4,7,32.4,7,0,BULL,1,1,-1,with_macro,True,0,7.45,0,-0.13,1,3,0.42
2025-05-25_to_2025-08-25,1909,SHORT,1755494100,1755495000,2025-08-18T05:30,3348.12,5755,SUPPLY,3354.61,3359.17,1.485,148,False,True,0,0.842,4,True,3.612,3.99,2.114,1,0,False,1,reversal,CHoCH,4,6,69.37,5,0,NEUTRAL,0,-1,1,neutral_macro,False,0,0.0,0,-0.23,1,1,0.71
2025-05-25_to_2025-08-25,1915,LONG,1755531900,1755532800,2025-08-18T16:00,3333.36,5800,DEMAND,3332.19,3335.86,0.967,3,False,True,0,0.962,4,False,1.715,-2.47,-0.659,1,0,False,0,neutral,EQL,0,6,32.39,16,0,BEAR,-1,-1,1,counter_macro,False,0,0.04,0,0.0,1,4,0.71
2025-05-25_to_2025-08-25,1917,LONG,1755532800,1755533700,2025-08-18T16:15,3332.47,5801,DEMAND,3332.33,3335.28,0.763,0,False,True,0,1.169,1,True,0.527,-2.16,-0.726,1,0,False,0,neutral,EQL,1,6,35.18,16,0,NEUTRAL,0,-1,1,neutral_macro,False,0,0.13,0,0.13,1,5,0.92
2025-05-25_to_2025-08-25,1927,LONG,1755627300,1755628200,2025-08-19T18:30,3318.22,5825,DEMAND,3315.03,3318.53,1.072,0,False,True,0,0.137,1,False,0.178,-3.19,-0.095,1,0,False,-1,reversal,CHoCH,13,7,34.13,18,1,NEUTRAL,1,-1,-1,neutral_macro,False,0,6.69,0,0.0,1,4,0.99
2025-05-25_to_2025-08-25,1931,SHORT,1755696600,1755697500,2025-08-20T13:45,3344.92,5820,SUPPLY,3342.67,3345.31,0.715,101,False,False,1,1.5,4,True,4.391,4.45,-0.609,1,0,False,1,reversal,BOS,9,4,73.16,13,2,BEAR,-1,-1,-1,with_macro,False,0,5.63,0,0.79,1,1,0.06
2025-05-25_to_2025-08-25,1933,SHORT,1755698400,1755699300,2025-08-20T14:15,3344.39,5799,SUPPLY,3345.83,3348.79,0.708,186,False,True,0,0.807,3,False,4.187,4.57,0.345,1,0,False,1,reversal,CHoCH,1,5,74.14,14,2,BEAR,-1,-1,-1,with_macro,False,0,4.98,0,-0.14,1,2,0.09
2025-05-25_to_2025-08-25,1935,SHORT,1755699300,1755700200,2025-08-20T14:30,3346.09,5799,SUPPLY,3345.83,3348.79,0.676,187,False,True,0,0.807,4,False,3.997,3.53,-0.059,2,1,False,1,reversal,CHoCH,2,5,66.64,14,2,BEAR,-1,-1,-1,with_macro,False,0,4.75,0,-0.13,1,3,0.03
2025-05-25_to_2025-08-25,1941,LONG,1755839700,1755840600,2025-08-22T05:30,3330.14,5864,DEMAND,3325.16,3328.2,1.502,65,False,True,0,0.418,3,False,2.766,-3.76,0.958,1,0,False,-1,reversal,BOS,13,3,27.98,5,4,NEUTRAL,0,-1,-1,neutral_macro,False,0,0.0,0,-0.87,0,1,0.06
2025-05-25_to_2025-08-25,1943,LONG,1755840600,1755841500,2025-08-22T05:45,3330.07,5864,DEMAND,3325.16,3328.2,1.531,66,False,True,0,0.418,4,False,2.821,-3.05,0.942,2,1,False,-1,reversal,BOS,14,3,33.29,5,4,NEUTRAL,0,-1,-1,neutral_macro,False,0,0.0,0,-0.89,0,2,0.1
2025-05-25_to_2025-08-25,1953,SHORT,1755885600,1755886500,2025-08-22T18:15,3372.71,5888,SUPPLY,3375.88,3378.85,0.782,6,False,True,0,0.0,1,False,0.584,5.69,0.835,1,0,False,1,reversal,BOS,1,6,73.96,18,4,NEUTRAL,0,1,1,neutral_macro,False,0,12.41,0,-1.01,1,6,0.6
2025-05-25_to_2025-08-25,1959,SHORT,1755888300,1755889200,2025-08-22T19:00,3370.78,5890,SUPPLY,3374.06,3375.51,0.432,0,False,True,0,0.0,1,False,0.67,5.07,0.977,1,0,False,0,neutral,BOS,4,6,69.14,19,4,NEUTRAL,0,1,1,neutral_macro,False,0,14.04,0,-0.51,1,8,0.1
2025-08-25_to_2025-11-25,1295,SHORT,1756251000,1756251900,2025-08-26T23:45,3390.78,4647,SUPPLY,3390.89,3394.13,1.686,2,False,True,0,0.648,3,False,0.796,3.52,0.057,1,0,False,1,reversal,BOS,10,6,65.26,23,1,NEUTRAL,0,1,1,neutral_macro,False,0,7.32,0,-0.59,0,1,0.17
2025-08-25_to_2025-11-25,1297,LONG,1756270800,1756271700,2025-08-27T05:15,3375.74,4642,DEMAND,3370.4,3373.6,1.328,51,False,True,0,0.0,1,False,3.793,-3.6,0.888,1,0,False,-1,reversal,CHoCH,15,3,22.52,5,2,NEUTRAL,0,1,1,neutral_macro,False,0,-1.44,0,-1.56,1,2,1.34
2025-08-25_to_2025-11-25,1303,SHORT,1756316700,1756317600,2025-08-27T18:00,3393.49,4662,SUPPLY,3395.46,3398.54,0.965,0,False,True,0,0.289,1,False,2.277,3.44,0.617,1,0,False,1,reversal,BOS,4,3,73.05,18,2,BULL,1,1,-1,counter_macro,False,0,0.0,0,0.0,1,3,5.31
2025-08-25_to_2025-11-25,1305,SHORT,1756317600,1756318500,2025-08-27T18:15,3395.35,4662,SUPPLY,3395.46,3398.54,0.97,1,False,True,0,0.289,2,False,2.289,3.31,0.035,2,1,False,1,reversal,BOS,5,3,71.17,18,2,BULL,1,1,-1,counter_macro,False,0,0.0,0,0.0,1,4,5.93
2025-08-25_to_2025-11-25,1307,SHORT,1756323000,1756323900,2025-08-27T19:45,3396.31,4662,SUPPLY,3395.46,3398.54,1.224,7,False,False,1,0.286,6,False,1.685,3.08,-0.338,3,7,True,0,neutral,BOS,11,3,65.51,19,2,BULL,1,1,1,counter_macro,False,0,0.0,0,-0.87,0,4,0.43
2025-08-25_to_2025-11-25,1325,SHORT,1756474200,1756475100,2025-08-29T13:45,3428.56,4687,SUPPLY,3420.07,3423.15,0.827,63,False,True,0,1.5,2,True,2.725,2.17,-2.279,1,0,False,0,neutral,CHoCH,2,4,65.03,13,4,BULL,1,1,1,counter_macro,False,0,0.0,0,0.77,1,1,5.1
2025-08-25_to_2025-11-25,1347,SHORT,1756705500,1756706400,2025-09-01T06:00,3482.37,4713,SUPPLY,3483.03,3486.11,0.491,7,False,True,0,0.0,1,False,0.443,3.71,0.105,1,0,False,0,neutral,CHoCH,15,3,66.11,6,0,BULL,1,1,1,counter_macro,False,0,0.0,0,-0.72,1,5,1.15
2025-08-25_to_2025-11-25,1367,SHORT,1756845900,1756850400,2025-09-02T22:00,3533.33,4746,SUPPLY,3535.65,3539.96,1.135,0,False,True,0,0.146,1,False,1.285,4.84,0.611,1,0,False,0,neutral,BOS,24,3,70.71,22,1,BULL,1,1,1,counter_macro,False,0,10.97,0,0.0,1,9,1.07
2025-08-25_to_2025-11-25,1369,SHORT,1756850400,1756851300,2025-09-02T22:15,3532.88,4746,SUPPLY,3535.65,3539.96,1.16,1,False,True,0,0.146,2,False,1.313,3.63,0.745,2,1,False,0,neutral,BOS,25,3,60.45,22,1,BULL,1,1,1,counter_macro,False,0,11.21,0,0.0,1,10,0.97
2025-08-25_to_2025-11-25,1371,SHORT,1756852200,1756853100,2025-09-02T22:45,3529.41,4746,SUPPLY,3535.65,3539.96,1.149,3,False,False,1,0.0,1,False,2.555,4.15,1.664,3,3,True,0,neutral,BOS,27,3,65.37,22,1,BULL,1,1,1,counter_macro,False,0,11.1,0,-1.66,1,11,0.03
2025-08-25_to_2025-11-25,1387,SHORT,1757045700,1757046600,2025-09-05T04:30,3558.54,4769,SUPPLY,3558.79,3563.25,1.221,101,False,True,0,0.063,3,False,1.594,2.15,0.068,1,0,False,0,neutral,BOS,2,4,65.17,4,4,NEUTRAL,0,1,-1,neutral_macro,False,0,0.69,0,-1.14,1,1,2.14
2025-08-25_to_2025-11-25,1389,SHORT,1757048400,1757049300,2025-09-05T05:15,3557.08,4769,SUPPLY,3558.79,3563.25,1.345,104,False,False,1,0.496,3,False,2.538,2.33,0.516,2,3,True,1,reversal,BOS,5,4,66.71,5,4,NEUTRAL,0,1,1,neutral_macro,False,0,1.34,0,-0.68,1,2,1.92
2025-08-25_to_2025-11-25,1393,SHORT,1757079000,1757079900,2025-09-05T13:45,3594.36,4799,SUPPLY,3582.01,3586.55,0.575,0,False,True,0,0.72,1,True,4.204,3.57,-1.565,1,0,False,0,neutral,BOS,3,4,72.44,13,4,NEUTRAL,0,1,-1,neutral_macro,False,0,3.8,0,0.0,0,4,5.31
2025-08-25_to_2025-11-25,1405,SHORT,1757323800,1757324700,2025-09-08T09:45,3613.84,4815,SUPPLY,3611.95,3616.92,0.988,1,False,True,0,0.59,2,True,0.487,3.61,-0.376,1,0,False,1,reversal,BOS,9,4,68.93,9,0,BULL,1,1,1,counter_macro,False,0,0.0,0,0.0,1,5,5.98
2025-08-25_to_2025-11-25,1407,SHORT,1757325600,1757326500,2025-09-08T10:15,3618.55,4815,SUPPLY,3611.95,3616.92,0.989,3,False,True,0,1.5,4,True,0.487,4.03,-1.313,2,2,False,1,reversal,BOS,11,3,70.48,10,0,BULL,1,1,1,counter_macro,False,0,0.0,0,0.76,1,6,6.92
2025-08-25_to_2025-11-25,1415,SHORT,1757330100,1757331000,2025-09-08T11:30,3614.51,4816,SUPPLY,3617.36,3622.27,1.133,0,False,True,0,0.043,1,False,1.197,3.59,0.657,1,0,False,1,reversal,BOS,4,4,66.07,11,0,BULL,1,1,1,counter_macro,False,0,0.0,0,-1.08,1,10,7.1
2025-08-25_to_2025-11-25,1427,LONG,1757448900,1757449800,2025-09-09T20:30,3628.61,4843,DEMAND,3626.73,3631.63,1.441,16,False,True,0,0.649,4,False,2.735,-2.7,-0.888,1,0,False,-1,reversal,CHoCH,20,3,32.36,20,1,BULL,1,1,1,with_macro,False,0,0.0,0,-0.51,1,1,3.57
2025-08-25_to_2025-11-25,1435,LONG,1757583900,1757584800,2025-09-11T10:00,3622.04,4818,DEMAND,3612.64,3617.54,0.987,263,False,True,0,0.706,3,False,1.79,-3.07,0.907,1,0,False,-1,reversal,CHoCH,2,4,33.3,10,3,NEUTRAL,0,1,1,neutral_macro,False,0,5.2,0,-0.29,1,2,1.05
2025-08-25_to_2025-11-25,1437,LONG,1757592000,1757592900,2025-09-11T12:15,3623.84,4874,DEMAND,3614.08,3618.79,1.165,7,False,True,0,0.713,3,True,0.88,-3.21,1.249,1,0,False,0,neutral,CHoCH,11,4,34.42,12,3,NEUTRAL,0,1,1,neutral_macro,False,0,6.38,0,-0.33,1,3,0.84
2025-08-25_to_2025-11-25,1441,SHORT,1757652300,1757653200,2025-09-12T05:00,3655.99,4873,SUPPLY,3654.49,3657.55,0.991,74,False,True,0,0.523,3,False,1.521,4.44,-0.486,1,0,False,1,reversal,BOS,14,3,74.95,5,4,NEUTRAL,-1,1,1,neutral_macro,False,0,0.0,0,-0.47,0,2,5.21
2025-08-25_to_2025-11-25,1443,SHORT,1757655000,1757655900,2025-09-12T05:45,3653.18,4873,SUPPLY,3654.49,3657.55,1.059,77,False,True,0,0.722,6,False,1.627,3.48,0.453,2,3,False,1,reversal,BOS,17,3,65.35,5,4,NEUTRAL,-1,1,1,neutral_macro,False,0,0.0,0,-0.29,0,3,4.6
2025-08-25_to_2025-11-25,1451,SHORT,1757960100,1757961000,2025-09-15T18:30,3678.39,4913,SUPPLY,3681.29,3685.52,0.903,3,False,True,0,0.307,4,False,2.578,4.19,0.619,1,0,False,0,neutral,BOS,12,4,66.29,18,0,BULL,1,1,-1,counter_macro,False,0,8.28,0,-0.63,1,2,7.63
2025-08-25_to_2025-11-25,1459,LONG,1758074400,1758075300,2025-09-17T02:15,3677.41,4929,DEMAND,3674.45,3678.55,1.246,73,False,True,0,0.649,3,False,4.749,-3.19,-0.347,1,0,False,1,continuation,CHoCH,2,7,30.43,2,2,BULL,1,1,-1,with_macro,True,0,0.0,0,-0.44,1,1,1.64
2025-08-25_to_2025-11-25,1471,LONG,1758178800,1758179700,2025-09-18T07:15,3649.45,4972,DEMAND,3633.88,3638.54,0.875,0,False,True,0,0.597,1,False,1.92,-4.18,2.049,1,0,False,-1,reversal,BOS,4,4,26.59,7,3,NEUTRAL,0,1,1,neutral_macro,False,0,0.0,0,0.0,1,3,0.97
2025-08-25_to_2025-11-25,1481,SHORT,1758296700,1758297600,2025-09-19T16:00,3668.75,4978,SUPPLY,3669.91,3672.99,0.547,100,False,True,0,1.5,4,True,3.327,2.93,0.206,1,0,False,0,neutral,BOS,7,1,69.23,16,4,NEUTRAL,0,1,-1,neutral_macro,False,0,5.08,0,0.5,0,4,3.69
2025-08-25_to_2025-11-25,1493,SHORT,1758496500,1758497400,2025-09-21T23:30,3686.44,5001,SUPPLY,3687.69,3692.11,1.524,0,False,True,0,0.636,1,False,2.168,4.45,0.431,1,0,False,0,neutral,BOS,17,2,65.92,23,6,NEUTRAL,0,1,-1,neutral_macro,False,0,0.0,0,0.0,0,3,1.04
2025-08-25_to_2025-11-25,1499,SHORT,1758528000,1758528900,2025-09-22T08:15,3717.81,5010,SUPPLY,3715.6,3719.96,0.868,1,False,True,0,0.906,1,False,3.304,4.6,-0.44,1,0,False,1,reversal,BOS,6,4,69.27,8,0,NEUTRAL,0,1,1,neutral_macro,False,0,0.0,0,-0.08,0,6,5.06
2025-08-25_to_2025-11-25,1505,SHORT,1758536100,1758537000,2025-09-22T10:30,3726.1,5012,SUPPLY,3722.19,3726.59,1.013,0,False,True,0,1.155,1,True,1.694,5.03,-0.9,1,0,False,1,reversal,BOS,6,5,69.43,10,0,NEUTRAL,0,1,-1,neutral_macro,False,0,0.0,0,0.16,0,9,3.02
2025-08-25_to_2025-11-25,1521,SHORT,1758623400,1758624300,2025-09-23T10:45,3782.9,5031,SUPPLY,3786.68,3791.14,0.712,1,False,True,0,0.278,2,False,3.729,4.57,0.603,1,0,False,1,reversal,BOS,8,5,68.1,10,1,NEUTRAL,0,1,1,neutral_macro,False,0,5.39,0,-0.51,1,2,4.72
2025-08-25_to_2025-11-25,1529,LONG,1758726900,1758727800,2025-09-24T15:30,3745.46,5049,DEMAND,3750.57,3755.43,0.772,47,False,True,0,1.21,6,True,1.059,-1.96,-1.583,1,0,False,0,neutral,BOS,3,4,34.08,15,2,BULL,1,1,1,with_macro,False,0,0.0,0,0.16,1,2,0.48
2025-08-25_to_2025-11-25,1531,LONG,1758730500,1758731400,2025-09-24T16:30,3738.54,5030,DEMAND,3736.45,3740.77,0.64,122,False,True,0,0.759,3,False,3.026,-3.72,-0.33,1,0,False,0,neutral,BOS,7,4,22.05,16,2,NEUTRAL,0,1,1,neutral_macro,False,0,0.0,0,-0.15,1,3,1.48
2025-08-25_to_2025-11-25,1539,SHORT,1758897900,1758898800,2025-09-26T15:00,3774.71,5040,SUPPLY,3781.01,3785.76,0.617,262,False,False,1,0.583,3,False,3.617,3.69,0.819,1,0,False,1,reversal,BOS,6,4,72.02,15,4,NEUTRAL,0,1,-1,neutral_macro,False,0,3.73,0,-0.26,1,1,3.01
2025-08-25_to_2025-11-25,1541,SHORT,1758899700,1758900600,2025-09-26T15:30,3776.07,5096,SUPPLY,3778.64,3783.78,0.636,0,False,True,0,0.144,1,False,2.656,3.12,0.318,1,0,False,1,reversal,BOS,8,4,66.95,15,4,NEUTRAL,0,1,-1,neutral_macro,False,0,3.55,0,0.0,1,2,3.03
2025-08-25_to_2025-11-25,1543,SHORT,1758901500,1758902400,2025-09-26T16:00,3774.96,5096,SUPPLY,3778.64,3783.78,0.623,2,False,True,0,0.465,3,False,2.601,3.13,0.446,2,2,False,1,reversal,BOS,10,4,65.3,16,4,NEUTRAL,0,1,-1,neutral_macro,False,0,3.48,0,0.0,1,3,2.84
2025-08-25_to_2025-11-25,1567,SHORT,1759201200,1759202100,2025-09-30T03:15,3858.06,5126,SUPPLY,3846.56,3852.05,0.959,0,False,True,0,1.495,1,True,1.954,3.51,-2.008,1,0,False,1,reversal,BOS,11,2,70.64,3,1,BULL,1,1,1,counter_macro,False,0,6.11,0,0.48,0,5,4.81
2025-08-25_to_2025-11-25,1575,LONG,1759222800,1759223700,2025-09-30T09:15,3801.69,5122,DEMAND,3809.22,3814.72,0.506,44,False,False,1,1.5,1,True,5.017,-3.39,-1.199,1,0,False,1,continuation,CHoCH,2,3,20.73,9,1,BULL,1,1,-1,with_macro,True,0,0.0,0,1.1,1,9,1.67
2025-08-25_to_2025-11-25,1597,SHORT,1759500000,1759500900,2025-10-03T14:15,3879.16,5174,SUPPLY,3891.28,3896.91,0.732,90,False,True,0,0.0,1,False,0.411,3.22,1.576,1,0,False,0,neutral,BOS,5,5,70.47,14,4,NEUTRAL,0,1,1,neutral_macro,False,0,0.0,0,-1.49,1,3,2.22
2025-08-25_to_2025-11-25,1607,SHORT,1759719600,1759720500,2025-10-06T03:15,3922.06,5200,SUPPLY,3918.79,3924.57,0.89,0,False,True,0,1.36,1,True,2.41,4.3,-0.504,1,0,False,1,reversal,BOS,3,4,69.21,3,0,NEUTRAL,-1,1,-1,neutral_macro,False,0,0.0,0,0.32,1,5,2.66
2025-08-25_to_2025-11-25,1641,SHORT,1759910400,1759911300,2025-10-08T08:15,4038.22,5245,SUPPLY,4032.92,4039.05,0.979,0,False,True,0,1.103,1,True,1.504,4.48,-0.846,1,0,False,1,reversal,BOS,24,4,71.18,8,2,BULL,1,1,-1,counter_macro,False,0,8.99,0,0.1,0,10,1.74
2025-08-25_to_2025-11-25,1645,SHORT,1759915800,1759916700,2025-10-08T09:45,4049.16,5245,SUPPLY,4032.92,4039.05,1.042,6,False,True,0,1.241,7,True,1.601,3.83,-2.761,2,6,False,1,reversal,BOS,4,4,65.65,9,2,BULL,1,1,-1,counter_macro,False,0,9.72,0,0.25,0,12,3.71
2025-08-25_to_2025-11-25,1653,LONG,1760031000,1760031900,2025-10-09T17:45,3950.48,5226,DEMAND,3940.64,3946.78,0.377,218,False,True,0,0.373,2,False,3.533,-4.34,0.227,1,0,False,0,neutral,CHoCH,3,6,27.0,17,3,BULL,1,1,-1,with_macro,True,0,0.0,0,-0.24,1,2,0.53
2025-08-25_to_2025-11-25,1655,LONG,1760033700,1760034600,2025-10-09T18:30,3957.55,5277,DEMAND,3944.49,3951.56,0.47,0,False,True,0,0.0,1,False,3.262,-3.78,0.398,1,0,False,-1,reversal,CHoCH,6,6,31.88,18,3,BULL,1,1,1,with_macro,False,0,0.0,0,-0.06,1,3,0.1
2025-08-25_to_2025-11-25,1695,SHORT,1760660100,1760661000,2025-10-17T00:30,4367.06,5382,SUPPLY,4369.77,4378.86,0.539,4,False,False,1,0.0,1,False,0.592,3.92,0.161,1,0,False,1,reversal,BOS,13,1,67.31,0,4,BULL,1,1,-1,counter_macro,False,0,0.0,0,-0.9,0,6,0.97
2025-08-25_to_2025-11-25,1703,SHORT,1760967900,1760968800,2025-10-20T14:00,4316.19,5410,SUPPLY,4314.98,4327.08,0.922,0,False,True,0,0.209,1,False,1.662,3.3,-0.092,1,0,False,1,reversal,BOS,7,3,67.81,14,0,NEUTRAL,0,1,-1,neutral_macro,False,0,0.0,0,0.0,1,2,4.45
2025-08-25_to_2025-11-25,1711,SHORT,1760976900,1760977800,2025-10-20T16:30,4346.13,5412,SUPPLY,4343.49,4355.66,0.968,0,False,True,0,0.558,1,False,1.504,4.66,-0.21,1,0,False,1,reversal,BOS,5,4,73.6,16,0,NEUTRAL,0,1,-1,neutral_macro,False,0,0.0,0,0.0,1,6,3.3
2025-08-25_to_2025-11-25,1713,SHORT,1760977800,1760978700,2025-10-20T16:45,4347.88,5412,SUPPLY,4343.49,4355.66,1.004,1,False,True,0,0.558,2,False,1.559,4.53,-0.362,2,1,False,1,reversal,BOS,6,4,72.64,16,0,NEUTRAL,0,1,1,neutral_macro,False,0,0.0,0,0.0,1,7,3.57
2025-08-25_to_2025-11-25,1715,SHORT,1760980500,1760981400,2025-10-20T17:30,4345.5,5412,SUPPLY,4343.49,4355.66,1.155,4,False,True,0,0.632,5,False,1.794,4.63,-0.191,3,4,False,1,reversal,BOS,9,4,72.17,17,0,NEUTRAL,0,1,1,neutral_macro,False,0,0.0,0,0.0,1,8,3.88
2025-08-25_to_2025-11-25,1717,SHORT,1760981400,1760982300,2025-10-20T17:45,4347.41,5412,SUPPLY,4343.49,4355.66,1.282,5,False,True,0,0.632,6,False,1.991,4.04,-0.413,4,5,False,0,neutral,BOS,10,4,67.48,17,0,NEUTRAL,0,1,-1,neutral_macro,False,0,0.0,0,0.0,1,9,4.51
2025-08-25_to_2025-11-25,1719,SHORT,1760984100,1760985000,2025-10-20T18:30,4359.37,5413,SUPPLY,4346.25,4351.18,0.616,1,False,True,0,1.5,2,True,0.108,4.38,-1.641,1,0,False,-1,continuation,BOS,13,4,69.47,18,0,NEUTRAL,0,1,1,neutral_macro,False,0,0.0,0,0.86,1,10,6.84
2025-08-25_to_2025-11-25,1731,LONG,1761053400,1761054300,2025-10-21T13:45,4174.24,5397,DEMAND,4186.44,4198.44,0.669,166,False,True,0,0.722,3,False,3.948,-5.29,-1.35,1,0,False,-1,reversal,CHoCH,3,7,24.91,13,1,BULL,1,1,1,with_macro,False,0,9.28,0,-0.19,1,6,4.81
2025-08-25_to_2025-11-25,1733,LONG,1761054300,1761055200,2025-10-21T14:00,4181.79,5397,DEMAND,4186.44,4198.44,0.61,167,False,True,0,1.5,4,True,3.597,-4.4,-0.846,2,1,False,-1,reversal,CHoCH,4,6,28.0,14,1,BULL,1,1,1,with_macro,False,0,9.59,0,0.96,1,7,4.0
2025-08-25_to_2025-11-25,1735,LONG,1761056100,1761057000,2025-10-21T14:30,4101.58,5342,DEMAND,4153.69,4162.73,0.381,420,False,True,0,1.5,1,True,3.859,-4.8,-2.574,1,0,False,-1,reversal,CHoCH,6,6,26.05,14,1,BULL,1,1,-1,with_macro,True,0,9.52,0,0.98,1,8,1.8
2025-08-25_to_2025-11-25,1737,LONG,1761058800,1761059700,2025-10-21T15:15,4124.69,5311,DEMAND,4073.26,4077.06,0.128,560,False,True,0,0.0,1,False,1.905,-4.71,1.61,1,0,False,-1,reversal,CHoCH,9,4,30.09,15,1,BULL,1,1,-1,with_macro,True,0,9.26,0,-1.68,1,9,0.66
2025-08-25_to_2025-11-25,1745,LONG,1761068700,1761069600,2025-10-21T18:00,4118.73,5433,DEMAND,4081.34,4093.31,0.501,8,False,True,0,0.0,1,False,1.149,-4.17,1.063,1,0,False,0,neutral,CHoCH,20,4,34.73,18,1,NEUTRAL,1,-1,1,neutral_macro,False,0,11.51,0,-1.14,1,13,1.07
2025-08-25_to_2025-11-25,1747,LONG,1761093000,1761093900,2025-10-22T00:45,4074.82,5298,DEMAND,4024.69,4032.86,0.396,641,False,True,0,1.5,3,False,3.963,-4.97,2.035,1,0,False,-1,reversal,CHoCH,2,4,27.66,0,2,NEUTRAL,0,-1,1,neutral_macro,False,0,17.07,0,1.0,1,10,0.13
2025-08-25_to_2025-11-25,1749,LONG,1761133500,1761134400,2025-10-22T12:00,4036.12,5445,DEMAND,4004.06,4012.82,0.376,20,False,True,0,0.0,1,False,1.797,-3.6,1.001,1,0,False,-1,reversal,CHoCH,14,4,28.51,12,2,NEUTRAL,0,-1,1,neutral_macro,False,0,0.0,0,-0.5,1,2,0.44
2025-08-25_to_2025-11-25,1751,LONG,1761134400,1761135300,2025-10-22T12:15,4045.16,5445,DEMAND,4004.06,4012.82,0.384,21,False,True,0,0.0,1,False,1.74,-3.26,1.416,2,1,True,-1,reversal,CHoCH,15,4,31.21,12,2,NEUTRAL,0,-1,1,neutral_macro,False,0,0.0,0,-0.97,1,3,0.05
2025-08-25_to_2025-11-25,1761,SHORT,1761228000,1761228900,2025-10-23T14:15,4147.24,5447,SUPPLY,4152.48,4161.5,0.72,117,False,True,0,0.267,1,False,2.994,2.79,0.418,1,0,False,-1,continuation,BOS,4,4,66.18,14,3,NEUTRAL,0,-1,1,neutral_macro,False,0,8.65,0,-0.53,0,3,2.98
2025-08-25_to_2025-11-25,1769,SHORT,1761316200,1761317100,2025-10-24T14:45,4117.35,5478,SUPPLY,4131.36,4144.39,0.862,49,False,True,0,0.272,3,False,4.666,2.24,0.927,1,0,False,1,reversal,CHoCH,7,3,67.12,14,4,NEUTRAL,0,-1,-1,neutral_macro,False,0,0.0,0,-0.63,1,4,3.01
2025-08-25_to_2025-11-25,1771,LONG,1761524100,1761525000,2025-10-27T00:30,4075.23,5487,DEMAND,4044.19,4057.2,0.9,45,False,True,0,0.0,1,False,1.64,-2.26,1.247,1,0,False,0,neutral,BOS,12,4,32.41,0,0,NEUTRAL,0,-1,1,neutral_macro,False,0,0.0,0,-1.26,0,1,0.15
2025-08-25_to_2025-11-25,1775,LONG,1761558300,1761559200,2025-10-27T10:00,4043.32,5501,DEMAND,4022.83,4035.53,1.13,0,False,True,0,0.0,1,False,2.577,-2.78,0.693,1,0,False,0,neutral,BOS,3,4,31.95,10,0,NEUTRAL,0,-1,1,neutral_macro,False,0,0.0,0,-1.42,0,3,0.27
2025-08-25_to_2025-11-25,1777,LONG,1761560100,1761561000,2025-10-27T10:30,4041.54,5501,DEMAND,4022.83,4035.53,1.082,2,False,True,0,0.062,1,False,1.924,-2.57,0.512,2,2,True,0,neutral,BOS,5,3,34.39,10,0,NEUTRAL,0,-1,1,neutral_macro,False,0,0.0,0,-1.01,0,4,0.41
2025-08-25_to_2025-11-25,1783,LONG,1761580800,1761581700,2025-10-27T16:15,3987.18,5505,DEMAND,3971.27,3983.71,0.838,0,False,True,0,0.0,1,False,0.755,-3.49,0.234,1,0,False,-1,reversal,BOS,7,5,32.98,16,0,NEUTRAL,0,-1,1,neutral_macro,False,0,0.0,0,0.0,0,6,3.48
2025-08-25_to_2025-11-25,1795,LONG,1761647400,1761648300,2025-10-28T10:45,3926.4,5517,DEMAND,3886.62,3898.67,0.905,2,False,True,0,0.0,1,False,0.738,-4.34,2.083,1,0,False,-1,reversal,CHoCH,24,2,30.42,10,1,BEAR,-1,-1,-1,counter_macro,False,0,0.0,0,-1.35,1,6,1.52
2025-08-25_to_2025-11-25,1807,SHORT,1761737400,1761738300,2025-10-29T11:45,4016.16,5534,SUPPLY,4019.32,4029.68,1.397,3,False,True,0,0.998,4,False,0.898,3.55,0.426,1,0,False,-1,continuation,EQH,0,3,66.45,11,2,BEAR,-1,-1,-1,with_macro,False,0,0.0,0,0.0,0,6,5.02
2025-08-25_to_2025-11-25,1817,LONG,1761768000,1761768900,2025-10-29T20:15,3948.62,5528,DEMAND,3915.66,3927.48,0.62,84,False,True,0,0.0,1,False,2.208,-2.73,1.109,1,0,False,-1,reversal,BOS,16,4,34.21,20,2,BEAR,-1,-1,1,counter_macro,False,0,0.0,0,-0.9,1,11,0.55
2025-08-25_to_2025-11-25,1819,SHORT,1761816600,1761817500,2025-10-30T09:45,3998.9,5539,SUPPLY,4011.62,4022.48,0.959,70,False,False,1,0.017,2,False,3.194,3.17,1.123,1,0,False,1,reversal,BOS,1,3,70.85,9,3,NEUTRAL,0,-1,1,neutral_macro,False,0,-1.64,0,-0.94,1,1,1.76
2025-08-25_to_2025-11-25,1823,SHORT,1761819300,1761820200,2025-10-30T10:30,3982.25,5552,SUPPLY,3999.86,4011.8,1.076,0,False,True,0,0.0,1,False,1.304,2.48,1.587,1,0,False,1,reversal,BOS,4,3,65.19,10,3,NEUTRAL,0,-1,-1,neutral_macro,False,0,-1.67,0,0.0,1,3,0.3
2025-08-25_to_2025-11-25,1825,LONG,1761928200,1761929100,2025-10-31T16:45,3980.82,5555,DEMAND,3960.3,3972.16,0.957,102,False,True,0,0.0,1,False,2.629,-2.26,0.699,1,0,False,-1,reversal,CHoCH,1,3,34.23,16,4,NEUTRAL,1,-1,-1,neutral_macro,False,0,3.02,0,-1.74,1,1,0.2
2025-08-25_to_2025-11-25,1827,LONG,1761930900,1761931800,2025-10-31T17:30,3998.56,5579,DEMAND,3972.24,3983.29,0.951,0,False,True,0,0.174,1,False,2.87,-2.32,1.315,1,0,False,-1,reversal,CHoCH,4,3,34.31,17,4,NEUTRAL,1,-1,1,neutral_macro,False,0,3.22,0,0.0,1,2,1.5
2025-08-25_to_2025-11-25,1829,LONG,1762128000,1762128900,2025-11-03T00:15,3970.55,5579,DEMAND,3972.24,3983.29,1.164,19,False,False,1,1.5,3,True,2.112,-2.45,-1.342,2,19,True,0,neutral,BOS,1,5,33.17,0,0,BEAR,-1,-1,-1,counter_macro,False,0,0.0,0,0.6,0,1,1.35
2025-08-25_to_2025-11-25,1831,LONG,1762129800,1762130700,2025-11-03T00:45,3970.59,5555,DEMAND,3960.3,3972.16,1.149,126,False,True,0,0.813,3,False,2.902,-2.88,-0.152,2,24,True,0,neutral,BOS,3,5,30.2,0,0,BEAR,-1,-1,-1,counter_macro,False,0,0.0,0,-0.22,0,2,1.24
2025-08-25_to_2025-11-25,1833,LONG,1762130700,1762131600,2025-11-03T01:00,3986.37,5555,DEMAND,3960.3,3972.16,1.164,127,False,True,0,0.813,4,False,2.938,-2.55,1.395,3,25,True,-1,reversal,BOS,4,5,32.17,1,0,BEAR,-1,-1,1,counter_macro,False,0,0.0,0,-0.22,0,3,1.5
2025-08-25_to_2025-11-25,1837,SHORT,1762318800,1762319700,2025-11-05T05:15,3975.98,5609,SUPPLY,3966,3975.44,1.366,43,False,True,0,0.826,3,True,3.774,2.45,-1.445,1,0,False,1,reversal,EQL,14,2,69.64,5,2,BEAR,-1,-1,-1,with_macro,False,0,0.0,0,-0.24,0,2,2.9
2025-08-25_to_2025-11-25,1841,SHORT,1762333200,1762334100,2025-11-05T09:15,3965.54,5623,SUPPLY,3978.04,3987.19,1.335,0,False,True,0,0.353,1,False,1.338,2.62,1.824,1,0,False,1,reversal,BOS,3,4,65.68,9,2,BEAR,-1,-1,-1,with_macro,False,0,0.0,0,0.0,1,4,1.4
2025-08-25_to_2025-11-25,1847,SHORT,1762422300,1762423200,2025-11-06T10:00,4008.61,5639,SUPPLY,4010.16,4016.74,1.108,1,False,True,0,0.488,2,False,1.204,4.08,0.261,1,0,False,0,neutral,CHoCH,11,6,69.54,10,3,NEUTRAL,0,-1,-1,neutral_macro,False,0,4.36,0,0.0,1,3,2.25
2025-08-25_to_2025-11-25,1849,SHORT,1762423200,1762424100,2025-11-06T10:15,4006.07,5639,SUPPLY,4010.16,4016.74,1.085,2,False,True,0,0.488,3,False,1.179,3.67,0.675,2,1,False,0,neutral,CHoCH,12,6,66.33,10,3,NEUTRAL,0,-1,-1,neutral_macro,False,0,4.27,0,0.0,1,4,1.79
2025-08-25_to_2025-11-25,1855,SHORT,1762741800,1762742700,2025-11-10T02:45,4048.3,5670,SUPPLY,4045.79,4053.16,0.853,0,False,True,0,0.054,1,False,3.266,3.53,-0.29,1,0,False,1,reversal,BOS,13,5,68.94,2,0,BULL,1,1,1,counter_macro,False,0,0.0,0,0.0,0,2,2.04
2025-08-25_to_2025-11-25,1857,SHORT,1762744500,1762745400,2025-11-10T03:30,4050.28,5670,SUPPLY,4045.79,4053.16,0.882,3,False,True,0,0.829,4,True,3.379,3.92,-0.537,2,3,False,1,reversal,BOS,16,5,69.51,3,0,BULL,1,1,1,counter_macro,False,0,0.0,0,0.0,0,3,2.34
2025-08-25_to_2025-11-25,1861,SHORT,1762747200,1762748100,2025-11-10T04:15,4053.8,5670,SUPPLY,4045.79,4053.16,0.891,6,False,True,0,1.5,7,True,3.413,4.3,-0.968,3,6,False,1,reversal,BOS,19,5,71.24,4,0,BULL,1,1,1,counter_macro,False,0,0.0,0,0.46,0,5,2.79
2025-08-25_to_2025-11-25,1891,SHORT,1762828200,1762829100,2025-11-11T02:45,4138.13,5688,SUPPLY,4135.49,4141.03,0.923,0,False,True,0,0.634,1,True,1.594,4.47,-0.44,1,0,False,1,reversal,BOS,14,3,73.79,2,1,BULL,1,1,-1,counter_macro,False,0,4.25,0,0.0,0,7,2.93
2025-08-25_to_2025-11-25,1893,SHORT,1762830000,1762830900,2025-11-11T03:15,4144.29,5688,SUPPLY,4135.49,4141.03,0.869,2,False,True,0,1.5,3,True,1.5,4.57,-1.38,2,2,False,1,reversal,BOS,16,3,75.73,3,1,BULL,1,1,1,counter_macro,False,0,4.51,0,0.51,0,8,3.72
2025-08-25_to_2025-11-25,1901,SHORT,1762905600,1762906500,2025-11-12T00:15,4141.56,5699,SUPPLY,4142.46,4148.98,1.357,30,False,True,0,0.471,3,False,2.89,3.06,0.187,1,0,False,1,reversal,CHoCH,13,3,70.21,0,2,BULL,1,1,1,counter_macro,False,0,1.62,0,-0.72,1,2,2.72
2025-08-25_to_2025-11-25,1903,SHORT,1762907400,1762908300,2025-11-12T00:45,4133.05,5699,SUPPLY,4142.46,4148.98,1.383,32,False,True,0,0.471,5,False,2.947,2.59,1.997,2,2,False,1,reversal,CHoCH,15,3,66.76,0,2,BULL,1,1,-1,counter_macro,False,0,1.65,0,-0.73,1,3,0.97
2025-08-25_to_2025-11-25,1907,LONG,1762923600,1762924500,2025-11-12T05:15,4105.41,5707,DEMAND,4103.49,4110.12,0.998,0,False,True,0,0.624,1,False,2.267,-2.27,-0.709,1,0,False,-1,reversal,EQL,11,2,34.59,5,2,BULL,1,1,1,with_macro,False,0,3.41,0,0.0,1,4,1.52
2025-08-25_to_2025-11-25,1925,LONG,1763062200,1763063100,2025-11-13T19:45,4163.79,5742,DEMAND,4145.33,4153.28,0.605,0,False,True,0,0.0,1,False,2.347,-3.27,0.8,1,0,False,-1,reversal,BOS,3,6,32.1,19,3,NEUTRAL,0,1,1,neutral_macro,False,0,4.4,0,0.0,1,4,3.01
2025-08-25_to_2025-11-25,1927,LONG,1763124300,1763125200,2025-11-14T13:00,4086.28,5716,DEMAND,4096.95,4108.04,0.99,174,False,True,0,0.024,2,False,4.635,-4.94,-1.943,1,0,False,-1,reversal,CHoCH,3,4,22.47,13,4,NEUTRAL,-1,1,-1,neutral_macro,False,0,0.0,0,-0.97,1,1,2.61
2025-08-25_to_2025-11-25,1929,LONG,1763125200,1763126100,2025-11-14T13:15,4055.65,5716,DEMAND,4096.95,4108.04,0.834,175,False,False,1,1.5,1,True,5.019,-4.79,-3.939,2,1,True,-1,reversal,CHoCH,4,4,22.87,13,4,NEUTRAL,-1,1,-1,neutral_macro,False,0,0.0,0,0.96,1,2,0.3
2025-08-25_to_2025-11-25,1931,LONG,1763128800,1763129700,2025-11-14T14:15,4053.49,5671,DEMAND,4037.76,4045.12,0.413,407,False,True,0,1.053,2,False,4.317,-6.6,0.469,1,0,False,-1,reversal,CHoCH,8,4,13.29,14,4,NEUTRAL,-1,1,-1,neutral_macro,False,0,0.0,0,0.02,1,3,0.34
2025-08-25_to_2025-11-25,1933,LONG,1763130600,1763131500,2025-11-14T14:45,4082.64,5671,DEMAND,4037.76,4045.12,0.369,409,False,False,1,1.5,1,False,2.377,-6.18,1.88,2,2,True,-1,reversal,CHoCH,10,4,15.27,14,4,NEUTRAL,-1,1,-1,neutral_macro,False,0,0.0,0,0.28,1,4,1.43
2025-08-25_to_2025-11-25,1937,LONG,1763359200,1763360100,2025-11-17T06:15,4063.07,5673,DEMAND,4049.81,4054.82,0.602,461,False,False,1,1.034,3,False,3.1,-3.63,0.991,1,0,False,-1,reversal,BOS,2,4,27.56,6,0,BEAR,-1,-1,1,counter_macro,False,0,0.0,0,0.02,1,1,1.73
2025-08-25_to_2025-11-25,1939,LONG,1763360100,1763361000,2025-11-17T06:30,4066.76,5673,DEMAND,4049.81,4054.82,0.604,462,False,False,1,1.034,4,False,3.113,-3.38,1.439,2,1,False,-1,reversal,BOS,3,4,28.11,6,0,BEAR,-1,-1,1,counter_macro,False,0,0.0,0,0.02,1,2,1.29
2025-08-25_to_2025-11-25,1941,LONG,1763361000,1763361900,2025-11-17T06:45,4066.04,5764,DEMAND,4049.64,4059.17,1.181,0,False,True,0,0.0,1,False,2.083,-2.77,0.851,1,0,False,-1,reversal,BOS,4,4,34.28,6,0,BEAR,-1,-1,1,counter_macro,False,0,0.0,0,0.0,1,3,1.42
2025-08-25_to_2025-11-25,1949,SHORT,1763477100,1763478000,2025-11-18T15:00,4059.46,5770,SUPPLY,4082.94,4092.29,0.854,95,False,True,0,0.0,1,False,3.072,3.39,2.145,1,0,False,-1,continuation,BOS,4,4,73.89,15,1,NEUTRAL,0,-1,1,neutral_macro,False,0,0.0,0,-1.35,1,1,2.2
2025-08-25_to_2025-11-25,1951,SHORT,1763478000,1763478900,2025-11-18T15:15,4064.83,5774,SUPPLY,4073.88,4080.88,0.608,78,False,True,0,1.159,5,False,2.936,2.34,0.785,1,0,False,0,neutral,BOS,5,4,65.3,15,1,NEUTRAL,0,-1,-1,neutral_macro,False,0,0.0,0,0.1,1,2,0.37
2025-08-25_to_2025-11-25,1957,LONG,1763571600,1763572500,2025-11-19T17:15,4072.12,5800,DEMAND,4064.44,4071.03,0.445,48,False,True,0,1.5,3,True,2.655,-1.97,0.074,1,0,False,1,continuation,CHoCH,4,6,33.96,17,2,NEUTRAL,-1,1,-1,neutral_macro,False,0,0.0,0,0.59,1,3,0.36
2025-08-25_to_2025-11-25,1967,SHORT,1764011700,1764012600,2025-11-24T19:30,4116.15,5813,SUPPLY,4125.25,4132.81,1.012,289,False,False,1,0.0,1,False,3.422,4.32,1.218,1,0,False,0,neutral,CHoCH,2,4,71.03,19,0,NEUTRAL,0,1,-1,neutral_macro,False,0,0.0,0,-1.63,1,3,3.02
2025-08-25_to_2025-11-25,1969,SHORT,1764013500,1764014400,2025-11-24T20:00,4121.95,5880,SUPPLY,4116.66,4125.84,1.208,0,False,True,0,0.485,1,False,3.316,4.07,-0.696,1,0,False,0,neutral,CHoCH,4,4,68.56,20,0,NEUTRAL,0,1,-1,neutral_macro,False,0,0.0,0,0.0,1,4,3.73
2025-11-25_to_2026-02-25,1273,SHORT,1764125100,1764126000,2025-11-26T03:00,4165.49,4470,SUPPLY,4165.78,4171.06,0.753,104,True,True,0,0.163,2,False,3.144,3.23,0.041,1,0,False,0,neutral,BOS,1,5,70.87,3,2,BULL,1,1,1,counter_macro,False,0,2.68,0,-0.63,0,1,3.6
2025-11-25_to_2026-02-25,1275,SHORT,1764126000,1764126900,2025-11-26T03:15,4164.38,4470,SUPPLY,4165.78,4171.06,0.734,105,True,True,0,0.602,3,False,3.065,3.15,0.195,2,1,False,0,neutral,BOS,2,5,70.77,3,2,BULL,1,1,1,counter_macro,False,0,2.94,0,-0.29,0,2,3.35
2025-11-25_to_2026-02-25,1277,SHORT,1764127800,1764128700,2025-11-26T03:45,4166.2,4470,SUPPLY,4165.78,4171.06,0.757,107,True,True,0,0.602,5,False,3.162,3.36,-0.06,3,3,False,1,reversal,BOS,4,4,71.25,3,2,BULL,1,1,-1,counter_macro,False,0,3.03,0,-0.3,0,3,3.72
2025-11-25_to_2026-02-25,1279,LONG,1764213300,1764214200,2025-11-27T03:30,4147.76,4637,DEMAND,4136.84,4145.02,1.468,41,False,True,0,0.11,3,False,3.408,-2.11,0.492,1,0,False,0,neutral,BOS,8,3,33.4,3,3,BULL,1,1,1,with_macro,False,0,3.18,0,-1.31,0,1,0.01
2025-11-25_to_2026-02-25,1285,SHORT,1764297900,1764298800,2025-11-28T03:00,4187.98,4660,SUPPLY,4186.47,4193.15,1.255,1,False,True,0,0.611,2,False,1.674,4.54,-0.284,1,0,False,1,reversal,BOS,8,4,74.93,3,4,NEUTRAL,0,1,-1,neutral_macro,False,0,0.0,0,0.0,1,3,4.91
2025-11-25_to_2026-02-25,1287,SHORT,1764299700,1764300600,2025-11-28T03:30,4183.66,4660,SUPPLY,4186.47,4193.15,1.164,3,False,True,0,0.817,4,False,1.552,4.16,0.49,2,2,False,1,reversal,BOS,10,4,72.24,3,4,NEUTRAL,0,1,-1,neutral_macro,False,0,0.0,0,0.0,1,4,3.8
2025-11-25_to_2026-02-25,1289,SHORT,1764300600,1764301500,2025-11-28T03:45,4184.28,4660,SUPPLY,4186.47,4193.15,1.165,4,False,True,0,0.817,5,False,1.554,4.16,0.382,3,3,False,0,neutral,BOS,11,4,72.33,3,4,NEUTRAL,0,1,-1,neutral_macro,False,0,0.0,0,0.0,1,5,3.92
2025-11-25_to_2026-02-25,1305,SHORT,1764358200,1764359100,2025-11-28T19:45,4219.29,4674,SUPPLY,4219.96,4226.82,1.15,0,False,True,0,0.222,1,False,1.207,3.55,0.112,1,0,False,1,reversal,BOS,12,4,66.77,19,4,BULL,1,1,-1,counter_macro,False,0,0.0,0,-0.9,1,8,4.51
2025-11-25_to_2026-02-25,1307,SHORT,1764547200,1764548100,2025-12-01T00:15,4226.97,4675,SUPPLY,4224.14,4230.95,1.03,0,False,True,0,0.018,1,False,0.598,3.15,-0.428,1,0,False,0,neutral,BOS,4,5,66.9,0,0,BULL,1,1,1,counter_macro,False,0,0.0,0,0.0,0,1,2.2
2025-11-25_to_2026-02-25,1315,LONG,1764669600,1764670500,2025-12-02T10:15,4186.54,4672,DEMAND,4185.61,4192.37,0.912,152,False,True,0,1.5,4,True,3.154,-3.53,-0.787,1,0,False,-1,reversal,BOS,2,5,28.71,10,1,BULL,1,1,1,with_macro,False,0,0.0,0,0.63,0,1,5.03
2025-11-25_to_2026-02-25,1317,LONG,1764672300,1764673200,2025-12-02T11:00,4187.68,4707,DEMAND,4180.97,4188.23,0.966,1,False,True,0,0.844,2,False,3.305,-3.86,-0.073,1,0,False,-1,reversal,BOS,5,5,27.24,11,1,BULL,1,1,1,with_macro,False,0,0.0,0,0.0,0,2,4.81
2025-11-25_to_2026-02-25,1319,LONG,1764674100,1764675000,2025-12-02T11:30,4197.77,4707,DEMAND,4180.97,4188.23,0.937,3,False,True,0,0.844,4,False,3.205,-3.6,1.231,2,2,False,0,neutral,BOS,7,5,29.64,11,1,BULL,1,1,1,with_macro,False,0,0.0,0,0.0,0,3,3.36
2025-11-25_to_2026-02-25,1321,SHORT,1764729000,1764729900,2025-12-03T02:45,4226.48,4711,SUPPLY,4223.23,4230.55,1.182,41,False,True,0,0.769,3,False,2.312,2.52,-0.525,1,0,False,1,reversal,CHoCH,10,3,67.57,2,2,NEUTRAL,0,1,-1,neutral_macro,False,1,0.41,0,-0.27,1,1,2.37
2025-11-25_to_2026-02-25,1323,LONG,1764819000,1764819900,2025-12-04T03:45,4195.69,4715,DEMAND,4183.34,4191.02,1.155,120,False,False,1,0.124,1,False,2.638,-2.36,0.702,1,0,False,0,neutral,CHoCH,3,3,33.02,3,3,BULL,1,1,1,with_macro,False,0,0.0,0,-1.01,1,1,2.09
2025-11-25_to_2026-02-25,1329,SHORT,1764918000,1764918900,2025-12-05T07:15,4230.05,4733,SUPPLY,4222.1,4229.43,1.633,146,False,False,1,1.146,5,True,2.686,3.02,-1.771,1,0,False,1,reversal,CHoCH,11,5,66.96,7,4,NEUTRAL,-1,1,-1,neutral_macro,False,0,4.45,0,0.24,1,2,6.22
2025-11-25_to_2026-02-25,1337,SHORT,1765273500,1765274400,2025-12-09T10:00,4204.35,4791,SUPPLY,4207.69,4211.56,0.637,70,False,True,0,1.245,3,False,4.692,2.3,0.549,1,0,False,1,reversal,CHoCH,2,7,66.32,10,1,BEAR,-1,-1,-1,with_macro,False,0,2.76,0,0.16,1,2,3.65
2025-11-25_to_2026-02-25,1339,SHORT,1765277100,1765278000,2025-12-09T11:00,4202.38,4807,SUPPLY,4206.36,4212.51,1.087,2,False,False,1,0.0,1,False,2.129,2.04,0.704,1,0,False,0,neutral,CHoCH,6,7,64.5,11,1,BEAR,-1,-1,-1,with_macro,False,0,2.97,0,-1.3,1,3,3.57
2025-11-25_to_2026-02-25,1341,LONG,1765359000,1765359900,2025-12-10T09:45,4194.34,4811,DEMAND,4189.51,4194.42,1.107,69,False,False,1,0.106,1,False,2.681,-2.0,-0.018,1,0,False,0,neutral,CHoCH,3,5,33.5,9,2,NEUTRAL,0,1,-1,neutral_macro,False,0,2.93,0,-0.99,1,1,0.26
2025-11-25_to_2026-02-25,1343,LONG,1765361700,1765362600,2025-12-10T10:30,4193.98,4811,DEMAND,4189.51,4194.42,1.124,72,False,False,1,0.587,4,True,2.722,-2.24,-0.101,2,3,False,0,neutral,CHoCH,6,5,33.17,10,2,NEUTRAL,0,1,-1,neutral_macro,False,0,3.51,0,-0.46,1,2,0.35
2025-11-25_to_2026-02-25,1375,SHORT,1765543500,1765544400,2025-12-12T13:00,4336.93,4860,SUPPLY,4334.22,4339.23,0.717,0,False,True,0,0.0,1,False,0.591,4.62,-0.388,1,0,False,-1,continuation,BOS,28,2,68.07,13,4,BULL,1,1,-1,counter_macro,False,0,0.0,0,0.0,0,9,3.31
2025-11-25_to_2026-02-25,1389,SHORT,1765771200,1765772100,2025-12-15T04:15,4327.61,4874,SUPPLY,4322.54,4329.73,1.278,0,False,True,0,0.996,1,True,1.225,2.78,-0.901,1,0,False,1,reversal,BOS,11,3,65.66,4,0,BULL,1,1,1,counter_macro,False,0,0.0,0,0.0,1,3,3.7
2025-11-25_to_2026-02-25,1395,SHORT,1765782000,1765782900,2025-12-15T07:15,4343.99,4865,SUPPLY,4347.35,4353.54,1.334,58,False,True,0,0.01,2,False,3.802,4.4,0.724,1,0,False,1,reversal,EQH,8,3,73.75,7,0,BULL,1,1,1,counter_macro,False,0,3.75,0,-1.32,1,6,3.49
2025-11-25_to_2026-02-25,1407,LONG,1765819800,1765820700,2025-12-15T17:45,4304.51,4884,DEMAND,4285.32,4292.16,0.559,0,False,True,0,0.0,1,False,1.57,-2.31,1.009,1,0,False,-1,reversal,CHoCH,14,3,32.59,17,0,BULL,1,1,1,with_macro,False,0,0.0,0,-1.22,1,8,1.36
2025-11-25_to_2026-02-25,1415,SHORT,1765899000,1765899900,2025-12-16T15:45,4319.76,4883,SUPPLY,4321.09,4327.9,0.718,87,False,True,0,1.5,6,True,3.61,2.73,0.14,1,0,False,0,neutral,CHoCH,13,4,73.42,15,1,NEUTRAL,0,1,-1,neutral_macro,False,0,4.51,0,0.75,1,4,2.01
2025-11-25_to_2026-02-25,1417,SHORT,1765900800,1765901700,2025-12-16T16:15,4307.73,4902,SUPPLY,4328,4335.01,0.689,0,False,True,0,0.0,1,False,0.366,2.32,1.993,1,0,False,1,reversal,CHoCH,15,3,69.81,16,1,NEUTRAL,0,1,1,neutral_macro,False,0,4.21,0,-0.49,1,5,0.69
2025-11-25_to_2026-02-25,1419,SHORT,1765947600,1765948500,2025-12-17T05:15,4331.07,4902,SUPPLY,4328,4335.01,1.187,48,False,True,0,0.933,3,True,2.192,3.0,-0.52,2,48,True,1,reversal,BOS,1,3,67.92,5,2,NEUTRAL,0,1,1,neutral_macro,False,0,7.17,0,-0.08,0,1,2.39
2025-11-25_to_2026-02-25,1433,SHORT,1766366100,1766367000,2025-12-22T01:30,4381.8,4943,SUPPLY,4368.03,4374.63,1.211,120,False,True,0,0.692,2,False,3.656,3.6,-2.528,1,0,False,0,neutral,CHoCH,4,3,71.5,1,0,NEUTRAL,0,1,1,neutral_macro,False,0,0.0,0,-0.37,1,2,7.9
2025-11-25_to_2026-02-25,1445,SHORT,1766385000,1766385900,2025-12-22T06:45,4419.45,4971,SUPPLY,4402.83,4409.53,1.113,0,False,True,0,0.975,1,True,2.177,4.82,-2.76,1,0,False,1,reversal,BOS,19,3,71.5,6,0,NEUTRAL,0,1,-1,neutral_macro,False,0,0.0,0,0.0,1,8,8.57
2025-11-25_to_2026-02-25,1449,SHORT,1766390400,1766391300,2025-12-22T08:15,4413.39,4972,SUPPLY,4413.9,4420.41,0.9,0,False,True,0,0.132,1,False,1.194,5.13,0.07,1,0,False,1,reversal,BOS,25,3,70.36,8,0,NEUTRAL,0,1,-1,neutral_macro,False,0,0.0,0,0.0,1,10,6.29
2025-11-25_to_2026-02-25,1451,SHORT,1766391300,1766392200,2025-12-22T08:30,4410.26,4972,SUPPLY,4413.9,4420.41,0.916,1,False,True,0,0.132,2,False,1.215,4.73,0.512,2,1,False,1,reversal,BOS,26,3,67.42,8,0,NEUTRAL,0,1,-1,neutral_macro,False,0,0.0,0,0.0,1,11,5.97
2025-11-25_to_2026-02-25,1479,LONG,1766592000,1766592900,2025-12-24T16:15,4468.52,5004,DEMAND,4439.23,4446.07,0.553,65,False,True,0,0.0,1,False,1.54,-2.56,1.815,1,0,False,-1,reversal,BOS,10,3,34.67,16,2,BULL,1,1,1,with_macro,False,0,0.0,0,-1.36,0,1,1.23
2025-11-25_to_2026-02-25,1491,LONG,1767006000,1767006900,2025-12-29T11:15,4465.32,5056,DEMAND,4452.52,4461.05,0.89,5,False,True,0,0.606,3,False,1.031,-3.12,0.446,1,0,False,-1,reversal,BOS,20,6,33.58,11,0,BULL,1,1,-1,with_macro,True,0,0.0,0,-0.35,0,5,0.38
2025-11-25_to_2026-02-25,1493,LONG,1767023100,1767024000,2025-12-29T16:00,4333.94,4969,DEMAND,4309.38,4315.87,0.289,412,False,False,1,0.0,1,False,4.283,-6.13,0.803,1,0,False,-1,reversal,BOS,8,4,17.62,16,0,BULL,1,1,1,with_macro,False,0,0.0,0,-0.59,0,5,0.33
2025-11-25_to_2026-02-25,1497,LONG,1767025800,1767026700,2025-12-29T16:45,4341.8,4964,DEMAND,4319.63,4326.19,0.273,451,False,True,0,1.5,6,True,5.488,-5.45,0.65,1,0,False,-1,reversal,BOS,11,4,22.03,16,0,NEUTRAL,1,-1,-1,neutral_macro,False,0,0.0,0,0.71,0,7,0.18
2025-11-25_to_2026-02-25,1499,LONG,1767026700,1767027600,2025-12-29T17:00,4330.11,4964,DEMAND,4319.63,4326.19,0.274,452,False,False,1,0.0,1,False,0.775,-5.31,0.164,2,1,True,-1,reversal,BOS,12,4,22.63,17,0,NEUTRAL,1,-1,-1,neutral_macro,False,0,0.0,0,-0.62,0,8,0.47
2025-11-25_to_2026-02-25,1505,LONG,1767032100,1767033000,2025-12-29T18:30,4330.19,4964,DEMAND,4319.63,4326.19,0.381,458,False,False,1,1.5,6,True,0.748,1.17,0.232,3,7,True,1,continuation,BOS,18,3,55.46,18,0,NEUTRAL,1,-1,1,neutral_macro,False,0,0.0,0,0.28,0,11,0.49
2025-11-25_to_2026-02-25,1507,LONG,1767033900,1767034800,2025-12-29T19:00,4335.02,5064,DEMAND,4314.75,4324.48,0.755,1,False,True,0,0.0,1,False,0.811,-4.88,0.818,1,0,False,0,neutral,BOS,20,2,30.12,19,0,NEUTRAL,1,-1,-1,neutral_macro,False,0,0.0,0,-1.02,0,12,0.28
2025-11-25_to_2026-02-25,1527,SHORT,1767330000,1767330900,2026-01-02T05:15,4378.47,5109,SUPPLY,4373.77,4378.43,0.723,0,False,True,0,1.356,1,True,1.346,3.91,-0.729,1,0,False,1,reversal,EQL,8,5,70.32,5,4,BEAR,-1,-1,-1,with_macro,False,0,0.0,0,0.26,1,3,4.65
2025-11-25_to_2026-02-25,1531,SHORT,1767344400,1767345300,2026-01-02T09:15,4388.75,5081,SUPPLY,4397.11,4404.26,1.162,156,False,True,0,0.022,2,False,2.025,3.84,1.359,1,0,False,1,reversal,EQL,4,6,66.18,9,4,BEAR,-1,-1,1,with_macro,True,0,0.0,0,-1.14,1,5,1.82
2025-11-25_to_2026-02-25,1535,SHORT,1767347100,1767348000,2026-01-02T10:00,4388.24,5113,SUPPLY,4387.52,4397.27,1.602,0,False,True,0,0.209,1,False,0.408,3.75,-0.118,1,0,False,1,reversal,EQL,7,6,66.26,10,4,BEAR,-1,-1,1,with_macro,True,0,0.0,0,0.0,0,7,1.76
2025-11-25_to_2026-02-25,1543,LONG,1767372300,1767373200,2026-01-02T17:00,4330.31,5105,DEMAND,4307.75,4318.08,0.781,69,False,True,0,0.311,3,False,3.501,-3.4,0.924,1,0,False,-1,reversal,CHoCH,13,5,28.08,17,4,BEAR,-1,-1,1,counter_macro,False,0,5.31,0,-0.54,1,11,0.83
2025-11-25_to_2026-02-25,1547,LONG,1767374100,1767375000,2026-01-02T17:30,4326.4,5118,DEMAND,4314.87,4324.28,0.749,0,False,True,0,0.034,1,False,0.628,-2.9,0.169,1,0,False,-1,reversal,CHoCH,15,5,32.25,17,4,BEAR,-1,-1,1,counter_macro,False,0,5.59,0,-0.72,1,11,0.26
2025-11-25_to_2026-02-25,1563,SHORT,1767583800,1767584700,2026-01-05T03:45,4399.95,5121,SUPPLY,4411.03,4420.67,0.811,6,False,True,0,0.318,3,False,0.637,3.63,0.932,1,0,False,1,reversal,CHoCH,2,3,68.52,3,0,NEUTRAL,1,-1,-1,neutral_macro,False,0,0.0,0,-0.55,1,6,0.16
2025-11-25_to_2026-02-25,1569,SHORT,1767609000,1767609900,2026-01-05T10:45,4436.17,5129,SUPPLY,4430.91,4438.08,1.309,0,False,True,0,1.112,1,True,0.893,4.33,-0.961,1,0,False,1,reversal,BOS,8,4,67.09,10,0,BULL,1,1,1,counter_macro,False,0,0.0,0,0.15,1,9,4.68
2025-11-25_to_2026-02-25,1575,LONG,1767766500,1767767400,2026-01-07T06:30,4446.78,5157,DEMAND,4442.38,4452.15,1.368,58,False,False,1,0.0,1,False,1.565,-2.4,-0.752,1,0,False,-1,reversal,BOS,2,5,33.92,6,2,BULL,1,1,1,with_macro,False,0,0.0,0,-1.39,1,2,0.26
2025-11-25_to_2026-02-25,1581,SHORT,1767894300,1767895200,2026-01-08T18:00,4453.91,5194,SUPPLY,4461.91,4468.4,0.669,48,False,True,0,0.518,6,False,3.571,2.37,0.825,1,0,False,1,reversal,CHoCH,10,5,65.27,18,3,NEUTRAL,0,1,1,neutral_macro,False,0,3.15,0,-0.32,1,2,1.67
2025-11-25_to_2026-02-25,1591,SHORT,1767916800,1767917700,2026-01-09T00:15,4465.62,5210,SUPPLY,4475.8,4483.99,1.393,0,False,True,0,0.11,1,False,1.043,3.27,1.731,1,0,False,0,neutral,CHoCH,10,5,66.61,0,4,NEUTRAL,0,1,-1,neutral_macro,False,0,8.39,0,0.0,1,6,2.68
2025-11-25_to_2026-02-25,1593,SHORT,1767974400,1767975300,2026-01-09T16:15,4503.8,5053,SUPPLY,4512.95,4520.04,0.523,762,False,True,0,0.599,3,False,2.027,3.5,0.675,1,0,False,1,reversal,BOS,9,5,74.23,16,4,NEUTRAL,-1,1,-1,neutral_macro,False,0,2.92,0,-0.21,1,1,1.23
2025-11-25_to_2026-02-25,1615,SHORT,1768211100,1768212000,2026-01-12T10:00,4592.25,5230,SUPPLY,4592.76,4600.77,1.169,32,False,True,0,0.823,5,True,2.671,4.48,0.074,1,0,False,1,reversal,BOS,7,2,68.97,10,0,BULL,1,1,-1,counter_macro,False,0,0.0,0,-0.21,0,11,2.37
2025-11-25_to_2026-02-25,1619,SHORT,1768314600,1768315500,2026-01-13T14:45,4630.01,5249,SUPPLY,4621.78,4630.01,0.846,61,False,True,0,0.49,2,False,3.848,2.9,-0.846,1,0,False,-1,continuation,BOS,5,5,67.96,14,1,BULL,1,1,1,counter_macro,False,0,2.66,0,-0.43,1,1,4.65
2025-11-25_to_2026-02-25,1625,SHORT,1768364100,1768365000,2026-01-14T04:30,4627.99,5263,SUPPLY,4626.57,4634.65,1.261,46,False,True,0,0.427,3,False,1.402,3.02,-0.222,1,0,False,1,reversal,CHoCH,16,3,68.21,4,2,BULL,1,1,1,counter_macro,False,0,4.7,0,-0.72,1,3,0.99
2025-11-25_to_2026-02-25,1627,SHORT,1768365000,1768365900,2026-01-14T04:45,4629.18,5263,SUPPLY,4626.57,4634.65,1.352,47,False,True,0,0.427,4,False,1.505,2.85,-0.437,2,1,False,1,reversal,CHoCH,17,3,66.91,4,2,BULL,1,1,1,counter_macro,False,0,5.03,0,-0.77,1,4,1.26
2025-11-25_to_2026-02-25,1669,SHORT,1768968900,1768969800,2026-01-21T04:30,4865.37,5373,SUPPLY,4841.42,4849.65,0.523,1,False,True,0,1.5,2,True,1.061,5.27,-1.521,1,0,False,1,reversal,CHoCH,18,4,76.97,4,2,BULL,1,1,1,counter_macro,False,0,5.59,0,0.29,1,7,2.56
2025-11-25_to_2026-02-25,1673,LONG,1769025600,1769026500,2026-01-21T20:15,4797.42,5371,DEMAND,4747.44,4755.14,0.372,81,False,True,0,0.0,1,False,1.851,-2.71,2.04,1,0,False,-1,reversal,BOS,1,3,34.48,20,2,BULL,1,1,-1,with_macro,True,0,0.0,0,-1.2,1,1,2.34
2025-11-25_to_2026-02-25,1675,SHORT,1769101200,1769102100,2026-01-22T17:15,4890.03,5385,SUPPLY,4879.91,4888.52,0.7,89,False,True,0,0.628,4,False,3.793,4.1,-0.823,1,0,False,1,reversal,BOS,9,5,71.19,17,3,BULL,1,1,1,counter_macro,False,0,3.85,0,-0.26,1,1,5.61
2025-11-25_to_2026-02-25,1681,SHORT,1769112000,1769112900,2026-01-22T20:15,4925.78,5406,SUPPLY,4915.57,4924.41,0.82,0,False,True,0,1.224,1,True,1.631,4.91,-0.947,1,0,False,1,reversal,BOS,21,4,71.55,20,3,BULL,1,1,-1,counter_macro,False,0,8.2,0,0.18,1,4,4.23
2025-11-25_to_2026-02-25,1717,SHORT,1769398200,1769399100,2026-01-26T03:45,5076.55,5436,SUPPLY,5082.6,5093.18,0.726,0,False,True,0,0.103,1,False,0.316,4.86,0.415,1,0,False,1,reversal,BOS,18,3,69.67,3,0,BULL,1,1,1,counter_macro,False,0,0.0,0,0.0,0,6,2.54
2025-11-25_to_2026-02-25,1719,SHORT,1769399100,1769400000,2026-01-26T04:00,5075.91,5436,SUPPLY,5082.6,5093.18,0.736,1,False,True,0,0.103,2,False,0.321,4.77,0.465,2,1,False,1,reversal,BOS,19,3,69.14,4,0,BULL,1,1,1,counter_macro,False,0,0.0,0,0.0,0,7,2.53
2025-11-25_to_2026-02-25,1769,SHORT,1769669100,1769670000,2026-01-29T07:00,5562.08,5500,SUPPLY,5583.88,5597.91,0.705,25,False,True,0,0.805,4,False,2.487,4.61,1.095,1,0,False,1,reversal,BOS,2,4,68.47,7,3,NEUTRAL,0,1,-1,neutral_macro,False,0,2.26,0,-0.14,0,7,1.46
2025-11-25_to_2026-02-25,1775,LONG,1769767200,1769768100,2026-01-30T10:15,5059.72,5426,DEMAND,4923.51,4933.91,0.177,443,False,False,1,0.0,1,False,1.816,-3.67,2.14,1,0,False,-1,reversal,BOS,5,4,31.94,10,4,BULL,1,1,1,with_macro,False,0,0.0,0,-1.31,1,2,0.03
2025-11-25_to_2026-02-25,1779,LONG,1769798700,1769799600,2026-01-30T19:00,4889.82,5355,DEMAND,4665.47,4671.88,0.088,799,False,False,1,0.0,1,False,1.466,-4.08,2.998,1,0,False,-1,reversal,BOS,6,3,25.92,19,4,NEUTRAL,0,-1,-1,neutral_macro,False,0,0.0,0,-1.48,0,4,0.99
2025-11-25_to_2026-02-25,1783,SHORT,1770083100,1770084000,2026-02-03T02:00,4800.9,5542,SUPPLY,4849.62,4884.79,0.93,94,False,True,0,0.21,3,False,3.049,3.17,1.288,1,0,False,1,reversal,CHoCH,10,2,67.13,2,1,BEAR,-1,-1,-1,with_macro,False,0,0.0,0,-0.73,1,1,3.29
2025-11-25_to_2026-02-25,1785,SHORT,1770084000,1770084900,2026-02-03T02:15,4772.56,5542,SUPPLY,4849.62,4884.79,0.872,95,False,True,0,0.21,4,False,2.861,2.98,1.912,2,1,False,1,reversal,CHoCH,11,2,66.14,2,1,BEAR,-1,-1,-1,with_macro,False,0,0.0,0,-0.69,1,2,2.38
2025-11-25_to_2026-02-25,1789,SHORT,1770105600,1770106500,2026-02-03T08:15,4936.14,5538,SUPPLY,4917.22,4947.98,1.243,133,False,True,0,0.53,3,False,4.057,4.36,-0.765,1,0,False,0,neutral,BOS,6,2,69.79,8,1,BEAR,-1,-1,-1,with_macro,False,0,0.0,0,-0.58,1,4,6.12
2025-11-25_to_2026-02-25,1793,SHORT,1770168600,1770169500,2026-02-04T01:45,5046.26,5535,SUPPLY,5043.37,5073.86,1.012,215,False,True,0,0.329,3,False,3.924,3.29,-0.096,1,0,False,1,reversal,BOS,2,6,69.0,1,2,BEAR,-1,-1,1,with_macro,True,0,3.48,0,-0.68,0,1,3.32
2025-11-25_to_2026-02-25,1795,SHORT,1770169500,1770170400,2026-02-04T02:00,5059.56,5535,SUPPLY,5043.37,5073.86,0.995,216,False,False,1,0.225,1,False,3.23,3.03,-0.528,2,1,True,1,reversal,BOS,3,5,67.37,2,2,BEAR,-1,-1,-1,with_macro,False,0,3.42,0,-0.77,0,2,0.38
2025-11-25_to_2026-02-25,1797,SHORT,1770172200,1770173100,2026-02-04T02:45,5040.37,5535,SUPPLY,5043.37,5073.86,1.112,219,False,False,1,0.724,4,True,3.611,3.79,0.109,3,4,True,1,reversal,BOS,6,5,71.06,2,2,BEAR,-1,-1,-1,with_macro,False,0,4.26,0,-0.31,0,3,0.05
2025-11-25_to_2026-02-25,1801,SHORT,1770183000,1770183900,2026-02-04T05:45,5079.31,5533,SUPPLY,5084.16,5113.48,1.931,236,False,True,0,0.086,2,False,1.826,4.31,0.319,1,0,False,1,reversal,BOS,6,3,68.4,5,2,NEUTRAL,0,1,1,neutral_macro,False,0,9.09,0,-1.77,0,5,1.2
2025-11-25_to_2026-02-25,1803,SHORT,1770184800,1770185700,2026-02-04T06:15,5054.45,5533,SUPPLY,5084.16,5113.48,1.883,238,False,True,0,0.209,4,False,1.781,4.05,1.908,2,2,False,1,reversal,BOS,8,3,67.61,6,2,NEUTRAL,0,1,1,neutral_macro,False,0,9.1,0,-1.49,0,6,0.42
2025-11-25_to_2026-02-25,1805,LONG,1770221700,1770222600,2026-02-04T16:30,4897.25,5580,DEMAND,4880.71,4894.92,0.364,61,False,False,1,0.319,1,False,2.736,-2.83,0.06,1,0,False,0,neutral,BOS,6,6,27.97,16,2,NEUTRAL,0,-1,1,neutral_macro,False,0,0.0,0,-0.25,1,4,1.32
2025-11-25_to_2026-02-25,1811,LONG,1770228900,1770229800,2026-02-04T18:30,4919.92,5594,DEMAND,4853.42,4885.78,0.792,2,False,True,0,0.403,2,False,0.53,-2.42,0.835,1,0,False,-1,reversal,BOS,14,5,33.25,18,2,NEUTRAL,0,-1,-1,neutral_macro,False,0,0.0,0,-0.47,1,5,0.7
2025-11-25_to_2026-02-25,1813,LONG,1770261300,1770262200,2026-02-05T03:30,4867.17,5562,DEMAND,4745.52,4784.73,0.946,182,False,True,0,0.0,1,False,2.256,-3.11,1.988,1,0,False,-1,reversal,CHoCH,2,4,34.73,3,3,BULL,1,1,-1,with_macro,True,0,0.0,0,-2.11,1,5,1.97
2025-11-25_to_2026-02-25,1815,LONG,1770332400,1770333300,2026-02-05T23:15,4752.13,5562,DEMAND,4745.52,4784.73,1.645,257,False,True,0,0.65,3,True,3.055,-3.27,-1.367,2,75,True,-1,reversal,BOS,1,5,28.84,23,3,NEUTRAL,0,-1,1,neutral_macro,False,0,0.0,0,-0.58,1,1,0.59
2025-11-25_to_2026-02-25,1817,LONG,1770333300,1770334200,2026-02-05T23:30,4741.97,5562,DEMAND,4745.52,4784.73,1.635,258,False,True,0,0.914,4,True,3.036,-3.06,-1.783,3,76,True,-1,reversal,BOS,2,5,30.16,23,3,NEUTRAL,0,-1,1,neutral_macro,False,0,0.0,0,-0.14,1,2,1.01
2025-11-25_to_2026-02-25,1819,LONG,1770337800,1770338700,2026-02-06T00:45,4762.91,5559,DEMAND,4643.66,4676.5,1.035,282,False,True,0,0.659,2,False,2.462,-3.39,2.722,1,0,False,-1,reversal,BOS,7,5,33.28,0,4,NEUTRAL,0,-1,1,neutral_macro,False,0,0.0,0,-0.35,1,3,0.11
2025-11-25_to_2026-02-25,1821,SHORT,1770386400,1770387300,2026-02-06T14:15,4905.26,5606,SUPPLY,4919.57,4943.56,1.248,111,False,True,0,0.788,5,True,1.32,3.2,0.745,1,0,False,1,reversal,BOS,11,2,67.8,14,4,NEUTRAL,0,-1,-1,neutral_macro,False,0,3.57,0,-0.26,1,1,0.48
2025-11-25_to_2026-02-25,1827,SHORT,1770595200,1770596100,2026-02-09T00:15,5035.23,5591,SUPPLY,5035.53,5063.29,1.664,217,False,True,0,0.409,3,False,5.811,5.63,0.018,1,0,False,-1,continuation,BOS,4,4,78.14,0,0,NEUTRAL,0,1,1,neutral_macro,False,0,0.0,0,-0.98,0,2,4.8
2025-11-25_to_2026-02-25,1829,SHORT,1770596100,1770597000,2026-02-09T00:30,5027.88,5591,SUPPLY,5035.53,5063.29,1.615,218,False,True,0,0.409,4,False,5.641,4.99,0.445,2,1,False,0,neutral,BOS,5,4,74.2,0,0,NEUTRAL,0,1,-1,neutral_macro,False,0,0.0,0,-0.95,0,3,4.23
2025-11-25_to_2026-02-25,1831,SHORT,1770597900,1770598800,2026-02-09T01:00,5019.04,5642,SUPPLY,5033.45,5046.89,0.726,0,False,True,0,0.0,1,False,3.198,4.43,0.779,1,0,False,0,neutral,BOS,7,4,70.93,1,0,NEUTRAL,0,1,-1,neutral_macro,False,0,0.0,0,0.0,0,4,3.45
2025-11-25_to_2026-02-25,1835,SHORT,1770599700,1770600600,2026-02-09T01:30,5009.5,5642,SUPPLY,5033.45,5046.89,0.661,2,False,True,0,0.635,2,False,1.942,3.37,1.178,2,2,True,0,neutral,BOS,9,3,65.75,1,0,NEUTRAL,0,1,-1,neutral_macro,False,0,0.0,0,-0.24,0,6,2.67
2025-11-25_to_2026-02-25,1837,SHORT,1770656400,1770657300,2026-02-09T17:15,5068.29,5586,SUPPLY,5074.82,5091.93,1.217,308,False,False,1,0.33,4,False,3.665,3.77,0.465,1,0,False,0,neutral,BOS,5,5,70.71,17,0,NEUTRAL,-1,1,1,neutral_macro,False,0,0.0,0,-0.82,1,1,1.45
2025-11-25_to_2026-02-25,1851,LONG,1770930900,1770931800,2026-02-12T21:30,4918.32,5717,DEMAND,4906.37,4923.44,0.984,8,False,True,0,0.729,5,False,0.33,-3.68,-0.295,1,0,False,1,continuation,CHoCH,25,2,32.78,21,3,NEUTRAL,1,-1,1,neutral_macro,False,0,0.0,0,-0.27,1,4,1.45
2025-11-25_to_2026-02-25,1855,LONG,1770938100,1770939000,2026-02-12T23:30,4913.61,5715,DEMAND,4878.61,4894.4,1.01,20,False,True,0,0.461,2,False,1.95,-3.63,1.229,1,0,False,1,continuation,BOS,1,3,32.59,23,3,NEUTRAL,1,-1,1,neutral_macro,False,0,0.0,0,-0.54,1,6,1.91
2025-11-25_to_2026-02-25,1859,LONG,1771255800,1771256700,2026-02-16T15:45,4979.59,5743,DEMAND,4965.21,4981.28,1.904,38,False,True,0,0.769,3,False,2.553,-2.25,-0.2,1,0,False,-1,reversal,EQH,9,2,34.4,15,0,NEUTRAL,-1,1,1,neutral_macro,False,0,0.0,0,-0.44,0,2,1.02
2025-11-25_to_2026-02-25,1861,LONG,1771256700,1771257600,2026-02-16T16:00,4979.53,5743,DEMAND,4965.21,4981.28,1.901,39,False,True,0,0.769,4,False,2.549,-2.16,-0.207,2,1,False,-1,reversal,EQH,10,1,34.94,16,0,NEUTRAL,-1,1,1,neutral_macro,False,0,0.0,0,-0.44,0,3,1.03
2025-11-25_to_2026-02-25,1871,LONG,1771342200,1771343100,2026-02-17T15:45,4878.6,5766,DEMAND,4841.9,4855.46,0.576,2,False,True,0,0.459,3,False,2.756,-3.02,0.984,1,0,False,0,neutral,CHoCH,6,3,32.66,15,1,NEUTRAL,0,-1,1,neutral_macro,False,0,0.0,0,-0.31,1,4,2.36
2025-11-25_to_2026-02-25,1875,SHORT,1771389900,1771390800,2026-02-18T05:00,4933.01,5764,SUPPLY,4934.17,4944.1,1.212,58,False,True,0,0.542,2,False,3.451,3.56,0.142,1,0,False,-1,continuation,CHoCH,14,4,77.01,5,2,BEAR,-1,-1,1,with_macro,True,0,0.0,0,-0.56,1,2,4.78
2025-11-25_to_2026-02-25,1877,SHORT,1771391700,1771392600,2026-02-18T05:30,4934.63,5764,SUPPLY,4934.17,4944.1,1.227,60,False,True,0,0.542,4,False,3.494,3.37,-0.057,2,2,False,0,neutral,CHoCH,16,4,75.98,5,2,BEAR,-1,-1,-1,with_macro,False,0,0.0,0,-0.56,1,3,5.04
2025-11-25_to_2026-02-25,1879,SHORT,1771393500,1771394400,2026-02-18T06:00,4926.7,5764,SUPPLY,4934.17,4944.1,1.381,62,False,True,0,0.574,6,False,3.934,3.41,1.039,3,4,False,1,reversal,CHoCH,18,4,75.88,6,2,BEAR,-1,-1,1,with_macro,True,0,0.0,0,-0.59,1,4,4.57
2025-11-25_to_2026-02-25,1881,SHORT,1771394400,1771395300,2026-02-18T06:15,4930.44,5764,SUPPLY,4934.17,4944.1,1.354,63,False,True,0,0.574,7,False,3.857,3.25,0.509,4,5,False,1,reversal,CHoCH,19,4,74.02,6,2,BEAR,-1,-1,-1,with_macro,False,0,0.0,0,-0.58,1,5,4.99
2025-11-25_to_2026-02-25,1883,SHORT,1771398000,1771398900,2026-02-18T07:15,4938.91,5775,SUPPLY,4934.51,4939.87,0.709,2,False,True,0,1.381,2,True,0.423,2.72,-0.582,1,0,False,0,neutral,CHoCH,23,4,67.06,7,2,BEAR,-1,-1,1,with_macro,True,0,0.0,0,0.27,1,6,5.96
2025-11-25_to_2026-02-25,1893,SHORT,1771429500,1771430400,2026-02-18T16:00,4999.44,5749,SUPPLY,5001.96,5008.21,0.485,186,False,False,1,1.134,4,False,3.599,5.7,0.195,1,0,False,1,reversal,CHoCH,11,2,81.87,16,2,BEAR,-1,-1,-1,with_macro,False,0,0.0,0,0.07,1,11,6.47
2025-11-25_to_2026-02-25,1895,SHORT,1771430400,1771431300,2026-02-18T16:15,4996.8,5749,SUPPLY,5001.96,5008.21,0.504,187,False,False,2,0.213,1,False,3.297,5.43,0.416,2,1,True,1,reversal,CHoCH,12,2,79.01,16,2,NEUTRAL,-1,1,-1,neutral_macro,False,0,0.0,0,-0.4,1,12,6.51
2025-11-25_to_2026-02-25,1897,SHORT,1771432200,1771433100,2026-02-18T16:45,5000.32,5783,SUPPLY,5000.33,5009.05,0.763,1,False,True,0,0.735,1,True,2.087,5.13,0.001,1,0,False,1,reversal,CHoCH,14,2,76.51,16,2,NEUTRAL,-1,1,-1,neutral_macro,False,0,0.0,0,-0.2,1,12,7.38
2025-11-25_to_2026-02-25,1901,SHORT,1771434900,1771435800,2026-02-18T17:30,4997.82,5783,SUPPLY,5000.33,5009.05,0.825,4,False,True,0,1.211,4,True,2.255,4.82,0.237,2,3,False,1,reversal,CHoCH,17,2,72.47,17,2,NEUTRAL,-1,1,-1,neutral_macro,False,0,0.0,0,0.17,1,14,7.74
2025-11-25_to_2026-02-25,1903,SHORT,1771435800,1771436700,2026-02-18T17:45,4999.36,5783,SUPPLY,5000.33,5009.05,0.839,5,False,True,0,1.211,5,True,2.293,4.89,0.093,3,4,False,1,reversal,CHoCH,18,2,72.54,17,2,NEUTRAL,-1,1,-1,neutral_macro,False,0,0.0,0,0.18,1,14,8.02
2025-11-25_to_2026-02-25,1905,SHORT,1771436700,1771437600,2026-02-18T18:00,4997.8,5785,SUPPLY,4999.63,5010.89,1.117,0,False,True,0,0.117,1,False,0.154,4.64,0.181,1,0,False,1,reversal,CHoCH,19,2,70.7,18,2,NEUTRAL,-1,1,-1,neutral_macro,False,0,0.0,0,0.0,1,15,8.11
2025-11-25_to_2026-02-25,1907,SHORT,1771438500,1771439400,2026-02-18T18:30,4983.88,5785,SUPPLY,4999.63,5010.89,1.372,2,False,True,0,0.305,3,False,0.189,4.6,1.919,2,2,False,1,reversal,CHoCH,21,2,69.48,18,2,NEUTRAL,-1,1,1,neutral_macro,False,0,0.0,0,0.0,1,15,8.27
2025-11-25_to_2026-02-25,1915,SHORT,1771488000,1771488900,2026-02-19T08:15,5014.94,5795,SUPPLY,5016.83,5021.76,0.767,0,False,True,0,0.0,1,False,1.984,3.76,0.294,1,0,False,1,reversal,CHoCH,4,6,68.22,8,3,NEUTRAL,-1,1,-1,neutral_macro,False,0,5.12,0,0.0,1,4,1.54
2025-11-25_to_2026-02-25,1919,SHORT,1771570800,1771571700,2026-02-20T07:15,5015.4,5765,SUPPLY,5030.69,5046.09,1.843,248,False,True,0,0.0,1,False,2.557,2.41,1.83,1,0,False,1,reversal,BOS,2,4,65.3,7,4,BULL,1,1,1,counter_macro,False,1,0.96,0,-2.14,0,1,1.24
2025-11-25_to_2026-02-25,1921,SHORT,1771622100,1771623000,2026-02-20T21:30,5099.44,5689,SUPPLY,5100.59,5118.92,2.155,667,False,True,0,0.0,1,False,3.296,3.91,0.135,1,0,False,-1,continuation,BOS,5,5,69.7,21,4,BULL,1,1,-1,counter_macro,False,0,0.0,0,-2.38,1,1,3.36
2025-11-25_to_2026-02-25,1927,SHORT,1771812000,1771812900,2026-02-23T02:15,5161.09,5825,SUPPLY,5160.61,5172.02,0.637,5,False,True,0,0.626,3,False,0.404,4.48,-0.027,1,0,False,1,reversal,BOS,20,3,66.6,2,0,BULL,1,1,1,counter_macro,False,0,0.0,0,-0.24,0,3,1.14
2025-11-25_to_2026-02-25,1939,SHORT,1771866900,1771867800,2026-02-23T17:30,5199.61,5838,SUPPLY,5207.88,5219.04,0.719,0,False,True,0,0.418,1,False,0.808,3.0,0.533,1,0,False,1,reversal,CHoCH,18,3,65.14,17,0,BULL,1,1,-1,counter_macro,False,0,0.0,0,0.0,1,5,0.82
2025-11-25_to_2026-02-25,1945,SHORT,1771883100,1771887600,2026-02-23T23:00,5244.32,5842,SUPPLY,5226.19,5237.62,1.696,0,False,True,0,0.462,1,False,1.76,4.02,-2.69,1,0,False,1,reversal,BOS,8,2,65.61,23,0,BULL,1,1,-1,counter_macro,False,0,0.0,0,0.0,1,8,6.2
2026-02-25_to_2026-05-25_rerun_customOBbaseline,1283,SHORT,1772199900,1772200800,2026-02-27T14:00,5226.46,4590,SUPPLY,5234.43,5249.73,1.404,240,True,True,0,0.382,3,False,5.281,2.88,0.731,1,0,False,1,reversal,CHoCH,2,7,65.8,14,4,NEUTRAL,-1,1,-1,neutral_macro,False,0,0.0,0,-0.87,1,1,3.46
2026-02-25_to_2026-05-25_rerun_customOBbaseline,1285,SHORT,1772203500,1772204400,2026-02-27T15:00,5237.86,4667,SUPPLY,5230.24,5240.27,0.74,2,False,True,0,0.572,3,False,3.262,2.87,-0.562,1,0,False,0,neutral,CHoCH,6,7,66.46,15,4,NEUTRAL,-1,1,-1,neutral_macro,False,0,0.0,0,-0.32,1,2,3.62
2026-02-25_to_2026-05-25_rerun_customOBbaseline,1287,SHORT,1772204400,1772205300,2026-02-27T15:15,5231.36,4667,SUPPLY,5230.24,5240.27,0.679,3,False,False,1,0.98,1,True,1.694,2.61,-0.076,2,1,True,0,neutral,CHoCH,7,7,65.26,15,4,NEUTRAL,-1,1,1,neutral_macro,False,0,0.0,0,-0.01,1,3,2.88
2026-02-25_to_2026-05-25_rerun_customOBbaseline,1291,SHORT,1772207100,1772208000,2026-02-27T16:00,5254.12,4667,SUPPLY,5230.24,5240.27,0.585,6,False,False,1,1.5,4,True,1.459,2.58,-1.393,3,4,True,0,neutral,CHoCH,10,7,65.36,16,4,NEUTRAL,-1,1,1,neutral_macro,False,0,0.0,0,0.36,1,5,3.81
2026-02-25_to_2026-05-25_rerun_customOBbaseline,1313,LONG,1772550900,1772551800,2026-03-03T15:30,5061.45,4562,DEMAND,5007.17,5018.02,0.244,430,True,False,1,1.5,1,False,3.01,-4.76,0.977,1,0,False,0,neutral,BOS,2,4,24.43,15,1,NEUTRAL,0,-1,1,neutral_macro,False,0,0.0,0,0.25,1,3,3.39
2026-02-25_to_2026-05-25_rerun_customOBbaseline,1319,LONG,1772722800,1772723700,2026-03-05T15:15,5086.25,4737,DEMAND,5083.95,5100.44,0.716,3,False,True,0,1.5,3,True,2.83,-2.8,-0.616,1,0,False,0,neutral,BOS,1,4,31.05,15,3,NEUTRAL,0,-1,1,neutral_macro,False,0,4.54,0,0.96,1,1,1.9
2026-02-25_to_2026-05-25_rerun_customOBbaseline,1339,SHORT,1773108900,1773109800,2026-03-10T02:30,5182.1,4766,SUPPLY,5176,5192.04,1.073,105,False,True,0,0.648,3,True,2.964,3.14,-0.408,1,0,False,1,reversal,BOS,3,5,67.66,2,1,NEUTRAL,1,-1,1,neutral_macro,False,0,0.0,0,-0.38,1,4,0.48
2026-02-25_to_2026-05-25_rerun_customOBbaseline,1361,LONG,1773346500,1773347400,2026-03-12T20:30,5072.43,4838,DEMAND,5079.33,5091.61,1.135,1,False,True,0,1.5,2,True,2.047,-4.41,-1.773,1,0,False,-1,reversal,BOS,10,4,25.79,20,3,NEUTRAL,0,-1,-1,neutral_macro,False,0,0.0,0,0.76,1,9,4.69
2026-02-25_to_2026-05-25_rerun_customOBbaseline,1365,LONG,1773352800,1773353700,2026-03-12T22:15,5092.74,4781,DEMAND,5061.42,5078.1,1.465,300,False,True,0,1.393,4,False,2.946,-4.37,1.286,1,0,False,-1,reversal,BOS,13,3,27.43,22,3,NEUTRAL,0,-1,1,neutral_macro,False,0,0.0,0,0.58,1,10,2.67
2026-02-25_to_2026-05-25_rerun_customOBbaseline,1367,LONG,1773353700,1773354600,2026-03-12T22:30,5089.48,4781,DEMAND,5061.42,5078.1,1.426,301,False,True,0,1.393,5,False,2.867,-3.75,0.973,2,1,False,-1,reversal,BOS,14,3,31.21,22,3,NEUTRAL,0,-1,1,neutral_macro,False,0,0.0,0,0.56,1,11,2.88
2026-02-25_to_2026-05-25_rerun_customOBbaseline,1371,LONG,1773419400,1773420300,2026-03-13T16:45,5045.9,4768,DEMAND,5014.58,5031.58,0.859,426,False,True,0,0.751,3,False,2.977,-2.85,0.724,1,0,False,-1,reversal,BOS,6,3,34.72,16,4,BEAR,-1,-1,1,counter_macro,False,0,0.0,0,-0.21,1,2,3.31
2026-02-25_to_2026-05-25_rerun_customOBbaseline,1393,LONG,1773861300,1773862200,2026-03-18T19:30,4850.47,4904,DEMAND,4834.38,4844.67,0.727,20,False,True,0,0.125,2,False,2.137,-3.73,0.41,1,0,False,1,continuation,BOS,1,3,31.77,19,2,NEUTRAL,0,-1,-1,neutral_macro,False,0,10.81,0,-0.64,1,10,2.65
2026-02-25_to_2026-05-25_rerun_customOBbaseline,1395,LONG,1773863100,1773864000,2026-03-18T20:00,4825.75,4904,DEMAND,4834.38,4844.67,0.731,22,False,False,1,0.585,1,False,3.378,-3.77,-1.344,2,2,True,0,neutral,BOS,3,3,30.08,20,2,NEUTRAL,0,-1,1,neutral_macro,False,0,11.2,0,-0.3,1,11,4.42
2026-02-25_to_2026-05-25_rerun_customOBbaseline,1407,LONG,1773912600,1773913500,2026-03-19T09:45,4698.89,4917,DEMAND,4686.82,4698.69,0.389,0,False,True,0,0.0,1,False,1.13,-4.37,0.007,1,0,False,-1,reversal,BOS,15,2,29.98,9,3,NEUTRAL,0,-1,1,neutral_macro,False,0,0.0,0,0.0,0,5,4.83
2026-02-25_to_2026-05-25_rerun_customOBbaseline,1408,LONG,1773915300,1773916200,2026-03-19T10:30,4683.75,4917,DEMAND,4686.82,4698.69,0.411,3,False,True,0,1.5,3,True,1.006,-4.52,-0.518,2,3,True,-1,reversal,BOS,18,2,26.89,10,3,NEUTRAL,0,-1,-1,neutral_macro,False,0,0.0,0,0.54,0,6,5.63
2026-02-25_to_2026-05-25_rerun_customOBbaseline,1425,SHORT,1773980100,1773981000,2026-03-20T04:30,4719.89,4931,SUPPLY,4719.41,4735.93,0.91,0,False,True,0,0.3,1,False,2.176,2.74,-0.026,1,0,False,1,reversal,BOS,10,3,65.54,4,4,BEAR,-1,-1,-1,with_macro,False,0,0.0,0,0.0,1,3,3.54
2026-02-25_to_2026-05-25_rerun_customOBbaseline,1433,LONG,1774035900,1774036800,2026-03-20T20:00,4505.02,4939,DEMAND,4477.38,4494.8,0.702,0,False,True,0,0.0,1,False,2.893,-3.45,0.412,1,0,False,-1,reversal,BOS,3,5,31.14,20,4,BEAR,-1,-1,1,counter_macro,False,0,0.0,0,0.0,1,4,3.71
2026-02-25_to_2026-05-25_rerun_customOBbaseline,1435,LONG,1774037700,1774038600,2026-03-20T20:30,4503.4,4939,DEMAND,4477.38,4494.8,0.732,2,False,True,0,0.06,2,False,2.45,-3.72,0.361,2,2,True,-1,reversal,BOS,5,5,30.28,20,4,BEAR,-1,-1,-1,counter_macro,False,0,0.0,0,-0.69,1,5,3.93
2026-02-25_to_2026-05-25_rerun_customOBbaseline,1437,LONG,1774039500,1774216800,2026-03-22T22:00,4508.28,4939,DEMAND,4477.38,4494.8,0.789,4,False,False,1,0.022,1,False,0.125,-3.79,0.61,3,4,True,-1,reversal,BOS,7,5,30.61,22,6,BEAR,-1,-1,-1,counter_macro,False,0,0.0,0,-0.77,0,6,4.02
2026-02-25_to_2026-05-25_rerun_customOBbaseline,1445,LONG,1774238400,1774239300,2026-03-23T04:15,4368.43,4943,DEMAND,4319.53,4337.75,0.496,9,False,True,0,0.16,3,False,2.537,-3.67,0.834,1,0,False,-1,reversal,CHoCH,15,4,32.48,4,0,BEAR,-1,-1,1,counter_macro,False,0,0.0,0,-0.42,1,4,1.84
2026-02-25_to_2026-05-25_rerun_customOBbaseline,1451,SHORT,1774391400,1774392300,2026-03-24T22:45,4484.45,4956,SUPPLY,4486.64,4512.34,1.162,117,False,True,0,0.0,1,False,3.044,2.66,0.099,1,0,False,1,reversal,CHoCH,4,4,66.01,22,1,NEUTRAL,0,-1,-1,neutral_macro,False,0,0.0,0,-1.85,1,1,4.07
2026-02-25_to_2026-05-25_rerun_customOBbaseline,1457,SHORT,1774404900,1774405800,2026-03-25T02:30,4593.58,4937,SUPPLY,4597.04,4613.62,0.873,216,False,False,1,0.0,1,False,1.75,5.69,0.182,1,0,False,1,reversal,CHoCH,10,4,78.03,2,2,NEUTRAL,0,-1,-1,neutral_macro,False,0,0.0,0,-1.1,1,4,6.44
2026-02-25_to_2026-05-25_rerun_customOBbaseline,1461,SHORT,1774408500,1774409400,2026-03-25T03:30,4569.94,4980,SUPPLY,4583.78,4601.14,1.09,2,False,True,0,1.074,3,False,1.255,4.72,0.869,1,0,False,1,reversal,CHoCH,14,3,69.22,3,2,NEUTRAL,0,-1,-1,neutral_macro,False,0,0.0,0,0.08,1,6,6.19
2026-02-25_to_2026-05-25_rerun_customOBbaseline,1469,LONG,1774476000,1774476900,2026-03-25T22:15,4511.75,4996,DEMAND,4487.09,4509.51,1.111,4,False,True,0,0.649,3,False,2.216,-1.33,0.111,1,0,False,0,neutral,CHoCH,8,3,40.42,22,2,NEUTRAL,1,-1,1,neutral_macro,False,0,2.41,0,-0.39,1,2,0.55
2026-02-25_to_2026-05-25_rerun_customOBbaseline,1475,LONG,1774510200,1774511100,2026-03-26T07:45,4452.57,5004,DEMAND,4415.69,4437.06,1.184,1,False,True,0,0.0,1,False,1.238,-3.39,0.859,1,0,False,-1,reversal,CHoCH,8,4,34.43,7,3,NEUTRAL,1,-1,1,neutral_macro,False,0,6.65,0,-1.77,1,5,3.63
2026-02-25_to_2026-05-25_rerun_customOBbaseline,1479,LONG,1774520100,1774521000,2026-03-26T10:30,4428.46,5006,DEMAND,4412.82,4434.03,1.233,3,False,True,0,0.926,4,False,2.125,-3.33,-0.324,1,0,False,0,neutral,CHoCH,19,3,34.23,10,3,NEUTRAL,1,-1,1,neutral_macro,False,0,0.0,0,0.0,1,6,1.12
2026-02-25_to_2026-05-25_rerun_customOBbaseline,1481,LONG,1774544400,1774545300,2026-03-26T17:15,4383.2,4975,DEMAND,4372.21,4394.37,1.03,177,False,False,1,1.225,4,True,2.911,-3.04,-0.519,1,0,False,0,neutral,CHoCH,2,5,31.01,17,3,NEUTRAL,1,-1,1,neutral_macro,False,0,2.19,0,0.23,1,6,3.49
2026-02-25_to_2026-05-25_rerun_customOBbaseline,1482,LONG,1774545300,1774546200,2026-03-26T17:30,4385.84,4975,DEMAND,4372.21,4394.37,1.044,178,False,False,1,1.225,5,True,2.951,-2.7,-0.402,2,1,False,0,neutral,CHoCH,3,5,33.88,17,3,NEUTRAL,1,-1,1,neutral_macro,False,0,2.22,0,0.24,1,7,3.42
2026-02-25_to_2026-05-25_rerun_customOBbaseline,1485,LONG,1774547100,1774548000,2026-03-26T18:00,4388.19,5012,DEMAND,4367.22,4388.06,1.044,1,False,True,0,0.497,2,False,2.73,-2.96,0.007,1,0,False,0,neutral,CHoCH,5,5,32.37,18,3,NEUTRAL,1,-1,1,neutral_macro,False,0,2.36,0,0.0,1,8,3.52
2026-02-25_to_2026-05-25_rerun_customOBbaseline,1487,SHORT,1774626300,1774627200,2026-03-27T16:00,4528.28,4995,SUPPLY,4546.09,4568.92,0.974,171,False,True,0,0.403,3,False,5.159,4.3,0.76,1,0,False,1,reversal,CHoCH,6,2,76.3,16,4,NEUTRAL,0,-1,-1,neutral_macro,False,0,0.0,0,-0.58,1,1,4.16
2026-02-25_to_2026-05-25_rerun_customOBbaseline,1489,SHORT,1774627200,1774628100,2026-03-27T16:15,4528.56,5001,SUPPLY,4531.25,4544.36,0.556,148,False,False,1,1.5,5,True,4.082,3.82,0.114,1,0,False,1,reversal,CHoCH,7,2,72.27,16,4,NEUTRAL,0,-1,-1,neutral_macro,False,0,0.0,0,0.46,1,2,4.15
2026-02-25_to_2026-05-25_rerun_customOBbaseline,1491,SHORT,1774852200,1774853100,2026-03-30T06:45,4532.29,5028,SUPPLY,4536.51,4555.29,1.562,53,False,True,0,0.289,1,False,4.3,2.68,0.351,1,0,False,1,reversal,CHoCH,2,3,65.34,6,0,BEAR,-1,-1,1,with_macro,True,0,0.0,0,-1.11,1,1,3.41
2026-02-25_to_2026-05-25_rerun_customOBbaseline,1493,SHORT,1774872000,1774872900,2026-03-30T12:15,4566.18,4988,SUPPLY,4579.82,4585.59,0.433,274,False,True,0,0.13,2,False,2.028,3.17,1.024,1,0,False,-1,continuation,BOS,1,4,67.16,12,0,NEUTRAL,0,-1,1,neutral_macro,False,0,3.03,0,-0.38,1,2,1.93
2026-02-25_to_2026-05-25_rerun_customOBbaseline,1495,SHORT,1774875600,1774876500,2026-03-30T13:15,4567.36,5045,SUPPLY,4562.27,4580.57,1.338,1,False,True,0,0.887,2,False,2.717,3.42,-0.372,1,0,False,0,neutral,BOS,5,4,67.69,13,0,NEUTRAL,0,-1,-1,neutral_macro,False,0,2.96,0,-0.15,1,3,1.96
2026-02-25_to_2026-05-25_rerun_customOBbaseline,1509,SHORT,1774988100,1774989000,2026-03-31T20:30,4667.96,4935,SUPPLY,4678.89,4695.32,1.282,673,False,False,1,0.511,5,False,1.87,4.37,0.853,1,0,False,0,neutral,BOS,14,4,72.08,20,1,BULL,1,1,1,counter_macro,False,0,0.0,0,-0.63,1,5,3.73
2026-02-25_to_2026-05-25_rerun_customOBbaseline,1513,SHORT,1775004300,1775005200,2026-04-01T01:00,4707.93,4938,SUPPLY,4724.14,4735.93,0.74,663,False,True,0,0.0,1,False,1.894,3.89,1.018,1,0,False,0,neutral,BOS,4,4,67.3,1,2,BULL,1,1,1,counter_macro,False,0,0.0,0,-1.05,0,7,1.83
2026-02-25_to_2026-05-25_rerun_customOBbaseline,1515,SHORT,1775006100,1775007000,2026-04-01T01:30,4687.83,4938,SUPPLY,4724.14,4735.93,0.637,665,False,True,0,0.001,2,False,1.725,3.38,1.961,2,2,True,0,neutral,BOS,6,4,66.58,1,2,BULL,1,1,1,counter_macro,False,0,0.0,0,-0.64,0,8,0.49
2026-02-25_to_2026-05-25_rerun_customOBbaseline,1523,LONG,1775098800,1775099700,2026-04-02T03:15,4691.88,5079,DEMAND,4666.89,4674.06,0.266,83,False,False,1,1.5,3,False,4.135,-2.67,0.66,1,0,False,0,neutral,CHoCH,7,4,29.19,3,3,BULL,1,1,1,with_macro,False,0,0.0,0,0.42,1,4,1.59
2026-02-25_to_2026-05-25_rerun_customOBbaseline,1525,LONG,1775099700,1775100600,2026-04-02T03:30,4685.85,5079,DEMAND,4666.89,4674.06,0.266,84,False,False,2,0.0,1,False,0.197,-2.48,0.437,2,1,True,0,neutral,CHoCH,8,4,31.08,3,3,BULL,1,1,1,with_macro,False,0,0.0,0,-0.78,1,5,1.82
2026-02-25_to_2026-05-25_rerun_customOBbaseline,1531,LONG,1775111400,1775112300,2026-04-02T06:45,4599.14,5066,DEMAND,4567.88,4583.67,0.759,154,False,True,0,1.5,3,False,4.225,-5.04,0.744,1,0,False,-1,reversal,BOS,3,4,22.53,6,3,BULL,1,1,1,with_macro,False,0,0.0,0,0.66,1,7,0.16
2026-02-25_to_2026-05-25_rerun_customOBbaseline,1535,SHORT,1775552400,1775553300,2026-04-07T09:15,4686.85,5132,SUPPLY,4681.2,4697.68,1.228,66,False,True,0,0.758,4,False,2.816,2.25,-0.421,1,0,False,1,reversal,CHoCH,2,4,65.88,9,1,BULL,1,1,-1,counter_macro,False,0,0.0,0,-0.3,1,1,1.99
2026-02-25_to_2026-05-25_rerun_customOBbaseline,1555,SHORT,1775630700,1775631600,2026-04-08T07:00,4812.43,5166,SUPPLY,4827.47,4843.52,1.384,0,False,True,0,0.746,1,False,1.47,4.48,1.297,1,0,False,1,reversal,BOS,3,4,72.36,7,2,NEUTRAL,0,1,-1,neutral_macro,False,0,13.55,0,0.0,0,10,0.72
2026-02-25_to_2026-05-25_rerun_customOBbaseline,1561,SHORT,1775751300,1775752200,2026-04-09T16:30,4787.53,5173,SUPPLY,4797.87,4807.07,0.614,99,False,False,1,0.353,2,False,1.134,3.08,0.69,1,0,False,1,reversal,BOS,3,8,66.07,16,3,BULL,1,1,1,counter_macro,False,0,4.53,0,-0.4,0,1,1.63
2026-02-25_to_2026-05-25_rerun_customOBbaseline,1563,SHORT,1775755800,1775756700,2026-04-09T17:45,4797.77,5199,SUPPLY,4787.96,4801.12,1.069,2,False,True,0,1.006,3,True,1.974,3.23,-0.797,1,0,False,1,reversal,BOS,8,8,65.89,17,3,BULL,1,1,1,counter_macro,False,0,5.52,0,0.01,0,2,0.57
2026-02-25_to_2026-05-25_rerun_customOBbaseline,1571,LONG,1776035700,1776036600,2026-04-12T23:30,4655.73,5226,DEMAND,4644.8,4657.22,0.757,0,False,True,0,1.037,1,False,5.594,-5.77,-0.091,1,0,False,-1,reversal,CHoCH,5,6,20.13,23,6,NEUTRAL,0,1,1,neutral_macro,False,0,0.0,0,0.03,1,4,1.87
2026-02-25_to_2026-05-25_rerun_customOBbaseline,1573,LONG,1776037500,1776038400,2026-04-13T00:00,4672.5,5226,DEMAND,4644.8,4657.22,0.711,2,False,True,0,1.037,3,False,5.254,-5.69,0.874,2,2,False,-1,reversal,CHoCH,7,6,20.52,0,0,NEUTRAL,0,1,1,neutral_macro,False,0,0.0,0,0.03,1,5,0.79
2026-02-25_to_2026-05-25_rerun_customOBbaseline,1575,LONG,1776038400,1776039300,2026-04-13T00:15,4673.25,5226,DEMAND,4644.8,4657.22,0.7,3,False,True,0,1.037,4,False,5.173,-4.34,0.903,3,3,False,-1,reversal,CHoCH,8,6,30.83,0,0,NEUTRAL,0,-1,1,neutral_macro,False,0,0.0,0,0.03,1,6,0.74
2026-02-25_to_2026-05-25_rerun_customOBbaseline,1589,SHORT,1776187800,1776188700,2026-04-14T17:45,4835.08,5166,SUPPLY,4827.47,4843.52,1.262,411,False,False,1,0.862,3,True,2.537,3.33,-0.598,2,411,True,1,reversal,BOS,1,8,69.1,17,1,NEUTRAL,0,1,1,neutral_macro,False,0,5.08,0,-0.17,1,3,1.32
2026-02-25_to_2026-05-25_rerun_customOBbaseline,1591,SHORT,1776189600,1776190500,2026-04-14T18:15,4837.98,5166,SUPPLY,4827.47,4843.52,1.431,413,False,False,1,0.996,5,True,2.877,3.86,-0.937,3,413,True,1,reversal,BOS,3,6,71.23,18,1,NEUTRAL,0,1,1,neutral_macro,False,0,5.95,0,-0.01,1,4,1.76
2026-02-25_to_2026-05-25_rerun_customOBbaseline,1593,SHORT,1776191400,1776192300,2026-04-14T18:45,4835.84,5166,SUPPLY,4827.47,4843.52,1.554,415,False,False,1,0.996,7,True,3.125,3.93,-0.81,4,415,True,1,reversal,BOS,5,6,71.33,18,1,NEUTRAL,0,1,-1,neutral_macro,False,0,6.46,0,-0.01,1,5,1.7
2026-02-25_to_2026-05-25_rerun_customOBbaseline,1595,SHORT,1776192300,1776193200,2026-04-14T19:00,4840.97,5166,SUPPLY,4827.47,4843.52,1.635,416,False,False,1,0.996,8,True,3.288,3.65,-1.375,5,416,True,1,reversal,BOS,6,6,68.23,19,1,NEUTRAL,0,1,-1,neutral_macro,False,0,6.8,0,-0.01,1,6,2.31
2026-02-25_to_2026-05-25_rerun_customOBbaseline,1603,SHORT,1776204000,1776204900,2026-04-14T22:15,4839.94,5263,SUPPLY,4841.92,4846.37,0.765,0,False,True,0,1.5,1,True,0.691,3.94,0.34,1,0,False,1,reversal,BOS,4,6,65.04,22,1,NEUTRAL,0,1,1,neutral_macro,False,0,12.72,0,0.75,1,10,0.59
2026-02-25_to_2026-05-25_rerun_customOBbaseline,1615,SHORT,1776435300,1776436200,2026-04-17T14:30,4877.34,5326,SUPPLY,4880.48,4889.44,0.447,1,False,True,0,0.544,2,False,3.167,3.52,0.157,1,0,False,1,reversal,CHoCH,5,4,66.93,14,4,NEUTRAL,-1,1,-1,neutral_macro,False,0,4.57,0,-0.2,1,2,3.51
2026-02-25_to_2026-05-25_rerun_customOBbaseline,1617,SHORT,1776438000,1776438900,2026-04-17T15:15,4865.93,5327,SUPPLY,4875.79,4885.35,0.446,0,False,True,0,0.487,1,False,0.732,3.59,0.46,1,0,False,0,neutral,CHoCH,8,4,67.1,15,4,NEUTRAL,-1,1,-1,neutral_macro,False,0,4.27,0,0.0,1,3,2.75
2026-02-25_to_2026-05-25_rerun_customOBbaseline,1647,SHORT,1776949200,1776950100,2026-04-23T13:15,4727.56,5405,SUPPLY,4744.5,4753.46,0.801,11,False,True,0,0.0,1,False,2.454,2.64,1.514,1,0,False,0,neutral,CHoCH,3,3,71.48,13,3,BEAR,-1,-1,1,with_macro,True,0,-0.21,0,-1.13,1,1,0.36
2026-02-25_to_2026-05-25_rerun_customOBbaseline,1649,LONG,1777242600,1777243500,2026-04-26T22:45,4684.65,5428,DEMAND,4674.49,4682.51,1.118,40,False,False,1,0.061,1,False,4.47,-2.8,0.298,1,0,False,-1,reversal,CHoCH,5,4,28.1,22,6,BEAR,-1,-1,1,counter_macro,False,0,0.0,0,-1.05,0,1,0.24
2026-02-25_to_2026-05-25_rerun_customOBbaseline,1651,LONG,1777245300,1777246200,2026-04-26T23:30,4676.99,5438,DEMAND,4679.89,4689.47,1.31,0,False,True,0,1.29,1,True,4.245,-2.97,-1.706,1,0,False,-1,reversal,CHoCH,8,4,27.08,23,6,BEAR,-1,-1,1,counter_macro,False,0,0.0,0,0.38,0,2,1.28
2026-02-25_to_2026-05-25_rerun_customOBbaseline,1683,LONG,1777451400,1777452300,2026-04-29T08:45,4573.32,5467,DEMAND,4557.29,4566.26,1.025,64,False,True,0,0.994,3,False,2.646,-3.14,0.806,1,0,False,-1,reversal,CHoCH,10,9,27.88,8,2,BEAR,-1,-1,-1,counter_macro,False,0,0.0,0,-0.01,1,1,3.02
2026-02-25_to_2026-05-25_rerun_customOBbaseline,1735,SHORT,1778030100,1778031000,2026-05-06T01:30,4624.01,5519,SUPPLY,4620.3,4629.43,0.747,191,False,True,0,0.588,2,True,1.883,4.27,-0.304,1,0,False,0,neutral,CHoCH,9,3,70.26,1,2,NEUTRAL,0,-1,-1,neutral_macro,False,0,0.0,0,-0.31,1,4,5.98
2026-02-25_to_2026-05-25_rerun_customOBbaseline,1737,SHORT,1778031900,1778032800,2026-05-06T02:00,4633.24,5519,SUPPLY,4620.3,4629.43,0.76,193,False,True,0,0.911,4,True,1.915,5.13,-1.078,2,2,False,0,neutral,CHoCH,11,2,73.96,2,2,NEUTRAL,0,-1,-1,neutral_macro,False,0,0.0,0,-0.07,1,5,6.86
2026-02-25_to_2026-05-25_rerun_customOBbaseline,1741,SHORT,1778038200,1778039100,2026-05-06T03:45,4643.84,5528,SUPPLY,4652.1,4660.27,0.85,157,False,True,0,0.0,1,False,2.486,6.27,0.859,1,0,False,0,neutral,CHoCH,18,2,76.88,3,2,NEUTRAL,0,-1,-1,neutral_macro,False,0,0.0,0,-0.89,1,5,9.67
2026-02-25_to_2026-05-25_rerun_customOBbaseline,1745,SHORT,1778042700,1778043600,2026-05-06T05:00,4654.8,5528,SUPPLY,4652.1,4660.27,1.114,162,False,True,0,0.203,3,False,3.195,5.74,-0.368,2,5,True,0,neutral,CHoCH,23,2,70.98,5,2,NEUTRAL,0,1,-1,neutral_macro,False,0,0.0,0,-0.89,1,7,0.58
2026-02-25_to_2026-05-25_rerun_customOBbaseline,1747,SHORT,1778045400,1778046300,2026-05-06T05:45,4662.95,5528,SUPPLY,4652.1,4660.27,1.108,165,False,True,0,0.545,6,False,3.178,5.63,-1.471,3,8,True,0,neutral,CHoCH,26,2,69.19,5,2,NEUTRAL,0,1,-1,neutral_macro,False,0,0.0,0,-0.5,1,8,0.39
2026-02-25_to_2026-05-25_rerun_customOBbaseline,1749,SHORT,1778046300,1778047200,2026-05-06T06:00,4660.3,5528,SUPPLY,4652.1,4660.27,1.029,166,False,False,1,1.442,1,True,2.408,5.37,-1.033,4,9,True,0,neutral,CHoCH,27,2,68.6,6,2,NEUTRAL,0,1,-1,neutral_macro,False,0,0.0,0,0.45,1,9,0.03
2026-02-25_to_2026-05-25_rerun_customOBbaseline,1759,SHORT,1778058900,1778059800,2026-05-06T09:30,4696.17,5449,SUPPLY,4703.83,4712.7,0.81,628,False,True,0,0.536,2,False,3.381,5.86,0.699,1,0,False,1,reversal,CHoCH,13,3,72.96,9,2,BULL,1,1,1,counter_macro,False,0,0.0,0,-0.38,1,14,0.86
2026-02-25_to_2026-05-25_rerun_customOBbaseline,1761,SHORT,1778060700,1778061600,2026-05-06T10:00,4698.37,5449,SUPPLY,4703.83,4712.7,0.804,630,False,True,0,0.536,4,False,3.358,5.33,0.495,2,2,False,1,reversal,CHoCH,15,3,70.78,10,2,BULL,1,1,-1,counter_macro,False,0,0.0,0,-0.37,1,15,1.05
2026-02-25_to_2026-05-25_rerun_customOBbaseline,1763,SHORT,1778062500,1778063400,2026-05-06T10:30,4713.99,5565,SUPPLY,4699.71,4708.58,0.788,1,False,True,0,0.652,2,True,1.652,5.21,-1.268,1,0,False,1,reversal,CHoCH,17,3,69.72,10,2,BULL,1,1,-1,counter_macro,False,0,0.0,0,0.0,1,16,0.5
2026-02-25_to_2026-05-25_rerun_customOBbaseline,1777,LONG,1778454000,1778454900,2026-05-10T23:15,4694.74,5611,DEMAND,4678.71,4688.34,1.242,0,False,True,0,0.0,1,False,3.666,-2.89,0.826,1,0,False,-1,reversal,CHoCH,4,6,32.59,23,6,NEUTRAL,0,1,1,neutral_macro,False,0,0.0,0,-1.29,1,2,0.66
2026-02-25_to_2026-05-25_rerun_customOBbaseline,1782,SHORT,1778508000,1778508900,2026-05-11T14:15,4724.9,5606,SUPPLY,4739.73,4749.4,0.751,88,False,True,0,0.921,3,False,5.375,3.5,1.152,1,0,False,0,neutral,CHoCH,6,5,71.8,14,0,NEUTRAL,0,1,1,neutral_macro,False,0,5.31,0,-0.06,1,2,0.1
2026-02-25_to_2026-05-25_rerun_customOBbaseline,1787,SHORT,1778537700,1778538600,2026-05-11T22:30,4744.88,5628,SUPPLY,4738.95,4748.64,1.806,26,False,True,0,0.499,2,False,2.692,3.49,-1.105,1,0,False,0,neutral,CHoCH,1,4,65.94,22,0,NEUTRAL,-1,1,1,neutral_macro,False,0,11.85,0,-0.9,1,4,3.01
2026-02-25_to_2026-05-25_rerun_customOBbaseline,1789,SHORT,1778541300,1778542200,2026-05-11T23:30,4755.83,5586,SUPPLY,4755.67,4764.87,1.525,209,False,True,0,0.0,1,False,2.911,4.51,-0.027,1,0,False,1,reversal,CHoCH,1,4,74.16,23,0,NEUTRAL,-1,1,-1,neutral_macro,False,0,12.43,0,-1.67,1,5,4.5
2026-02-25_to_2026-05-25_rerun_customOBbaseline,1805,SHORT,1778624100,1778625000,2026-05-12T22:30,4716.43,5639,SUPPLY,4721.54,4730.31,1.312,64,False,False,1,0.0,1,False,2.075,2.33,0.765,1,0,False,0,neutral,CHoCH,5,3,67.92,22,1,NEUTRAL,0,1,-1,neutral_macro,False,0,2.24,0,-1.63,1,3,1.12
2026-02-25_to_2026-05-25_rerun_customOBbaseline,1807,SHORT,1778625900,1778626800,2026-05-12T23:00,4717.73,5639,SUPPLY,4721.54,4730.31,1.37,66,False,False,1,0.117,1,False,0.17,2.46,0.595,2,2,True,1,reversal,CHoCH,7,3,68.28,23,1,NEUTRAL,0,1,1,neutral_macro,False,0,2.51,0,-1.21,1,4,1.38
2026-02-25_to_2026-05-25_rerun_customOBbaseline,1809,SHORT,1778633100,1778634000,2026-05-13T01:00,4709.76,5639,SUPPLY,4721.54,4730.31,1.33,74,False,False,1,0.595,9,False,0.165,2.22,1.786,3,10,True,1,reversal,CHoCH,15,2,65.71,1,2,NEUTRAL,0,1,1,neutral_macro,False,0,3.07,0,-0.54,1,5,0.13
2026-02-25_to_2026-05-25_rerun_customOBbaseline,1811,LONG,1778791500,1778796000,2026-05-14T22:00,4655.55,5649,DEMAND,4638.17,4647.55,1.545,202,False,True,0,0.353,3,False,4.159,-3.84,1.318,1,0,False,-1,reversal,CHoCH,8,3,29.32,22,3,NEUTRAL,0,-1,-1,neutral_macro,False,0,0.0,0,-1.0,1,1,3.48
2026-02-25_to_2026-05-25_rerun_customOBbaseline,1813,LONG,1778796000,1778796900,2026-05-14T22:15,4658.9,5650,DEMAND,4638.17,4647.91,1.505,188,False,False,1,0.061,1,False,1.834,-3.96,1.698,2,1,True,-1,reversal,CHoCH,9,3,29.41,22,3,NEUTRAL,0,-1,1,neutral_macro,False,0,0.0,0,-1.41,1,2,2.75
2026-02-25_to_2026-05-25_rerun_customOBbaseline,1825,LONG,1778828400,1778829300,2026-05-15T07:15,4581.88,5696,DEMAND,4556.2,4565.33,0.675,0,False,True,0,0.0,1,False,0.476,-4.42,1.224,1,0,False,-1,reversal,BOS,26,3,30.67,7,4,NEUTRAL,0,-1,1,neutral_macro,False,0,0.0,0,-0.6,0,8,1.32
2026-02-25_to_2026-05-25_rerun_customOBbaseline,1827,LONG,1778834700,1778835600,2026-05-15T09:00,4547.4,5560,DEMAND,4546.19,4550.88,0.347,682,False,True,0,0.226,2,False,0.394,-3.95,-0.257,1,0,False,0,neutral,BOS,33,1,33.99,9,4,NEUTRAL,0,-1,-1,neutral_macro,False,0,0.0,0,-0.27,0,9,2.38
2026-02-25_to_2026-05-25_rerun_customOBbaseline,1831,LONG,1778839200,1778840100,2026-05-15T10:15,4551.89,5545,DEMAND,4527.74,4533.76,0.445,754,False,True,0,0.311,2,False,1.838,-4.21,1.341,1,0,False,0,neutral,BOS,4,2,31.49,10,4,NEUTRAL,0,-1,-1,neutral_macro,False,0,0.0,0,-0.31,0,10,2.05
2026-02-25_to_2026-05-25_rerun_customOBbaseline,1833,SHORT,1779143400,1779144300,2026-05-18T22:45,4574.06,5720,SUPPLY,4573.58,4584.32,1.319,27,False,True,0,0.454,2,False,2.6,2.43,-0.059,1,0,False,1,reversal,BOS,7,4,65.26,22,0,BEAR,-1,-1,-1,with_macro,False,0,0.0,0,-0.72,0,1,3.76
2026-02-25_to_2026-05-25_rerun_customOBbaseline,1841,SHORT,1779307200,1779308100,2026-05-20T20:15,4545.73,5757,SUPPLY,4542.13,4552.54,1.925,15,False,True,0,0.793,7,False,0.71,3.79,-0.666,1,0,False,0,neutral,BOS,4,1,67.94,20,2,BEAR,-1,-1,1,with_macro,True,0,0.0,0,-0.4,0,1,1.84
2026-02-25_to_2026-05-25_rerun_customOBbaseline,1843,SHORT,1779309000,1779309900,2026-05-20T20:45,4543.85,5757,SUPPLY,4542.13,4552.54,2.016,17,False,True,0,0.793,9,False,0.744,3.67,-0.333,2,2,False,1,reversal,BOS,6,1,67.1,20,2,BEAR,-1,-1,-1,with_macro,False,0,0.0,0,-0.42,0,2,1.56
2026-02-25_to_2026-05-25_rerun_customOBbaseline,1849,SHORT,1779389100,1779390000,2026-05-21T19:00,4537.99,5787,SUPPLY,4549.34,4559.36,0.984,0,False,True,0,0.0,1,False,1.215,2.07,1.114,1,0,False,1,reversal,CHoCH,6,7,65.61,19,3,NEUTRAL,0,-1,-1,neutral_macro,False,0,3.8,0,0.0,1,2,0.22
2026-02-25_to_2026-05-25_rerun_customOBbaseline,1851,SHORT,1779661800,1779662700,2026-05-24T22:45,4565.03,5787,SUPPLY,4549.34,4559.36,1.148,103,False,True,0,1.177,3,True,5.504,3.63,-1.797,2,103,True,-1,continuation,CHoCH,2,4,70.87,22,6,NEUTRAL,0,-1,1,neutral_macro,False,0,0.0,0,0.2,1,1,3.35
