cj_t,date,yr,reg,entry,sl,R,capped
1716908400,2024-05-28 15:00,2024,RANGE,2355.88,2347.49,-1.0,0
1716919200,2024-05-28 18:00,2024,RANGE,2355.73,2352.82,-1.0,0
1716923700,2024-05-28 19:15,2024,RANGE,2357.77,2352.48,-1.0,0
1716939000,2024-05-28 23:30,2024,RANGE,2359.58,2357.82,-1.0,0
1716948900,2024-05-29 02:15,2024,RANGE,2359.77,2355.46,-1.0,0
1716953400,2024-05-29 03:30,2024,RANGE,2357.02,2354.18,-1.0,0
1717159500,2024-05-31 12:45,2024,RANGE,2354.78,2342.25,-1.0,0
1717460100,2024-06-04 00:15,2024,RANGE,2351.81,2349.56,-1.0,0
1717608600,2024-06-05 17:30,2024,RANGE,2352.81,2350.77,6.609,0
1717619400,2024-06-05 20:30,2024,RANGE,2354.04,2352.43,7.852,0
1717636500,2024-06-06 01:15,2024,RANGE,2367.26,2354.42,-1.0,0
1717649100,2024-06-06 04:45,2024,RANGE,2369.43,2366.48,-1.0,0
1717658100,2024-06-06 07:15,2024,RANGE,2365.77,2362.79,-1.0,0
1717665300,2024-06-06 09:15,2024,RANGE,2360.58,2359.53,-1.0,0
1717668900,2024-06-06 10:15,2024,RANGE,2361.24,2358.27,-1.0,0
1717681500,2024-06-06 13:45,2024,RANGE,2360.52,2353.01,1.312,0
1717686000,2024-06-06 15:00,2024,RANGE,2370.3,2357.76,0.169,0
1717693200,2024-06-06 17:00,2024,RANGE,2371.29,2369.8,-0.772,0
1717699500,2024-06-06 18:45,2024,RANGE,2372.09,2368.56,1.014,0
1717721100,2024-06-07 00:45,2024,RANGE,2378.37,2375.94,-1.0,0
1717728300,2024-06-07 02:45,2024,RANGE,2376.62,2369.17,-0.529,0
1717743600,2024-06-07 07:00,2024,RANGE,2379.13,2372.54,-1.0,0
1718845200,2024-06-20 01:00,2024,RANGE,2333.88,2327.62,0.978,0
1718855100,2024-06-20 03:45,2024,RANGE,2333.92,2332.14,3.348,0
1718876700,2024-06-20 09:45,2024,RANGE,2334.62,2331.32,0.86,0
1718890200,2024-06-20 13:30,2024,RANGE,2345.17,2334.96,1.239,0
1718900100,2024-06-20 16:15,2024,RANGE,2355.5,2350.68,0.418,0
1718912700,2024-06-20 19:45,2024,RANGE,2358.9,2357.43,-0.675,0
1718916300,2024-06-20 20:45,2024,RANGE,2360.01,2357.96,-1.0,0
1718923500,2024-06-20 22:45,2024,RANGE,2359.34,2357.95,-1.0,0
1718936100,2024-06-21 02:15,2024,RANGE,2360.57,2356.88,0.074,0
1718940600,2024-06-21 03:30,2024,RANGE,2361.17,2357.93,-0.106,0
1718956800,2024-06-21 08:00,2024,RANGE,2364.8,2354.94,-1.0,0
1718966700,2024-06-21 10:45,2024,RANGE,2363.65,2361.08,-1.0,0
1719855000,2024-07-01 17:30,2024,RANGE,2329.45,2326.18,0.509,0
1719860400,2024-07-01 19:00,2024,RANGE,2329.75,2326.75,0.528,0
1719880200,2024-07-02 00:30,2024,RANGE,2331.93,2331.5,-1.0,0
1719885600,2024-07-02 02:00,2024,RANGE,2333.18,2331.06,-1.0,0
1719907200,2024-07-02 08:00,2024,RANGE,2331.31,2322.94,-1.0,0
1719957600,2024-07-02 22:00,2024,RANGE,2330.64,2328.49,-1.0,0
1719965700,2024-07-03 00:15,2024,RANGE,2331.52,2329.56,-1.0,0
1719977400,2024-07-03 03:30,2024,RANGE,2330.56,2326.73,6.38,0
1719988200,2024-07-03 06:30,2024,RANGE,2336.99,2331.81,3.479,0
1720008000,2024-07-03 12:00,2024,RANGE,2346.2,2342.13,2.142,0
1720028700,2024-07-03 17:45,2024,RANGE,2356.64,2353.46,0.134,0
1720038600,2024-07-03 20:30,2024,RANGE,2355.88,2353.45,0.557,0
1720053900,2024-07-04 00:45,2024,RANGE,2358.54,2356.33,-0.543,0
1720063800,2024-07-04 03:30,2024,RANGE,2359.8,2357.26,-1.0,0
1720067400,2024-07-04 04:30,2024,RANGE,2358.39,2356.87,-1.0,0
1720077300,2024-07-04 07:15,2024,RANGE,2355.99,2350.18,0.178,0
1720084500,2024-07-04 09:15,2024,RANGE,2357.19,2355.28,-0.103,0
1720098900,2024-07-04 13:15,2024,RANGE,2357.46,2356.8,-0.59,0
1720108800,2024-07-04 16:00,2024,RANGE,2358.23,2355.12,-1.0,0
1720134900,2024-07-04 23:15,2024,RANGE,2356.85,2354.02,1.851,0
1720140300,2024-07-05 00:45,2024,RANGE,2358.85,2355.91,1.109,0
1720146600,2024-07-05 02:30,2024,RANGE,2361.61,2356.68,0.094,0
1720152900,2024-07-05 04:15,2024,RANGE,2362.8,2359.36,-0.228,0
1720166400,2024-07-05 08:00,2024,RANGE,2367.41,2362.06,-1.0,0
1720176300,2024-07-05 10:45,2024,RANGE,2365,2361.59,-0.859,0
1720181700,2024-07-05 12:15,2024,RANGE,2365.98,2362.1,-1.0,0
1720185300,2024-07-05 13:15,2024,RANGE,2374.4,2348.33,1.471,0
1720203300,2024-07-05 18:15,2024,RANGE,2389.99,2384.18,-1.0,0
1720211400,2024-07-05 20:30,2024,RANGE,2391.25,2387.83,-1.0,0
1720395900,2024-07-07 23:45,2024,RANGE,2386.06,2384.55,-1.0,0
1720399500,2024-07-08 00:45,2024,RANGE,2386.67,2384.32,-1.0,0
1720403100,2024-07-08 01:45,2024,RANGE,2386.48,2383.92,-1.0,0
1720409400,2024-07-08 03:30,2024,RANGE,2382.37,2381.18,-1.0,0
1720413000,2024-07-08 04:30,2024,RANGE,2384.44,2380.45,-1.0,0
1720424700,2024-07-08 07:45,2024,RANGE,2377.86,2376.42,-1.0,0
1720434600,2024-07-08 10:30,2024,RANGE,2372.05,2368.05,-0.511,0
1720444500,2024-07-08 13:15,2024,RANGE,2374.96,2369.92,-1.0,0
1720449000,2024-07-08 14:30,2024,RANGE,2375.04,2369.96,-1.0,0
1720493100,2024-07-09 02:45,2024,RANGE,2363.99,2360.28,-0.223,0
1720497600,2024-07-09 04:00,2024,RANGE,2368.2,2363.1,-1.0,0
1720530900,2024-07-09 13:15,2024,RANGE,2363.92,2355.84,-1.0,0
1720557000,2024-07-09 20:30,2024,RANGE,2364.32,2362.7,0.13,0
1720565100,2024-07-09 22:45,2024,RANGE,2364.42,2362.83,0.111,0
1720575900,2024-07-10 01:45,2024,RANGE,2368.18,2363.14,1.576,0
1720584000,2024-07-10 04:00,2024,RANGE,2368.64,2366.2,3.028,0
1720588500,2024-07-10 05:15,2024,RANGE,2367.98,2366.37,4.986,0
1720593900,2024-07-10 06:45,2024,RANGE,2371.91,2367.0,0.844,0
1720611000,2024-07-10 11:30,2024,RANGE,2377.03,2371.58,-0.179,0
1720638000,2024-07-10 19:00,2024,RANGE,2371.13,2369.62,7.224,0
1720650600,2024-07-10 22:30,2024,RANGE,2372.54,2370.67,5.146,0
1720659600,2024-07-11 01:00,2024,RANGE,2374.47,2371.38,2.51,0
1720696500,2024-07-11 11:15,2024,RANGE,2381.79,2380.22,-1.0,0
1720703700,2024-07-11 13:15,2024,RANGE,2408.36,2377.29,0.396,0
1720708200,2024-07-11 14:30,2024,RANGE,2409.87,2395.13,-1.0,0
1720719900,2024-07-11 17:45,2024,RANGE,2413.67,2409.39,-0.253,0
1720738800,2024-07-11 23:00,2024,RANGE,2412.79,2410.88,-1.0,0
1720753200,2024-07-12 03:00,2024,RANGE,2408.69,2406.3,-1.0,0
1720759500,2024-07-12 04:45,2024,RANGE,2408.59,2407.92,-1.0,0
1720771200,2024-07-12 08:00,2024,RANGE,2404.6,2400.12,-1.0,0
1720784700,2024-07-12 11:45,2024,RANGE,2401.72,2398.05,-1.0,0
1720790100,2024-07-12 13:15,2024,RANGE,2401.34,2391.03,1.242,0
1721002500,2024-07-15 00:15,2024,BULL,2406.97,2405.44,-0.615,0
1721007900,2024-07-15 01:45,2024,BULL,2410.04,2404.63,-1.0,0
1721015100,2024-07-15 03:45,2024,BULL,2411.58,2408.37,-1.0,0
1721029500,2024-07-15 07:45,2024,BULL,2407.91,2401.11,1.904,0
1721038500,2024-07-15 10:15,2024,BULL,2412.83,2407.46,1.492,0
1721051100,2024-07-15 13:45,2024,BULL,2419.08,2411.15,0.213,0
1721069100,2024-07-15 18:45,2024,BULL,2422.42,2419.32,4.923,0
1721072700,2024-07-15 19:45,2024,BULL,2421.12,2419.86,-0.309,0
1721081700,2024-07-15 22:15,2024,BULL,2421.31,2420.42,-0.708,0
1721086200,2024-07-15 23:30,2024,BULL,2421.9,2420.76,-1.0,0
1721093400,2024-07-16 01:30,2024,BULL,2425.16,2419.88,2.435,0
1721106000,2024-07-16 05:00,2024,BULL,2429.48,2424.85,1.817,0
1721112300,2024-07-16 06:45,2024,BULL,2433.82,2427.86,0.685,0
1721136600,2024-07-16 13:30,2024,BULL,2445.88,2429.06,1.384,0
1721157300,2024-07-16 19:15,2024,BULL,2465.28,2462.05,1.193,0
1721171700,2024-07-16 23:15,2024,BULL,2468.09,2466.04,0.593,0
1721177100,2024-07-17 00:45,2024,BULL,2468.7,2465.9,0.231,0
1721189700,2024-07-17 04:15,2024,BULL,2469.85,2463.47,-1.0,0
1721199600,2024-07-17 07:00,2024,BULL,2467.14,2461.36,0.69,0
1721211300,2024-07-17 10:15,2024,BULL,2475.32,2469.43,-1.0,0
1721215800,2024-07-17 11:30,2024,BULL,2472.32,2466.19,-0.657,0
1721231100,2024-07-17 15:45,2024,BULL,2463.5,2457.18,-1.0,0
1721235600,2024-07-17 17:00,2024,BULL,2457.43,2452.02,-1.0,0
1721241900,2024-07-17 18:45,2024,BULL,2457.98,2450.93,1.04,0
1721259000,2024-07-17 23:30,2024,BULL,2461.43,2457.85,-1.0,0
1721265300,2024-07-18 01:15,2024,BULL,2462.96,2457.21,0.475,0
1721281500,2024-07-18 05:45,2024,BULL,2466.9,2464.67,-1.0,0
1721285100,2024-07-18 06:45,2024,BULL,2471.47,2464.31,-1.0,0
1721300400,2024-07-18 11:00,2024,BULL,2463.73,2461.27,-0.764,0
1721304000,2024-07-18 12:00,2024,BULL,2466.11,2461.86,-1.0,0
1721312100,2024-07-18 14:15,2024,BULL,2463.24,2457.07,-0.556,0
1721325600,2024-07-18 18:00,2024,BULL,2452.91,2451.34,-1.0,0
1721787300,2024-07-24 02:15,2024,RANGE,2413.01,2404.6,0.729,0
1721801700,2024-07-24 06:15,2024,RANGE,2415.19,2412.73,-0.528,0
1721805300,2024-07-24 07:15,2024,RANGE,2416.07,2413.93,-1.0,0
1721815200,2024-07-24 10:00,2024,RANGE,2413.98,2409.51,1.141,0
1721823300,2024-07-24 12:15,2024,RANGE,2417.52,2410.32,0.217,0
1722210300,2024-07-28 23:45,2024,RANGE,2397.02,2394.34,-1.0,0
1722220200,2024-07-29 02:30,2024,RANGE,2393.63,2388.34,-1.0,0
1722230100,2024-07-29 05:15,2024,RANGE,2394,2393.01,-1.0,0
1722233700,2024-07-29 06:15,2024,RANGE,2392.29,2389.96,-1.0,0
1722244500,2024-07-29 09:15,2024,RANGE,2392.81,2386.56,-1.0,0
1722249000,2024-07-29 10:30,2024,RANGE,2394.43,2389.53,-1.0,0
1722257100,2024-07-29 12:45,2024,RANGE,2393.8,2385.07,-1.0,0
1722332700,2024-07-30 09:45,2024,RANGE,2389.13,2387.56,-0.7,0
1722339000,2024-07-30 11:30,2024,RANGE,2389.52,2387.56,-1.0,0
1722345300,2024-07-30 13:15,2024,RANGE,2394.46,2385.53,-1.0,0
1722350700,2024-07-30 14:45,2024,RANGE,2391.62,2387.13,-1.0,0
1722357000,2024-07-30 16:30,2024,RANGE,2392.25,2382.97,1.655,0
1722367800,2024-07-30 19:30,2024,RANGE,2406.2,2403.18,0.459,0
1722382200,2024-07-30 23:30,2024,RANGE,2409.65,2407.83,-1.0,0
1722386700,2024-07-31 00:45,2024,RANGE,2408.97,2407.69,-1.0,0
1722390300,2024-07-31 01:45,2024,RANGE,2409.08,2403.55,1.308,0
1722395700,2024-07-31 03:15,2024,RANGE,2417.94,2403.75,1.966,0
1722408300,2024-07-31 06:45,2024,RANGE,2421.33,2416.14,-1.0,0
1722413700,2024-07-31 08:15,2024,RANGE,2416.99,2415.48,-1.0,0
1722417300,2024-07-31 09:15,2024,RANGE,2419.3,2415.1,6.306,0
1722420900,2024-07-31 10:15,2024,RANGE,2419.22,2417.57,-1.0,0
1722424500,2024-07-31 11:15,2024,RANGE,2419.66,2417.3,11.103,0
1722429900,2024-07-31 12:45,2024,RANGE,2420.42,2417.05,7.541,0
1722434400,2024-07-31 14:00,2024,RANGE,2428.44,2417.52,1.592,0
1722439800,2024-07-31 15:30,2024,RANGE,2422.8,2418.78,5.706,0
1722451500,2024-07-31 18:45,2024,RANGE,2433.63,2421.13,0.975,0
1722483000,2024-08-01 03:30,2024,RANGE,2442.8,2436.81,0.058,0
1722491100,2024-08-01 05:45,2024,RANGE,2446.92,2443.23,-1.0,0
1722508200,2024-08-01 10:30,2024,RANGE,2435.21,2429.86,1.437,0
1722529800,2024-08-01 16:30,2024,RANGE,2445.85,2441.38,-1.0,0
1722538800,2024-08-01 19:00,2024,RANGE,2441.32,2434.27,0.323,0
1722549600,2024-08-01 22:00,2024,RANGE,2444.34,2441.42,-0.215,0
1722559500,2024-08-02 00:45,2024,RANGE,2449.01,2443.64,-1.0,0
1722564000,2024-08-02 02:00,2024,RANGE,2450.71,2434.62,0.611,0
1722595500,2024-08-02 10:45,2024,RANGE,2463.53,2460.61,-1.0,0
1722604500,2024-08-02 13:15,2024,RANGE,2466.07,2455.03,-1.0,0
1722614400,2024-08-02 16:00,2024,RANGE,2437.36,2409.52,-1.0,0
1722627900,2024-08-02 19:45,2024,RANGE,2437.55,2425.01,-1.0,0
1723139100,2024-08-08 17:45,2024,RANGE,2423.49,2415.24,-0.049,0
1723148100,2024-08-08 20:15,2024,RANGE,2425.85,2421.26,-1.0,0
1723167900,2024-08-09 01:45,2024,RANGE,2427.22,2419.83,-1.0,0
1723177800,2024-08-09 04:30,2024,RANGE,2422.9,2419.07,-1.0,0
1723185900,2024-08-09 06:45,2024,RANGE,2420.78,2416.58,0.625,0
1723195800,2024-08-09 09:30,2024,RANGE,2424.13,2421.78,-0.337,0
1723199400,2024-08-09 10:30,2024,RANGE,2430.07,2422.45,-1.0,0
1723208400,2024-08-09 13:00,2024,RANGE,2429.33,2423.38,-1.0,0
1723222800,2024-08-09 17:00,2024,RANGE,2433.65,2427.01,-1.0,0
1723230000,2024-08-09 19:00,2024,RANGE,2427.99,2426.8,-0.714,0
1723416300,2024-08-11 22:45,2024,RANGE,2430.45,2426.78,-1.0,0
1723425300,2024-08-12 01:15,2024,RANGE,2429.33,2426.54,-1.0,0
1723430700,2024-08-12 02:45,2024,RANGE,2426.21,2423.48,5.481,0
1723444200,2024-08-12 06:30,2024,RANGE,2435.63,2428.9,0.821,0
1723464900,2024-08-12 12:15,2024,RANGE,2444.03,2439.45,5.608,0
1723502700,2024-08-12 22:45,2024,RANGE,2473.7,2469.76,-1.0,0
1723514400,2024-08-13 02:00,2024,RANGE,2465.54,2460.32,-1.0,0
1723520700,2024-08-13 03:45,2024,RANGE,2463.55,2461.01,-1.0,0
1723527900,2024-08-13 05:45,2024,RANGE,2462.8,2458.2,-0.781,0
1723536000,2024-08-13 08:00,2024,RANGE,2461.92,2460.49,-1.0,0
1723540500,2024-08-13 09:15,2024,RANGE,2460.19,2458.57,-0.581,0
1723548600,2024-08-13 11:30,2024,RANGE,2464.22,2459.23,-1.0,0
1723557600,2024-08-13 14:00,2024,RANGE,2472,2458.41,-1.0,0
1723562100,2024-08-13 15:15,2024,RANGE,2467.97,2463.65,-1.0,0
1723565700,2024-08-13 16:15,2024,RANGE,2466.84,2465.45,-0.907,0
1723573800,2024-08-13 18:30,2024,RANGE,2466.59,2465.41,-1.0,0
1723580100,2024-08-13 20:15,2024,RANGE,2466.43,2462.06,-0.336,0
1723590000,2024-08-13 23:00,2024,RANGE,2464.87,2463.62,-1.0,0
1723594500,2024-08-14 00:15,2024,RANGE,2466.13,2462.8,-0.336,0
1723605300,2024-08-14 03:15,2024,RANGE,2459.93,2454.98,2.193,0
1723617000,2024-08-14 06:30,2024,RANGE,2465.57,2459.02,0.802,0
1723626000,2024-08-14 09:00,2024,RANGE,2474.54,2468.55,-1.0,0
1723633200,2024-08-14 11:00,2024,RANGE,2473.27,2470.18,-1.0,0
1723644900,2024-08-14 14:15,2024,RANGE,2456.84,2448.8,-1.0,0
1723689000,2024-08-15 02:30,2024,RANGE,2452.48,2447.91,1.055,0
1723702500,2024-08-15 06:15,2024,RANGE,2457.41,2450.18,-0.005,0
1723712400,2024-08-15 09:00,2024,RANGE,2456.55,2453.3,0.228,0
1723744800,2024-08-15 18:00,2024,RANGE,2456.14,2452.99,-0.724,0
1723753800,2024-08-15 20:30,2024,RANGE,2456.72,2453.87,-0.93,0
1723765500,2024-08-15 23:45,2024,RANGE,2457.38,2454.11,-1.0,0
1723780800,2024-08-16 04:00,2024,BULL,2452.73,2450.53,20.0,1
1723796100,2024-08-16 08:15,2024,BULL,2462.34,2450.94,3.582,0
1724022000,2024-08-18 23:00,2024,BULL,2504.36,2501.87,-1.0,0
1724032800,2024-08-19 02:00,2024,BULL,2499.26,2494.68,0.018,0
1724045400,2024-08-19 05:30,2024,BULL,2501.11,2498.38,-0.648,0
1724055300,2024-08-19 08:15,2024,BULL,2506.07,2499.36,-1.0,0
1724068800,2024-08-19 12:00,2024,BULL,2493.63,2485.98,-1.0,0
1724076900,2024-08-19 14:15,2024,BULL,2499.22,2484.95,1.529,0
1724091300,2024-08-19 18:15,2024,BULL,2503.11,2500.36,-0.396,0
1724108400,2024-08-19 23:00,2024,BULL,2503.25,2501.93,-0.758,0
1724112900,2024-08-20 00:15,2024,BULL,2504.25,2502.26,-1.0,0
1724121900,2024-08-20 02:45,2024,BULL,2499.57,2498.39,-0.279,0
1724130000,2024-08-20 05:00,2024,BULL,2503.37,2499.21,-1.0,0
1724136300,2024-08-20 06:45,2024,BULL,2502.45,2497.09,3.506,0
1724159700,2024-08-20 13:15,2024,BULL,2528.69,2521.18,-1.0,0
1724163300,2024-08-20 14:15,2024,BULL,2523.24,2519.25,-0.805,0
1724172300,2024-08-20 16:45,2024,BULL,2509.01,2500.22,0.463,0
1724179500,2024-08-20 18:45,2024,BULL,2513.27,2508.68,-0.014,0
1724184000,2024-08-20 20:00,2024,BULL,2516,2510.51,-1.0,0
1724193900,2024-08-20 22:45,2024,BULL,2514.76,2513.08,-1.0,0
1724206500,2024-08-21 02:15,2024,BULL,2517.44,2510.43,-1.0,0
1724213700,2024-08-21 04:15,2024,BULL,2516.06,2512.73,-1.0,0
1724217300,2024-08-21 05:15,2024,BULL,2515.91,2513.47,-1.0,0
1724222700,2024-08-21 06:45,2024,BULL,2514.49,2511.53,-1.0,0
1724236200,2024-08-21 10:30,2024,BULL,2509.03,2504.01,-1.0,0
1724251500,2024-08-21 14:45,2024,BULL,2501.55,2493.19,1.065,0
1724258700,2024-08-21 16:45,2024,BULL,2507.05,2502.59,0.73,0
1724273100,2024-08-21 20:45,2024,BULL,2512.34,2509.36,-1.0,0
1724297400,2024-08-22 03:30,2024,BULL,2502.84,2499.59,-1.0,0
1724303700,2024-08-22 05:15,2024,BULL,2503.34,2498.8,0.182,0
1724319900,2024-08-22 09:45,2024,BULL,2507.23,2500.8,-1.0,0
1724433300,2024-08-23 17:15,2024,BULL,2510.56,2500.76,0.117,0
1724438700,2024-08-23 18:45,2024,BULL,2509.67,2508.41,-1.0,0
1724442300,2024-08-23 19:45,2024,BULL,2510.83,2507.49,0.263,0
1724726700,2024-08-27 02:45,2024,BULL,2508.72,2505.55,1.128,0
1724736600,2024-08-27 05:30,2024,BULL,2511.72,2506.02,0.098,0
1724748300,2024-08-27 08:45,2024,BULL,2510.97,2502.91,1.564,0
1724755500,2024-08-27 10:45,2024,BULL,2508.98,2506.49,-1.0,0
1724767200,2024-08-27 14:00,2024,BULL,2515.34,2503.0,0.671,0
1724777100,2024-08-27 16:45,2024,BULL,2514.48,2509.3,1.734,0
1724817600,2024-08-28 04:00,2024,BULL,2514.28,2513.03,-1.0,0
1724897700,2024-08-29 02:15,2024,BULL,2512.78,2511.38,1.555,0
1724903100,2024-08-29 03:45,2024,BULL,2516.61,2511.99,-0.362,0
1724938200,2024-08-29 13:30,2024,BULL,2514.44,2503.09,0.757,0
1724949900,2024-08-29 16:45,2024,BULL,2525.29,2516.74,-1.0,0
1724959800,2024-08-29 19:30,2024,BULL,2522.28,2520.61,-1.0,0
1724971500,2024-08-29 22:45,2024,BULL,2520.94,2520.23,-1.0,0
1724985900,2024-08-30 02:45,2024,BULL,2516.16,2513.88,-1.0,0
1724999400,2024-08-30 06:30,2024,BULL,2520.45,2512.27,-1.0,0
1725018300,2024-08-30 11:45,2024,BULL,2519.44,2514.55,-1.0,0
1725460200,2024-09-04 14:30,2024,BULL,2498.67,2481.46,0.851,0
1725498900,2024-09-05 01:15,2024,BULL,2498.02,2494.31,-1.0,0
1725514200,2024-09-05 05:30,2024,BULL,2497.91,2493.63,3.664,0
1725539400,2024-09-05 12:30,2024,BULL,2521.9,2513.47,-1.0,0
1725543900,2024-09-05 13:45,2024,BULL,2514.79,2511.91,-1.0,0
1725547500,2024-09-05 14:45,2024,BULL,2508.78,2507.17,-1.0,0
1725551100,2024-09-05 15:45,2024,BULL,2507.19,2503.44,2.113,0
1725568200,2024-09-05 20:30,2024,BULL,2516.53,2513.41,-1.0,0
1725578100,2024-09-05 23:15,2024,BULL,2517.29,2515.53,-1.0,0
1725590700,2024-09-06 02:45,2024,BULL,2517.71,2512.79,-1.0,0
1725606900,2024-09-06 07:15,2024,BULL,2519.4,2516.51,-1.0,0
1725612300,2024-09-06 08:45,2024,BULL,2517.91,2515.3,-1.0,0
1725635700,2024-09-06 15:15,2024,BULL,2515.33,2499.66,-1.0,0
1725906600,2024-09-09 18:30,2024,BULL,2503.12,2499.02,0.518,0
1725926400,2024-09-10 00:00,2024,BULL,2506.3,2505.44,-1.0,0
1725938100,2024-09-10 03:15,2024,BULL,2502.99,2501.65,-1.0,0
1725947100,2024-09-10 05:45,2024,BULL,2503.92,2500.55,-0.379,0
1725970500,2024-09-10 12:15,2024,BULL,2506.82,2503.91,-1.0,0
1725981300,2024-09-10 15:15,2024,BULL,2512.99,2500.28,0.573,0
1725993900,2024-09-10 18:45,2024,BULL,2516.29,2511.71,0.207,0
1725999300,2024-09-10 20:15,2024,BULL,2516.43,2513.88,-0.079,0
1726011000,2024-09-10 23:30,2024,BULL,2517.26,2516.11,-0.843,0
1726019100,2024-09-11 01:45,2024,BULL,2518.78,2514.77,0.435,0
1726026300,2024-09-11 03:45,2024,BULL,2519.39,2516.58,0.365,0
1726030800,2024-09-11 05:00,2024,BULL,2520.73,2518.38,-0.127,0
1726043400,2024-09-11 08:30,2024,BULL,2526.12,2520.39,-1.0,0
1726052400,2024-09-11 11:00,2024,BULL,2522.32,2519.3,-1.0,0
1726065900,2024-09-11 14:45,2024,BULL,2509.46,2500.19,0.239,0
1726078500,2024-09-11 18:15,2024,BULL,2512.66,2511.84,-1.0,0
1726083900,2024-09-11 19:45,2024,BULL,2513.02,2509.33,0.801,0
1726093800,2024-09-11 22:30,2024,BULL,2513.48,2511.06,-1.0,0
1726103700,2024-09-12 01:15,2024,BULL,2514.55,2510.92,-1.0,0
1726111800,2024-09-12 03:30,2024,BULL,2514.49,2510.73,0.43,0
1726160400,2024-09-12 17:00,2024,BULL,2552.68,2544.19,1.612,0
1726172100,2024-09-12 20:15,2024,BULL,2559.11,2554.24,1.57,0
1726181100,2024-09-12 22:45,2024,BULL,2557.38,2556.89,-1.0,0
1726187400,2024-09-13 00:30,2024,BULL,2560.76,2556.57,1.469,0
1726194600,2024-09-13 02:30,2024,BULL,2563.92,2559.64,0.679,0
1726218900,2024-09-13 09:15,2024,BULL,2570.95,2565.32,-1.0,0
1726229700,2024-09-13 12:15,2024,BULL,2569.2,2563.47,1.973,0
1726257600,2024-09-13 20:00,2024,BULL,2580.71,2578.33,-1.0,0
1726440300,2024-09-15 22:45,2024,BULL,2579.97,2577.36,1.817,0
1726445700,2024-09-16 00:15,2024,BULL,2582.14,2578.12,0.654,0
1726451100,2024-09-16 01:45,2024,BULL,2581.76,2579.68,1.442,0
1726459200,2024-09-16 04:00,2024,BULL,2586.05,2583.56,-0.53,0
1726463700,2024-09-16 05:15,2024,BULL,2587.45,2584.75,-1.0,0
1726486200,2024-09-16 11:30,2024,BULL,2580.49,2574.85,-0.412,0
1726492500,2024-09-16 13:15,2024,BULL,2583.51,2578.15,-1.0,0
1726499700,2024-09-16 15:15,2024,BULL,2580.84,2575.8,-0.559,0
1726510500,2024-09-16 18:15,2024,BULL,2581.64,2579.59,-1.0,0
1726516800,2024-09-16 20:00,2024,BULL,2582.56,2579.38,-1.0,0
1726531200,2024-09-17 00:00,2024,BULL,2583.59,2582.06,-1.0,0
1726538400,2024-09-17 02:00,2024,BULL,2584.99,2578.28,-1.0,0
1726552800,2024-09-17 06:00,2024,BULL,2582.07,2574.32,-1.0,0
1726571700,2024-09-17 11:15,2024,BULL,2575.85,2569.34,-1.0,0
1726578900,2024-09-17 13:15,2024,BULL,2576.48,2567.76,-1.0,0
1726595100,2024-09-17 17:45,2024,BULL,2569.87,2560.15,0.472,0
1726604100,2024-09-17 20:15,2024,BULL,2569.37,2566.73,0.654,0
1726623000,2024-09-18 01:30,2024,BULL,2573.36,2571.24,-1.0,0
1726627500,2024-09-18 02:45,2024,BULL,2573.79,2569.76,-1.0,0
1726652700,2024-09-18 09:45,2024,BULL,2571.9,2567.64,0.662,0
1726677000,2024-09-18 16:30,2024,BULL,2571.94,2567.79,-1.0,0
1726685100,2024-09-18 18:45,2024,BULL,2575.82,2565.98,-1.0,0
1726722000,2024-09-19 05:00,2024,BULL,2567.16,2559.2,2.099,0
1726756200,2024-09-19 14:30,2024,BULL,2583.12,2569.29,1.524,0
1726776900,2024-09-19 20:15,2024,BULL,2587.18,2585.69,-0.879,0
1726785000,2024-09-19 22:30,2024,BULL,2587.32,2585.75,-0.898,0
1726793100,2024-09-20 00:45,2024,BULL,2588.08,2585.97,-1.0,0
1726797600,2024-09-20 02:00,2024,BULL,2589.64,2584.65,2.993,0
1726848000,2024-09-20 16:00,2024,BULL,2623.66,2610.75,0.196,0
1726857900,2024-09-20 18:45,2024,BULL,2621.65,2617.4,-1.0,0
1727045100,2024-09-22 22:45,2024,BULL,2620.46,2617.77,-1.0,0
1727048700,2024-09-22 23:45,2024,BULL,2620.27,2619.35,-1.0,0
1727055900,2024-09-23 01:45,2024,BULL,2620.08,2615.83,1.538,0
1727070300,2024-09-23 05:45,2024,BULL,2629.95,2626.54,-1.0,0
1727080200,2024-09-23 08:30,2024,BULL,2616.33,2613.35,3.312,0
1727084700,2024-09-23 09:45,2024,BULL,2621.55,2614.92,0.697,0
1727096400,2024-09-23 13:00,2024,BULL,2629.17,2619.76,-0.291,0
1727106300,2024-09-23 15:45,2024,BULL,2629.34,2625.39,-1.0,0
1727111700,2024-09-23 17:15,2024,BULL,2627.46,2626.09,-1.0,0
1727117100,2024-09-23 18:45,2024,BULL,2627.36,2625.73,-1.0,0
1727123400,2024-09-23 20:30,2024,BULL,2627.38,2625.49,-1.0,0
1727141400,2024-09-24 01:30,2024,BULL,2630.02,2623.68,-0.542,0
1727145900,2024-09-24 02:45,2024,BULL,2628.88,2626.52,-1.0,0
1727160300,2024-09-24 06:45,2024,BULL,2628.71,2624.25,-1.0,0
1727165700,2024-09-24 08:15,2024,BULL,2627.81,2622.03,-0.197,0
1727181000,2024-09-24 12:30,2024,BULL,2627.65,2623.05,6.238,0
1727225100,2024-09-25 00:45,2024,BULL,2660.75,2656.4,-1.0,0
1727230500,2024-09-25 02:15,2024,BULL,2664.7,2655.07,-1.0,0
1727236800,2024-09-25 04:00,2024,BULL,2660.29,2659.53,-1.0,0
1727240400,2024-09-25 05:00,2024,BULL,2659.47,2657.24,-1.0,0
1727246700,2024-09-25 06:45,2024,BULL,2654.69,2653.21,-1.0,0
1727250300,2024-09-25 07:45,2024,BULL,2656.99,2651.16,-0.52,0
1727258400,2024-09-25 10:00,2024,BULL,2655.86,2652.18,-0.522,0
1727266500,2024-09-25 12:15,2024,BULL,2659.52,2653.64,-0.94,0
1727278200,2024-09-25 15:30,2024,BULL,2658.17,2653.81,-1.0,0
1727285400,2024-09-25 17:30,2024,BULL,2661.87,2649.11,0.366,0
1727290800,2024-09-25 19:00,2024,BULL,2660.7,2658.64,-1.0,0
1727303400,2024-09-25 22:30,2024,BULL,2659.17,2656.07,-1.0,0
1727311500,2024-09-26 00:45,2024,BULL,2659.06,2655.18,0.143,0
1727316000,2024-09-26 02:00,2024,BULL,2659.43,2657.46,-1.0,0
1727321400,2024-09-26 03:30,2024,BULL,2660.53,2656.78,1.657,0
1727329500,2024-09-26 05:45,2024,BULL,2661.49,2659.56,-1.0,0
1727334000,2024-09-26 07:00,2024,BULL,2660.58,2657.72,2.162,0
1727337600,2024-09-26 08:00,2024,BULL,2666.17,2659.3,0.085,0
1727361000,2024-09-26 14:30,2024,BULL,2665.27,2653.99,0.522,0
1727365500,2024-09-26 15:45,2024,BULL,2671.41,2661.61,-1.0,0
1727369100,2024-09-26 16:45,2024,BULL,2668.14,2662.2,0.52,0
1727388000,2024-09-26 22:00,2024,BULL,2672.37,2670.52,-1.0,0
1727394300,2024-09-26 23:45,2024,BULL,2672.73,2671.77,-1.0,0
1727403300,2024-09-27 02:15,2024,BULL,2669.33,2665.98,-1.0,0
1727417700,2024-09-27 06:15,2024,BULL,2667.92,2662.09,-1.0,0
1727424900,2024-09-27 08:15,2024,BULL,2662.86,2660.63,-1.0,0
1727431200,2024-09-27 10:00,2024,BULL,2663.83,2658.06,-0.324,0
1727442000,2024-09-27 13:00,2024,BULL,2669.36,2662.0,-1.0,0
1727671500,2024-09-30 04:45,2024,BULL,2655.8,2651.8,-0.105,0
1727808300,2024-10-01 18:45,2024,BULL,2661.09,2657.06,-1.0,0
1727815500,2024-10-01 20:45,2024,BULL,2663.28,2657.43,-1.0,0
1727834400,2024-10-02 02:00,2024,BULL,2660.42,2656.09,-1.0,0
1727845200,2024-10-02 05:00,2024,BULL,2654.96,2652.36,-1.0,0
1727859600,2024-10-02 09:00,2024,BULL,2653.88,2648.34,-1.0,0
1727909100,2024-10-02 22:45,2024,BULL,2659.53,2657.79,-1.0,0
1727921700,2024-10-03 02:15,2024,BULL,2658.19,2654.82,-1.0,0
1727928000,2024-10-03 04:00,2024,BULL,2655.79,2653.08,-1.0,0
1727937900,2024-10-03 06:45,2024,BULL,2655.94,2651.08,-1.0,0
1727973000,2024-10-03 16:30,2024,BULL,2659.04,2647.42,-1.0,0
1727980200,2024-10-03 18:30,2024,BULL,2658.71,2654.7,-1.0,0
1727984700,2024-10-03 19:45,2024,BULL,2658.01,2656.61,-1.0,0
1727996400,2024-10-03 23:00,2024,BULL,2656.27,2654.27,2.108,0
1728000900,2024-10-04 00:15,2024,BULL,2656.81,2654.18,1.408,0
1728017100,2024-10-04 04:45,2024,BULL,2664.06,2660.45,-1.0,0
1728037800,2024-10-04 10:30,2024,BULL,2660.02,2656.58,-1.0,0
1728042300,2024-10-04 11:45,2024,BULL,2661.39,2657.21,-1.0,0
1728054000,2024-10-04 15:00,2024,BULL,2666.67,2645.75,-1.0,0
1728294300,2024-10-07 09:45,2024,BULL,2656.52,2650.34,-1.0,0
1728301500,2024-10-07 11:45,2024,BULL,2656.89,2654.81,-1.0,0
1728576900,2024-10-10 16:15,2024,BULL,2627.27,2618.18,-1.0,0
1728602100,2024-10-10 23:15,2024,BULL,2632.47,2627.86,2.285,0
1728609300,2024-10-11 01:15,2024,BULL,2634.69,2631.76,2.852,0
1728640800,2024-10-11 10:00,2024,BULL,2637.08,2635.97,17.104,0
1728648900,2024-10-11 12:15,2024,BULL,2646.16,2638.42,1.28,0
1728670500,2024-10-11 18:15,2024,BULL,2656.91,2656.01,-1.0,0
1728674100,2024-10-11 19:15,2024,BULL,2657.29,2655.84,-1.0,0
1728859500,2024-10-13 22:45,2024,BULL,2650.36,2645.01,-1.0,0
1728866700,2024-10-14 00:45,2024,BULL,2646.7,2644.89,-1.0,0
1728870300,2024-10-14 01:45,2024,BULL,2646.1,2643.19,4.302,0
1728873900,2024-10-14 02:45,2024,BULL,2654.97,2642.97,-1.0,0
1728887400,2024-10-14 06:30,2024,BULL,2664.13,2656.9,-1.0,0
1728900900,2024-10-14 10:15,2024,BULL,2658.34,2656.43,-1.0,0
1728914400,2024-10-14 14:00,2024,BULL,2650.41,2647.41,-1.0,0
1728919800,2024-10-14 15:30,2024,BULL,2646.75,2644.23,-1.0,0
1728923400,2024-10-14 16:30,2024,BULL,2648.79,2643.6,-1.0,0
1728930600,2024-10-14 18:30,2024,BULL,2650.43,2646.97,-1.0,0
1728935100,2024-10-14 19:45,2024,BULL,2652.38,2646.72,-1.0,0
1728945000,2024-10-14 22:30,2024,BULL,2650.04,2645.83,-1.0,0
1728957600,2024-10-15 02:00,2024,BULL,2649.59,2647.06,-1.0,0
1728972900,2024-10-15 06:15,2024,BULL,2644.93,2637.82,1.035,0
1728985500,2024-10-15 09:45,2024,BULL,2653.5,2650.87,-0.464,0
1728995400,2024-10-15 12:30,2024,BULL,2653.85,2645.43,0.84,0
1728999900,2024-10-15 13:45,2024,BULL,2648.72,2645.7,4.014,0
1729014300,2024-10-15 17:45,2024,BULL,2663.64,2658.52,1.807,0
1729024200,2024-10-15 20:30,2024,BULL,2662.29,2659.2,-1.0,0
1729042200,2024-10-16 01:30,2024,BULL,2665.04,2658.54,1.255,0
1729051200,2024-10-16 04:00,2024,BULL,2667.15,2664.95,2.69,0
1729056600,2024-10-16 05:30,2024,BULL,2668.34,2665.28,1.548,0
1729107900,2024-10-16 19:45,2024,BULL,2674.77,2672.53,1.732,0
1729116900,2024-10-16 22:15,2024,BULL,2674.39,2672.96,3.05,0
1729121400,2024-10-16 23:30,2024,BULL,2674.44,2673.15,3.373,0
1729139400,2024-10-17 04:30,2024,BULL,2678.8,2674.36,0.256,0
1729152000,2024-10-17 08:00,2024,BULL,2682.92,2678.62,-1.0,0
1729159200,2024-10-17 10:00,2024,BULL,2683.16,2676.62,-1.0,0
1729170900,2024-10-17 13:15,2024,BULL,2683.18,2672.72,0.391,0
1729180800,2024-10-17 16:00,2024,BULL,2690.14,2687.1,-1.0,0
1729185300,2024-10-17 17:15,2024,BULL,2692.2,2683.16,1.779,0
1729194300,2024-10-17 19:45,2024,BULL,2691.98,2688.56,4.822,0
1729203300,2024-10-17 22:15,2024,BULL,2692.8,2690.68,7.46,0
1729209600,2024-10-18 00:00,2024,BULL,2694.41,2692.17,6.37,0
1729215900,2024-10-18 01:45,2024,BULL,2704.65,2692.61,0.26,0
1729229400,2024-10-18 05:30,2024,BULL,2712.81,2708.48,-1.0,0
1729235700,2024-10-18 07:15,2024,BULL,2705.58,2702.48,-1.0,0
1729242900,2024-10-18 09:15,2024,BULL,2712.09,2701.34,1.161,0
1729274400,2024-10-18 18:00,2024,BULL,2717.03,2713.34,2.034,0
1729464300,2024-10-20 22:45,2024,BULL,2723.5,2719.69,0.316,0
1729475100,2024-10-21 01:45,2024,BULL,2726.29,2720.9,-0.305,0
1729478700,2024-10-21 02:45,2024,BULL,2730.8,2724.6,-1.0,0
1729493100,2024-10-21 06:45,2024,BULL,2730.26,2723.35,0.465,0
1729498500,2024-10-21 08:15,2024,BULL,2732.54,2725.18,0.124,0
1729509300,2024-10-21 11:15,2024,BULL,2736.22,2727.52,-1.0,0
1729514700,2024-10-21 12:45,2024,BULL,2738.58,2732.49,-1.0,0
1729526400,2024-10-21 16:00,2024,BULL,2720.31,2716.33,-0.671,0
1729530000,2024-10-21 17:00,2024,BULL,2724.71,2717.62,-1.0,0
1729539900,2024-10-21 19:45,2024,BULL,2719.89,2713.84,1.866,0
1729549800,2024-10-21 22:30,2024,BULL,2720.17,2718.53,6.751,0
1729557900,2024-10-22 00:45,2024,BULL,2724.78,2720.41,1.499,0
1729578600,2024-10-22 06:30,2024,BULL,2734.02,2728.83,2.423,0
1729586700,2024-10-22 08:45,2024,BULL,2734.96,2731.23,-1.0,0
1729593000,2024-10-22 10:30,2024,BULL,2738.49,2729.51,0.901,0
1729600200,2024-10-22 12:30,2024,BULL,2737.68,2729.24,1.05,0
1729608300,2024-10-22 14:45,2024,BULL,2741.83,2733.22,0.761,0
1729614600,2024-10-22 16:30,2024,BULL,2741.94,2736.45,0.82,0
1729626300,2024-10-22 19:45,2024,BULL,2748.3,2743.64,-1.0,0
1729649700,2024-10-23 02:15,2024,BULL,2738.56,2737.72,11.931,0
1729653300,2024-10-23 03:15,2024,BULL,2740.01,2737.79,3.836,0
1729663200,2024-10-23 06:00,2024,BULL,2752.12,2748.53,-1.0,0
1729667700,2024-10-23 07:15,2024,BULL,2752.36,2747.83,-0.602,0
1729678500,2024-10-23 10:15,2024,BULL,2751.82,2749.64,-1.0,0
1729775700,2024-10-24 13:15,2024,BULL,2742.63,2734.09,-1.0,0
1729782900,2024-10-24 15:15,2024,BULL,2732.38,2722.04,-1.0,0
1729789200,2024-10-24 17:00,2024,BULL,2734.19,2725.26,-1.0,0
1729800000,2024-10-24 20:00,2024,BULL,2735.82,2733.21,-1.0,0
1729811700,2024-10-24 23:15,2024,BULL,2735.22,2734.35,-1.0,0
1729819800,2024-10-25 01:30,2024,BULL,2733.1,2731.13,-1.0,0
1729864800,2024-10-25 14:00,2024,BULL,2737.64,2724.93,-1.0,0
1729875600,2024-10-25 17:00,2024,BULL,2740.06,2733.61,-0.034,0
1729886400,2024-10-25 20:00,2024,BULL,2743.91,2740.04,-1.0,0
1730069100,2024-10-27 22:45,2024,BULL,2734.59,2729.86,-0.66,0
1730080800,2024-10-28 02:00,2024,BULL,2732.09,2724.27,0.419,0
1730091600,2024-10-28 05:00,2024,BULL,2731.46,2728.81,1.521,0
1730117700,2024-10-28 12:15,2024,BULL,2733.21,2729.42,2.049,0
1730122200,2024-10-28 13:30,2024,BULL,2741.92,2730.78,0.6,0
1730138400,2024-10-28 18:00,2024,BULL,2741.97,2740.02,-1.0,0
1730142000,2024-10-28 19:00,2024,BULL,2741.74,2739.96,-1.0,0
1730148300,2024-10-28 20:45,2024,BULL,2742.21,2741.14,-1.0,0
1730156400,2024-10-28 23:00,2024,BULL,2742.31,2739.67,2.435,0
1730175300,2024-10-29 04:15,2024,BULL,2753.65,2748.32,-1.0,0
1730184300,2024-10-29 06:45,2024,BULL,2755.8,2748.61,-1.0,0
1730192400,2024-10-29 09:00,2024,BULL,2754.99,2745.98,2.395,0
1730199600,2024-10-29 11:00,2024,BULL,2751.18,2747.18,-1.0,0
1730203200,2024-10-29 12:00,2024,BULL,2753.03,2745.96,3.328,0
1730209500,2024-10-29 13:45,2024,BULL,2760.87,2747.88,1.204,0
1730232900,2024-10-29 20:15,2024,BULL,2772.07,2770.69,3.274,0
1730240100,2024-10-29 22:15,2024,BULL,2774.61,2771.65,0.693,0
1730247300,2024-10-30 00:15,2024,BULL,2777.39,2773.27,-0.161,0
1730258100,2024-10-30 03:15,2024,BULL,2777.67,2775.88,1.417,0
1730293200,2024-10-30 13:00,2024,BULL,2786.94,2773.39,-1.0,0
1730297700,2024-10-30 14:15,2024,BULL,2777.37,2770.26,1.165,0
1730303100,2024-10-30 15:45,2024,BULL,2784.75,2771.32,-1.0,0
1730310300,2024-10-30 17:45,2024,BULL,2788.62,2783.51,-1.0,0
1730319300,2024-10-30 20:15,2024,BULL,2785.34,2784.18,0.461,0
1730335500,2024-10-31 00:45,2024,BULL,2787.62,2784.48,-1.0,0
1730341800,2024-10-31 02:30,2024,BULL,2788.22,2783.34,-1.0,0
1730351700,2024-10-31 05:15,2024,BULL,2785.15,2781.89,-1.0,0
1730360700,2024-10-31 07:45,2024,BULL,2782,2777.96,-1.0,0
1730366100,2024-10-31 09:15,2024,BULL,2777.59,2776.69,-0.755,0
1730372400,2024-10-31 11:00,2024,BULL,2778.71,2772.82,-1.0,0
1730850300,2024-11-05 23:45,2024,BULL,2745.58,2742.19,-1.0,0
1730857500,2024-11-06 01:45,2024,BULL,2747.15,2732.21,-1.0,0
1735782300,2025-01-02 01:45,2025,RANGE,2632.84,2623.63,0.776,0
1735788600,2025-01-02 03:30,2025,RANGE,2633.3,2631.78,-1.0,0
1735795800,2025-01-02 05:30,2025,RANGE,2634.83,2630.91,1.326,0
1735801200,2025-01-02 07:00,2025,RANGE,2634.31,2631.05,-1.0,0
1735809300,2025-01-02 09:15,2025,RANGE,2637.42,2630.78,0.386,0
1735814700,2025-01-02 10:45,2025,RANGE,2642.67,2632.42,1.442,0
1735820100,2025-01-02 12:15,2025,RANGE,2642.67,2639.87,-1.0,0
1735826400,2025-01-02 14:00,2025,RANGE,2646.82,2635.66,0.945,0
1735832700,2025-01-02 15:45,2025,RANGE,2654.03,2644.62,0.773,0
1735842600,2025-01-02 18:30,2025,RANGE,2655.85,2652.08,0.4,0
1735859700,2025-01-02 23:15,2025,RANGE,2658.77,2656.28,-0.494,0
1735872300,2025-01-03 02:45,2025,RANGE,2662.59,2655.94,-1.0,0
1735879500,2025-01-03 04:45,2025,RANGE,2662.74,2661.44,-1.0,0
1735885800,2025-01-03 06:30,2025,RANGE,2659.11,2655.54,-1.0,0
1735891200,2025-01-03 08:00,2025,RANGE,2653.91,2651.44,-1.0,0
1735896600,2025-01-03 09:30,2025,RANGE,2654.12,2649.52,-0.294,0
1735913700,2025-01-03 14:15,2025,RANGE,2649.07,2642.89,-1.0,0
1735920000,2025-01-03 16:00,2025,RANGE,2643.61,2640.52,-1.0,0
1735928100,2025-01-03 18:15,2025,RANGE,2641.14,2638.66,-1.0,0
1736118900,2025-01-05 23:15,2025,RANGE,2641.83,2636.48,-0.445,0
1736125200,2025-01-06 01:00,2025,RANGE,2644.45,2638.36,-1.0,0
1736131500,2025-01-06 02:45,2025,RANGE,2644.43,2639.35,-1.0,0
1736162100,2025-01-06 11:15,2025,RANGE,2644.74,2630.51,-1.0,0
1736212500,2025-01-07 01:15,2025,RANGE,2637.41,2632.75,3.864,0
1736228700,2025-01-07 05:45,2025,RANGE,2644.51,2636.76,1.402,0
1736251200,2025-01-07 12:00,2025,RANGE,2648.27,2641.7,1.07,0
1736280000,2025-01-07 20:00,2025,RANGE,2649.09,2646.68,-0.356,0
1736284500,2025-01-07 21:15,2025,RANGE,2649.87,2646.9,-1.0,0
1736292600,2025-01-07 23:30,2025,RANGE,2649.3,2647.54,-0.524,0
1736302500,2025-01-08 02:15,2025,RANGE,2647.34,2646.94,-1.0,0
1736306100,2025-01-08 03:15,2025,RANGE,2646.93,2645.56,-1.0,0
1736309700,2025-01-08 04:15,2025,RANGE,2647.64,2645.32,-1.0,0
1736314200,2025-01-08 05:30,2025,RANGE,2649.6,2645.1,0.581,0
1736341200,2025-01-08 13:00,2025,RANGE,2655.98,2645.57,0.609,0
1736360100,2025-01-08 18:15,2025,RANGE,2656.02,2648.99,0.63,0
1736364600,2025-01-08 19:30,2025,RANGE,2657.49,2651.21,0.472,0
1736392500,2025-01-09 03:15,2025,RANGE,2659.84,2656.17,-1.0,0
1736399700,2025-01-09 05:15,2025,RANGE,2659,2655.12,2.063,0
1736412300,2025-01-09 08:45,2025,RANGE,2664.43,2660.12,0.591,0
1736446500,2025-01-09 18:15,2025,RANGE,2669.94,2662.16,1.06,0
1736459100,2025-01-09 21:45,2025,RANGE,2670.23,2668.69,-1.0,0
1736469000,2025-01-10 00:30,2025,RANGE,2670.36,2668.38,0.996,0
1736474400,2025-01-10 02:00,2025,RANGE,2671.42,2669.01,0.371,0
1736487900,2025-01-10 05:45,2025,RANGE,2675.04,2671.34,0.911,0
1736514900,2025-01-10 13:15,2025,RANGE,2676.62,2674.69,-1.0,0
1736518500,2025-01-10 14:15,2025,RANGE,2689.1,2663.52,-1.0,0
1736529300,2025-01-10 17:15,2025,RANGE,2694.46,2686.05,-1.0,0
1736538300,2025-01-10 19:45,2025,RANGE,2685.97,2683.87,-0.752,0
1736541900,2025-01-10 20:45,2025,RANGE,2690.53,2684.14,-1.0,0
1736725500,2025-01-12 23:45,2025,RANGE,2690.96,2684.56,-1.0,0
1736733600,2025-01-13 02:00,2025,BULL,2689.33,2678.9,-1.0,0
1736740800,2025-01-13 04:00,2025,BULL,2689.51,2685.02,-1.0,0
1736748900,2025-01-13 06:15,2025,BULL,2690.39,2683.1,-1.0,0
1736758800,2025-01-13 09:00,2025,BULL,2686.19,2683.58,-1.0,0
1736766000,2025-01-13 11:00,2025,BULL,2679.39,2676.94,-1.0,0
1736829900,2025-01-14 04:45,2025,BULL,2673.47,2668.17,-1.0,0
1736842500,2025-01-14 08:15,2025,BULL,2673.1,2666.99,-1.0,0
1736881200,2025-01-14 19:00,2025,BULL,2673.55,2666.3,1.505,0
1736888400,2025-01-14 21:00,2025,BULL,2676.05,2671.48,-1.0,0
1736909100,2025-01-15 02:45,2025,BULL,2673.45,2669.06,1.527,0
1736918100,2025-01-15 05:15,2025,BULL,2675.11,2673.95,4.332,0
1736949600,2025-01-15 14:00,2025,BULL,2688.67,2681.8,-1.0,0
1736955900,2025-01-15 15:45,2025,BULL,2678.55,2675.93,5.626,0
1736959500,2025-01-15 16:45,2025,BULL,2689.3,2676.37,1.931,0
1736969400,2025-01-15 19:30,2025,BULL,2694.04,2690.66,0.374,0
1736982900,2025-01-15 23:15,2025,BULL,2696.03,2693.61,-1.0,0
1736988300,2025-01-16 00:45,2025,BULL,2695.15,2692.57,0.122,0
1736996400,2025-01-16 03:00,2025,BULL,2696.8,2694.86,-1.0,0
1737000000,2025-01-16 04:00,2025,BULL,2697.4,2695.35,-1.0,0
1737010800,2025-01-16 07:00,2025,BULL,2697.91,2689.61,1.767,0
1737020700,2025-01-16 09:45,2025,BULL,2705.28,2696.98,0.864,0
1737034200,2025-01-16 13:30,2025,BULL,2714.16,2699.93,-1.0,0
1737040500,2025-01-16 15:15,2025,BULL,2717.71,2712.35,-0.612,0
1737045000,2025-01-16 16:30,2025,BULL,2719.81,2711.97,-1.0,0
1737055800,2025-01-16 19:30,2025,BULL,2715.07,2714.53,-1.0,0
1737060300,2025-01-16 20:45,2025,BULL,2715.82,2714.04,-1.0,0
1737068400,2025-01-16 23:00,2025,BULL,2714.08,2712.22,-0.269,0
1737072900,2025-01-17 00:15,2025,BULL,2714.14,2712.06,-1.0,0
1737079200,2025-01-17 02:00,2025,BULL,2715.79,2709.54,-1.0,0
1737086400,2025-01-17 04:00,2025,BULL,2716.33,2714.35,-1.0,0
1737097200,2025-01-17 07:00,2025,BULL,2712.09,2710.28,-1.0,0
1737102600,2025-01-17 08:30,2025,BULL,2711.87,2708.22,-1.0,0
1737112500,2025-01-17 11:15,2025,BULL,2705.54,2702.34,-0.551,0
1737126900,2025-01-17 15:15,2025,BULL,2712.96,2702.3,-1.0,0
1737136800,2025-01-17 18:00,2025,BULL,2712.6,2710.26,-1.0,0
1737146700,2025-01-17 20:45,2025,BULL,2701.01,2699.66,-1.0,0
1737150300,2025-01-17 21:45,2025,BULL,2702.37,2698.95,-1.0,0
1737367200,2025-01-20 10:00,2025,BULL,2706.51,2702.41,-0.146,0
1737382500,2025-01-20 14:15,2025,BULL,2710.16,2701.27,1.683,0
1737387900,2025-01-20 15:45,2025,BULL,2707.07,2704.52,-1.0,0
1737392400,2025-01-20 17:00,2025,BULL,2706.95,2702.61,-0.371,0
1737396000,2025-01-20 18:00,2025,BULL,2706.95,2703.68,-0.485,0
1737415800,2025-01-20 23:30,2025,BULL,2708.79,2705.42,-1.0,0
1737423000,2025-01-21 01:30,2025,BULL,2716.11,2702.65,0.459,0
1737445500,2025-01-21 07:45,2025,BULL,2729.87,2722.33,-1.0,0
1737452700,2025-01-21 09:45,2025,BULL,2721.32,2717.71,-1.0,0
1737460800,2025-01-21 12:00,2025,BULL,2723.81,2715.93,2.168,0
1737493200,2025-01-21 21:00,2025,BULL,2742.93,2739.58,2.173,0
1737504900,2025-01-22 00:15,2025,BULL,2743.45,2741.72,3.944,0
1737515700,2025-01-22 03:15,2025,BULL,2749.61,2745.97,0.163,0
1737555300,2025-01-22 14:15,2025,BULL,2755.6,2750.49,-1.0,0
1737560700,2025-01-22 15:45,2025,BULL,2759.27,2750.01,-1.0,0
1737566100,2025-01-22 17:15,2025,BULL,2757.53,2755.39,-1.0,0
1737571500,2025-01-22 18:45,2025,BULL,2757.85,2754.57,-1.0,0
1737580500,2025-01-22 21:15,2025,BULL,2755.46,2754.66,-1.0,0
1737593100,2025-01-23 00:45,2025,BULL,2755.35,2752.89,-1.0,0
1737599400,2025-01-23 02:30,2025,BULL,2752.75,2750.54,-1.0,0
1737605700,2025-01-23 04:15,2025,BULL,2753.21,2749.27,-1.0,0
1737614700,2025-01-23 06:45,2025,BULL,2753.2,2751.04,-1.0,0
1737620100,2025-01-23 08:15,2025,BULL,2754.04,2751.52,-1.0,0
1737627300,2025-01-23 10:15,2025,BULL,2747.06,2740.67,-1.0,0
1737641700,2025-01-23 14:15,2025,BULL,2744.96,2735.33,0.998,0
1737665100,2025-01-23 20:45,2025,BULL,2753.85,2751.17,6.282,0
1737685800,2025-01-24 02:30,2025,BULL,2772.79,2758.39,-1.0,0
1737694800,2025-01-24 05:00,2025,BULL,2773.85,2770.25,-0.586,0
1737710100,2025-01-24 09:15,2025,BULL,2776.9,2769.57,-0.462,0
1737714600,2025-01-24 10:30,2025,BULL,2774.06,2770.7,-0.172,0
1737748800,2025-01-24 20:00,2025,BULL,2774.66,2770.98,-1.0,0
1737935100,2025-01-26 23:45,2025,BULL,2767.55,2763.46,-0.377,0
1737938700,2025-01-27 00:45,2025,BULL,2769.71,2766.0,-1.0,0
1737946800,2025-01-27 03:00,2025,BULL,2758.83,2753.45,-1.0,0
1737965700,2025-01-27 08:15,2025,BULL,2756.26,2747.02,0.913,0
1738111500,2025-01-29 00:45,2025,BULL,2763.96,2761.91,-0.326,0
1738118700,2025-01-29 02:45,2025,BULL,2764.24,2763.29,-1.0,0
1738125900,2025-01-29 04:45,2025,BULL,2762.49,2761.36,-1.0,0
1738137600,2025-01-29 08:00,2025,BULL,2761.38,2757.1,-0.252,0
1738143900,2025-01-29 09:45,2025,BULL,2762.67,2760.24,-1.0,0
1738150200,2025-01-29 11:30,2025,BULL,2759.05,2756.67,-1.0,0
1738159200,2025-01-29 14:00,2025,BULL,2758.94,2751.81,-1.0,0
1738180800,2025-01-29 20:00,2025,BULL,2755.62,2744.5,1.885,0
1738197900,2025-01-30 00:45,2025,BULL,2762.07,2758.67,4.282,0
1738201500,2025-01-30 01:45,2025,BULL,2760.09,2758.6,-0.705,0
1738206900,2025-01-30 03:15,2025,BULL,2760.46,2759.05,-1.0,0
1738217700,2025-01-30 06:15,2025,BULL,2761.12,2758.66,6.353,0
1738241100,2025-01-30 12:45,2025,BULL,2780.24,2775.88,2.658,0
1738268100,2025-01-30 20:15,2025,BULL,2794.66,2790.31,-1.0,0
1738278000,2025-01-30 23:00,2025,BULL,2795.08,2788.53,1.468,0
1738287000,2025-01-31 01:30,2025,BULL,2795.38,2794.14,-0.871,0
1738293300,2025-01-31 03:15,2025,BULL,2796.69,2794.42,-1.0,0
1738308600,2025-01-31 07:30,2025,BULL,2797.8,2791.94,-1.0,0
1738315800,2025-01-31 09:30,2025,BULL,2794.66,2791.22,-1.0,0
1738322100,2025-01-31 11:15,2025,BULL,2796.39,2790.55,1.429,0
1738345500,2025-01-31 17:45,2025,BULL,2808.56,2802.43,-1.0,0
1738350900,2025-01-31 19:15,2025,BULL,2801.77,2794.92,-1.0,0
1738356300,2025-01-31 20:45,2025,BULL,2800.77,2793.71,-1.0,0
1738541700,2025-02-03 00:15,2025,BULL,2793.53,2783.42,-1.0,0
1738626300,2025-02-03 23:45,2025,BULL,2813.98,2811.38,1.199,0
1738638900,2025-02-04 03:15,2025,BULL,2822.32,2816.78,-1.0,0
1738643400,2025-02-04 04:30,2025,BULL,2820.01,2817.01,-1.0,0
1738647900,2025-02-04 05:45,2025,BULL,2815.96,2813.15,-1.0,0
1738656900,2025-02-04 08:15,2025,BULL,2816.85,2806.9,2.477,0
1738667700,2025-02-04 11:15,2025,BULL,2815.25,2812.28,8.796,0
1738713600,2025-02-05 00:00,2025,BULL,2841.24,2840.38,-0.907,0
1738722600,2025-02-05 02:30,2025,BULL,2849.27,2839.36,1.524,0
1738735200,2025-02-05 06:00,2025,BULL,2858.34,2853.31,1.19,0
1738741500,2025-02-05 07:45,2025,BULL,2864.07,2854.58,0.03,0
1738765800,2025-02-05 14:30,2025,BULL,2866.49,2858.21,-0.457,0
1738784700,2025-02-05 19:45,2025,BULL,2863.64,2862.16,-1.0,0
1738791000,2025-02-05 21:30,2025,BULL,2864.86,2859.51,0.371,0
1738806300,2025-02-06 01:45,2025,BULL,2871.65,2863.52,-1.0,0
1738814400,2025-02-06 04:00,2025,BULL,2869.29,2864.02,-1.0,0
1738823400,2025-02-06 06:30,2025,BULL,2867.57,2865.26,-1.0,0
1738832400,2025-02-06 09:00,2025,BULL,2858.84,2848.41,0.019,0
1738838700,2025-02-06 10:45,2025,BULL,2859.21,2855.14,-0.064,0
1738856700,2025-02-06 15:45,2025,BULL,2850.62,2833.44,0.849,0
1738863900,2025-02-06 17:45,2025,BULL,2852.35,2847.44,2.607,0
1738872900,2025-02-06 20:15,2025,BULL,2854.3,2850.04,2.616,0
1738892700,2025-02-07 01:45,2025,BULL,2866.12,2857.54,-1.0,0
1738913400,2025-02-07 07:30,2025,BULL,2864.34,2858.53,0.078,0
1738918800,2025-02-07 09:00,2025,BULL,2867.89,2862.86,-1.0,0
1738926000,2025-02-07 11:00,2025,BULL,2866.64,2863.17,-1.0,0
1738937700,2025-02-07 14:15,2025,BULL,2873.49,2851.79,1.126,0
1738952100,2025-02-07 18:15,2025,BULL,2863,2852.74,3.376,0
1738959300,2025-02-07 20:15,2025,BULL,2860.02,2858.48,-0.733,0
1739144700,2025-02-09 23:45,2025,BULL,2867.5,2855.41,2.525,0
1739153700,2025-02-10 02:15,2025,BULL,2873.98,2865.75,2.909,0
1739159100,2025-02-10 03:45,2025,BULL,2875.54,2870.9,4.829,0
1739218500,2025-02-10 20:15,2025,BULL,2903.31,2902.26,10.686,0
1739222100,2025-02-10 21:15,2025,BULL,2906.02,2902.62,2.524,0
1739261700,2025-02-11 08:15,2025,BULL,2914.07,2906.76,-1.0,0
1739270700,2025-02-11 10:45,2025,BULL,2902.62,2901.24,-0.92,0
1739282400,2025-02-11 14:00,2025,BULL,2898.57,2880.83,-1.0,0
1739288700,2025-02-11 15:45,2025,BULL,2904.79,2889.91,-1.0,0
1739295900,2025-02-11 17:45,2025,BULL,2905.55,2899.05,-1.0,0
1739300400,2025-02-11 19:00,2025,BULL,2904.36,2902.85,-1.0,0
1739308500,2025-02-11 21:15,2025,BULL,2898.87,2893.74,-1.0,0
1739317500,2025-02-11 23:45,2025,BULL,2898.68,2896.85,-1.0,0
1739326500,2025-02-12 02:15,2025,BULL,2896.14,2882.95,-1.0,0
1739340000,2025-02-12 06:00,2025,BULL,2891.18,2883.47,-1.0,0
1739350800,2025-02-12 09:00,2025,BULL,2891.39,2887.32,-1.0,0
1739369700,2025-02-12 14:15,2025,BULL,2895.58,2863.67,0.984,0
1739375100,2025-02-12 15:45,2025,BULL,2894.64,2886.05,0.632,0
1739390400,2025-02-12 20:00,2025,BULL,2897.73,2893.02,3.088,0
1739405700,2025-02-13 00:15,2025,BULL,2906.59,2900.28,0.928,0
1739412900,2025-02-13 02:15,2025,BULL,2907.2,2901.11,0.85,0
1739438100,2025-02-13 09:15,2025,BULL,2913.82,2908.9,0.245,0
1739467800,2025-02-13 17:30,2025,BULL,2916.31,2912.33,2.7,0
1739474100,2025-02-13 19:15,2025,BULL,2926.38,2913.93,0.593,0
1739502000,2025-02-14 03:00,2025,BULL,2929.08,2925.56,-1.0,0
1739506500,2025-02-14 04:15,2025,BULL,2926.32,2922.88,2.176,0
1739544300,2025-02-14 14:45,2025,BULL,2920.96,2913.64,-1.0,0
1739861100,2025-02-18 06:45,2025,BULL,2913.6,2909.75,-1.0,0
1739868300,2025-02-18 08:45,2025,BULL,2912.38,2907.82,-1.0,0
1739878200,2025-02-18 11:30,2025,BULL,2911.91,2906.76,3.945,0
1739905200,2025-02-18 19:00,2025,BULL,2932.23,2928.11,-0.009,0
1739914200,2025-02-18 21:30,2025,BULL,2935.23,2932.3,-1.0,0
1739929500,2025-02-19 01:45,2025,BULL,2938.39,2927.66,-1.0,0
1739935800,2025-02-19 03:30,2025,BULL,2929.85,2923.64,2.012,0
1739942100,2025-02-19 05:15,2025,BULL,2929.38,2926.12,3.979,0
1739951100,2025-02-19 07:45,2025,BULL,2934.18,2930.13,2.037,0
1739977200,2025-02-19 15:00,2025,BULL,2935.55,2929.34,-1.0,0
1739983500,2025-02-19 16:45,2025,BULL,2928.01,2922.07,-1.0,0
1739991600,2025-02-19 19:00,2025,BULL,2926.97,2918.0,2.761,0
1740019500,2025-02-20 02:45,2025,BULL,2941.01,2933.61,1.48,0
1740028500,2025-02-20 05:15,2025,BULL,2944.82,2938.98,1.214,0
1740035700,2025-02-20 07:15,2025,BULL,2949.16,2943.47,0.495,0
1740056400,2025-02-20 13:00,2025,BULL,2943.43,2938.24,-1.0,0
1740062700,2025-02-20 14:45,2025,BULL,2935.09,2923.51,0.141,0
1740078000,2025-02-20 19:00,2025,BULL,2939.35,2936.77,-1.0,0
1740082500,2025-02-20 20:15,2025,BULL,2936.17,2933.21,0.547,0
1740095100,2025-02-20 23:45,2025,BULL,2941.53,2937.93,-1.0,0
1740099600,2025-02-21 01:00,2025,BULL,2945.94,2937.1,-1.0,0
1740105900,2025-02-21 02:45,2025,BULL,2939.12,2925.71,-1.0,0
1740174300,2025-02-21 21:45,2025,BULL,2935.98,2931.74,-0.519,0
1740354300,2025-02-23 23:45,2025,BULL,2936.72,2933.76,-1.0,0
1740372300,2025-02-24 04:45,2025,BULL,2940.87,2937.55,-1.0,0
1740379500,2025-02-24 06:45,2025,BULL,2938.67,2934.86,-0.242,0
1740388500,2025-02-24 09:15,2025,BULL,2946.32,2937.74,-1.0,0
1740396600,2025-02-24 11:30,2025,BULL,2944.54,2934.41,0.057,0
1740403800,2025-02-24 13:30,2025,BULL,2951.69,2945.16,-1.0,0
1740430800,2025-02-24 21:00,2025,BULL,2950.92,2946.69,-0.203,0
1741034700,2025-03-03 20:45,2025,BULL,2890.43,2877.97,1.695,0
1741053600,2025-03-04 02:00,2025,BULL,2887.19,2881.56,-0.173,0
1741058100,2025-03-04 03:15,2025,BULL,2891.97,2884.36,-1.0,0
1741063500,2025-03-04 04:45,2025,BULL,2891.41,2886.13,-1.0,0
1741073400,2025-03-04 07:30,2025,BULL,2898.49,2883.96,0.907,0
1741103100,2025-03-04 15:45,2025,BULL,2906.03,2899.55,1.186,0
1741115700,2025-03-04 19:15,2025,BULL,2912.6,2907.73,0.256,0
1741140000,2025-03-05 02:00,2025,BULL,2911.1,2903.12,-1.0,0
1741144500,2025-03-05 03:15,2025,BULL,2910.7,2901.32,0.263,0
1741174200,2025-03-05 11:30,2025,BULL,2915.48,2908.44,-1.0,0
1741177800,2025-03-05 12:30,2025,BULL,2915.68,2911.52,-1.0,0
1741185000,2025-03-05 14:30,2025,BULL,2915.01,2893.75,-1.0,0
1741193100,2025-03-05 16:45,2025,BULL,2923.73,2914.41,-1.0,0
1741200300,2025-03-05 18:45,2025,BULL,2917.44,2910.51,-0.338,0
1741219200,2025-03-06 00:00,2025,BULL,2919.24,2916.58,-1.0,0
1741225500,2025-03-06 01:45,2025,BULL,2924.72,2915.54,-1.0,0
1741240800,2025-03-06 06:00,2025,BULL,2922.01,2914.1,-1.0,0
1741266900,2025-03-06 13:15,2025,BULL,2905.14,2898.81,1.376,0
1741277700,2025-03-06 16:15,2025,BULL,2917.2,2908.48,-1.0,0
1741291200,2025-03-06 20:00,2025,BULL,2915.42,2911.59,-1.0,0
1741302000,2025-03-06 23:00,2025,BULL,2910.94,2908.01,-1.0,0
1741315500,2025-03-07 02:45,2025,BULL,2908.02,2900.77,1.174,0
1741329900,2025-03-07 06:45,2025,BULL,2913.56,2907.42,0.518,0
1741358700,2025-03-07 14:45,2025,BULL,2926.89,2903.11,-1.0,0
1741365000,2025-03-07 16:30,2025,BULL,2913.89,2907.57,-1.0,0
1741561200,2025-03-09 23:00,2025,BULL,2914.49,2909.53,-1.0,0
1741575600,2025-03-10 03:00,2025,BULL,2912.38,2909.09,-1.0,0
1741580100,2025-03-10 04:15,2025,BULL,2911.75,2907.75,-1.0,0
1741586400,2025-03-10 06:00,2025,BULL,2910.64,2906.62,-1.0,0
1741599900,2025-03-10 09:45,2025,BULL,2911.36,2896.12,-1.0,0
1741680900,2025-03-11 08:15,2025,BULL,2907.1,2897.15,0.769,0
1741716000,2025-03-11 18:00,2025,BULL,2917.29,2913.79,-0.745,0
1741733100,2025-03-11 22:45,2025,BULL,2917.68,2914.11,-1.0,0
1741743900,2025-03-12 01:45,2025,BULL,2914.88,2910.56,-0.301,0
1741755600,2025-03-12 05:00,2025,BULL,2914.17,2912.43,-1.0,0
1741760100,2025-03-12 06:15,2025,BULL,2915.98,2911.79,-1.0,0
1741766400,2025-03-12 08:00,2025,BULL,2916.2,2908.55,-0.48,0
1741777200,2025-03-12 11:00,2025,BULL,2914.68,2912.47,-1.0,0
1741783500,2025-03-12 12:45,2025,BULL,2917.52,2911.72,-1.0,0
1741788000,2025-03-12 14:00,2025,BULL,2915.92,2905.54,1.687,0
1741816800,2025-03-12 22:00,2025,BULL,2935.12,2930.58,0.215,0
1741833000,2025-03-13 02:30,2025,BULL,2941.75,2936.12,-1.0,0
1741848300,2025-03-13 06:45,2025,BULL,2937.05,2934.98,-1.0,0
1741854600,2025-03-13 08:30,2025,BULL,2943.39,2932.39,3.817,0
1741864500,2025-03-13 11:15,2025,BULL,2945.61,2941.8,-1.0,0
1741873500,2025-03-13 13:45,2025,BULL,2950.49,2938.49,2.899,0
1741896900,2025-03-13 20:15,2025,BULL,2984.38,2980.17,0.211,0
1741914000,2025-03-14 01:00,2025,BULL,2989.68,2984.08,-1.0,0
1741918500,2025-03-14 02:15,2025,BULL,2987.06,2981.49,-0.648,0
1741923000,2025-03-14 03:30,2025,BULL,2988.12,2983.45,-1.0,0
1741932000,2025-03-14 06:00,2025,BULL,2983.95,2981.54,-1.0,0
1741939200,2025-03-14 08:00,2025,BULL,2989.86,2980.42,0.322,0
1741968000,2025-03-14 16:00,2025,BULL,2988.24,2977.63,0.564,0
1741985100,2025-03-14 20:45,2025,BULL,2988.31,2981.47,0.92,0
1742173200,2025-03-17 01:00,2025,BULL,2990.97,2985.98,-1.0,0
1742189400,2025-03-17 05:30,2025,BULL,2984.85,2982.06,3.503,0
1742202000,2025-03-17 09:00,2025,BULL,2990.74,2982.87,0.491,0
1742227200,2025-03-17 16:00,2025,BULL,2997,2992.32,7.499,0
1742231700,2025-03-17 17:15,2025,BULL,2998.14,2992.54,6.085,0
1742237100,2025-03-17 18:45,2025,BULL,2999.38,2996.43,0.062,0
1742242500,2025-03-17 20:15,2025,BULL,3001.19,2997.42,8.276,0
1742257800,2025-03-18 00:30,2025,BULL,3001.7,2999.24,12.503,0
1742262300,2025-03-18 01:45,2025,BULL,3005.75,2999.24,4.103,0
1742277600,2025-03-18 06:00,2025,BULL,3015.21,3005.88,1.833,0
1742321700,2025-03-18 18:15,2025,BULL,3033.23,3029.39,-0.25,0
1742338800,2025-03-18 23:00,2025,BULL,3033.67,3032.48,-1.0,0
1742345100,2025-03-19 00:45,2025,BULL,3031.5,3030.25,-1.0,0
1742351400,2025-03-19 02:30,2025,BULL,3032.78,3027.12,0.314,0
1742367600,2025-03-19 07:00,2025,BULL,3039.82,3033.81,-1.0,0
1742377500,2025-03-19 09:45,2025,BULL,3030.3,3022.0,2.354,0
1742396400,2025-03-19 15:00,2025,BULL,3031.46,3025.29,2.995,0
1742409900,2025-03-19 18:45,2025,BULL,3046.74,3028.85,-1.0,0
1742422500,2025-03-19 22:15,2025,BULL,3049.1,3043.78,0.14,0
1742441400,2025-03-20 03:30,2025,BULL,3048,3044.6,-1.0,0
1742452200,2025-03-20 06:30,2025,BULL,3050.18,3044.54,-1.0,0
1742461200,2025-03-20 09:00,2025,BULL,3043.16,3038.33,-1.0,0
1742469300,2025-03-20 11:15,2025,BULL,3032.84,3025.39,1.37,0
1742479200,2025-03-20 14:00,2025,BULL,3035.28,3029.26,1.269,0
1742490900,2025-03-20 17:15,2025,BULL,3035.66,3033.38,3.204,0
1742513400,2025-03-20 23:30,2025,BULL,3045.09,3043.25,-1.0,0
1742537700,2025-03-21 06:15,2025,BULL,3031.37,3021.3,-1.0,0
1742547600,2025-03-21 09:00,2025,BULL,3029.86,3026.81,-0.476,0
1742557500,2025-03-21 11:45,2025,BULL,3034.29,3028.46,-1.0,0
1742799600,2025-03-24 07:00,2025,BULL,3025.4,3016.92,-1.0,0
1742805000,2025-03-24 08:30,2025,BULL,3027.05,3020.58,-1.0,0
1742919300,2025-03-25 16:15,2025,BULL,3022.61,3017.12,-1.0,0
1742925600,2025-03-25 18:00,2025,BULL,3022.18,3019.19,-1.0,0
1742942700,2025-03-25 22:45,2025,BULL,3021.35,3019.29,-1.0,0
1742953500,2025-03-26 01:45,2025,BULL,3024.75,3016.19,-1.0,0
1742967900,2025-03-26 05:45,2025,BULL,3022.59,3012.81,-1.0,0
1742985900,2025-03-26 10:45,2025,BULL,3023.24,3016.71,0.272,0
1743032700,2025-03-26 23:45,2025,BULL,3021.59,3017.3,2.306,0
1743042600,2025-03-27 02:30,2025,BULL,3031.21,3022.69,2.037,0
1743067800,2025-03-27 09:30,2025,BULL,3035.77,3033.3,5.126,0
1743096600,2025-03-27 17:30,2025,BULL,3049.73,3047.05,1.755,0
1743112800,2025-03-27 22:00,2025,BULL,3055.28,3054.75,-1.0,0
1743119100,2025-03-27 23:45,2025,BULL,3055.66,3053.99,8.416,0
1743135300,2025-03-28 04:15,2025,BULL,3074.02,3069.19,-0.4,0
1743140700,2025-03-28 05:45,2025,BULL,3077.87,3072.13,-1.0,0
1743159600,2025-03-28 11:00,2025,BULL,3076.81,3066.97,-0.658,0
1743176700,2025-03-28 15:45,2025,BULL,3083.77,3066.72,1.998,0
1743189300,2025-03-28 19:15,2025,BULL,3080.82,3073.11,4.835,0
1743385500,2025-03-31 01:45,2025,BULL,3094.8,3076.27,1.258,0
1743417900,2025-03-31 10:45,2025,BULL,3118.39,3111.19,-0.746,0
1743423300,2025-03-31 12:15,2025,BULL,3124.99,3113.01,-1.0,0
1743431400,2025-03-31 14:30,2025,BULL,3119.59,3099.08,1.095,0
1743439500,2025-03-31 16:45,2025,BULL,3117.62,3110.84,0.473,0
1743444900,2025-03-31 18:15,2025,BULL,3121.9,3115.38,3.114,0
1743453000,2025-03-31 20:30,2025,BULL,3124.51,3120.54,-1.0,0
1743462000,2025-03-31 23:00,2025,BULL,3125.49,3121.34,-1.0,0
1743467400,2025-04-01 00:30,2025,BULL,3126.42,3119.68,2.384,0
1743496200,2025-04-01 08:30,2025,BULL,3132.33,3123.41,-1.0,0
1743511500,2025-04-01 12:45,2025,BULL,3133.27,3127.11,-1.0,0
1743519600,2025-04-01 15:00,2025,BULL,3131.08,3123.37,-1.0,0
1743526800,2025-04-01 17:00,2025,BULL,3108.63,3100.06,0.456,0
1743548400,2025-04-01 23:00,2025,BULL,3111.9,3107.38,3.245,0
1743574500,2025-04-02 06:15,2025,BULL,3116.48,3109.37,1.404,0
1743579900,2025-04-02 07:45,2025,BULL,3125.06,3111.41,-1.0,0
1743593400,2025-04-02 11:30,2025,BULL,3121.67,3109.64,-0.099,0
1743598800,2025-04-02 13:00,2025,BULL,3123.79,3116.52,-0.52,0
1743604200,2025-04-02 14:30,2025,BULL,3125.84,3116.03,-1.0,0
1743609600,2025-04-02 16:00,2025,BULL,3129.83,3120.4,-1.0,0
1743620400,2025-04-02 19:00,2025,BULL,3123.03,3118.36,-1.0,0
1743626700,2025-04-02 20:45,2025,BULL,3130.97,3104.59,0.414,0
1743651000,2025-04-03 03:30,2025,BULL,3147.75,3141.55,-1.0,0
1743664500,2025-04-03 07:15,2025,BULL,3124.81,3116.11,-1.0,0
1743712200,2025-04-03 20:30,2025,BULL,3117.35,3100.98,-1.0,0
1743729300,2025-04-04 01:15,2025,BULL,3113.79,3105.45,-1.0,0
1744251300,2025-04-10 02:15,2025,RANGE,3111.58,3077.78,1.234,0
1744278300,2025-04-10 09:45,2025,RANGE,3116.5,3102.46,2.628,0
1744285500,2025-04-10 11:45,2025,RANGE,3124.65,3112.51,2.369,0
1744353000,2025-04-11 06:30,2025,RANGE,3206.35,3186.63,0.227,0
1744401600,2025-04-11 20:00,2025,RANGE,3236,3226.83,-1.0,0
1744584300,2025-04-13 22:45,2025,RANGE,3221.17,3209.23,0.445,0
1744595100,2025-04-14 01:45,2025,RANGE,3239.76,3214.29,-1.0,0
1744602300,2025-04-14 03:45,2025,RANGE,3232.36,3226.29,-1.0,0
1744610400,2025-04-14 06:00,2025,RANGE,3230.8,3220.71,-1.0,0
1744621200,2025-04-14 09:00,2025,RANGE,3230.02,3215.84,-1.0,0
1744629300,2025-04-14 11:15,2025,RANGE,3223.07,3205.52,-1.0,0
1744639200,2025-04-14 14:00,2025,RANGE,3202.48,3192.75,0.755,0
1744648200,2025-04-14 16:30,2025,RANGE,3206.34,3195.57,1.469,0
1744658100,2025-04-14 19:15,2025,RANGE,3211.29,3200.91,1.083,0
1744668900,2025-04-14 22:15,2025,RANGE,3212.94,3206.84,1.585,0
1744674300,2025-04-14 23:45,2025,RANGE,3212.56,3210.07,-0.863,0
1744677900,2025-04-15 00:45,2025,BULL,3211.83,3210.45,-1.0,0
1744681500,2025-04-15 01:45,2025,BULL,3223.62,3209.48,5.358,0
1744691400,2025-04-15 04:30,2025,BULL,3229.4,3222.58,-1.0,0
1744698600,2025-04-15 06:30,2025,BULL,3227.84,3220.37,-1.0,0
1744713000,2025-04-15 10:30,2025,BULL,3223.66,3220.75,-1.0,0
1744722000,2025-04-15 13:00,2025,BULL,3222.51,3213.53,-1.0,0
1744727400,2025-04-15 14:30,2025,BULL,3222.28,3211.1,6.868,0
1744731900,2025-04-15 15:45,2025,BULL,3221.29,3216.24,15.374,0
1744748100,2025-04-15 20:15,2025,BULL,3228.6,3225.86,20.0,1
1744818300,2025-04-16 15:45,2025,BULL,3325.32,3304.32,1.083,0
1744857000,2025-04-17 02:30,2025,BULL,3331.76,3319.69,-0.245,0
1744872300,2025-04-17 06:45,2025,BULL,3329.01,3324.6,-1.0,0
1744876800,2025-04-17 08:00,2025,BULL,3322.34,3313.54,-1.0,0
1744881300,2025-04-17 09:15,2025,BULL,3324.01,3311.84,-0.194,0
1744886700,2025-04-17 10:45,2025,BULL,3327.68,3320.51,-0.83,0
1744892100,2025-04-17 12:15,2025,BULL,3325.43,3321.74,-1.0,0
1744902900,2025-04-17 15:15,2025,BULL,3298.08,3282.72,0.975,0
1744920000,2025-04-17 20:00,2025,BULL,3321.9,3310.32,4.824,0
1745282700,2025-04-22 00:45,2025,BULL,3425.61,3411.53,3.773,0
1745314200,2025-04-22 09:30,2025,BULL,3456.75,3441.96,-1.0,0
1745322300,2025-04-22 11:45,2025,BULL,3456.69,3447.29,-1.0,0
1745332200,2025-04-22 14:30,2025,BULL,3431.48,3407.13,-1.0,0
1745342100,2025-04-22 17:15,2025,BULL,3407.36,3370.36,-1.0,0
1745352900,2025-04-22 20:15,2025,BULL,3381.4,3365.45,-1.0,0
1745523900,2025-04-24 19:45,2025,BULL,3342.26,3332.82,0.441,0
1745535600,2025-04-24 23:00,2025,BULL,3361.79,3339.93,-1.0,0
1745541000,2025-04-25 00:30,2025,BULL,3351.56,3346.1,-1.0,0
1745548200,2025-04-25 02:30,2025,BULL,3346.58,3341.92,-0.646,0
1745850600,2025-04-28 14:30,2025,BULL,3330.09,3286.26,-1.0,0
1745856900,2025-04-28 16:15,2025,BULL,3334.42,3317.98,0.622,0
1745870400,2025-04-28 20:00,2025,BULL,3350.31,3344.96,-1.0,0
1745893800,2025-04-29 02:30,2025,BULL,3330.46,3322.01,-1.0,0
1745912700,2025-04-29 07:45,2025,BULL,3322.93,3311.77,-1.0,0
1745943300,2025-04-29 16:15,2025,BULL,3319.5,3304.34,-1.0,0
1745952300,2025-04-29 18:45,2025,BULL,3319.87,3312.51,-1.0,0
1745958600,2025-04-29 20:30,2025,BULL,3319,3317.43,-1.0,0
1745971200,2025-04-30 00:00,2025,BULL,3324.26,3310.43,-1.0,0
1746030600,2025-04-30 16:30,2025,BULL,3312.41,3297.92,-1.0,0
1746408600,2025-05-05 01:30,2025,RANGE,3263.87,3240.57,2.018,0
1746426600,2025-05-05 06:30,2025,RANGE,3262.55,3253.64,5.415,0
1746459900,2025-05-05 15:45,2025,RANGE,3311.97,3308.21,-1.0,0
1746463500,2025-05-05 16:45,2025,RANGE,3309.86,3304.87,3.651,0
1746503100,2025-05-06 03:45,2025,RANGE,3360.36,3351.02,-1.0,0
1746513000,2025-05-06 06:30,2025,RANGE,3366.89,3349.22,0.5,0
1746525600,2025-05-06 10:00,2025,RANGE,3383.12,3370.72,0.325,0
1746536400,2025-05-06 13:00,2025,RANGE,3394.56,3372.55,0.797,0
1746584100,2025-05-07 02:15,2025,RANGE,3385.72,3358.39,0.303,0
1746591300,2025-05-07 04:15,2025,RANGE,3384.41,3368.3,-1.0,0
1746596700,2025-05-07 05:45,2025,RANGE,3387.8,3377.64,-1.0,0
1746614700,2025-05-07 10:45,2025,RANGE,3391.3,3368.56,-1.0,0
1746620100,2025-05-07 12:15,2025,RANGE,3386.23,3382.9,-1.0,0
1746626400,2025-05-07 14:00,2025,RANGE,3385.82,3380.4,-1.0,0
1746630000,2025-05-07 15:00,2025,RANGE,3387.18,3374.62,-1.0,0
1746637200,2025-05-07 17:00,2025,RANGE,3384.23,3377.91,-0.193,0
1746648000,2025-05-07 20:00,2025,RANGE,3371.37,3363.01,2.805,0
1746657000,2025-05-07 22:30,2025,RANGE,3370.87,3362.56,2.874,0
1746716400,2025-05-08 15:00,2025,RANGE,3358.62,3350.01,-1.0,0
1746812700,2025-05-09 17:45,2025,RANGE,3340.84,3335.26,-1.0,0
1746816300,2025-05-09 18:45,2025,RANGE,3338.65,3335.63,-1.0,0
1747792800,2025-05-21 02:00,2025,RANGE,3297.56,3284.67,0.797,0
1747806300,2025-05-21 05:45,2025,RANGE,3316.35,3297.81,-1.0,0
1747832400,2025-05-21 13:00,2025,RANGE,3305.77,3289.74,1.64,0
1747838700,2025-05-21 14:45,2025,RANGE,3304.35,3294.48,2.795,0
1747848600,2025-05-21 17:30,2025,RANGE,3313.47,3302.07,1.632,0
1747864800,2025-05-21 22:00,2025,RANGE,3317.34,3312.54,3.094,0
1747873800,2025-05-22 00:30,2025,RANGE,3323.55,3316.71,1.275,0
1747889100,2025-05-22 04:45,2025,RANGE,3338.46,3332.12,-1.0,0
1747895400,2025-05-22 06:30,2025,RANGE,3330.76,3325.8,-1.0,0
1747900800,2025-05-22 08:00,2025,RANGE,3326.97,3321.96,-1.0,0
1747914300,2025-05-22 11:45,2025,RANGE,3314.46,3282.25,-1.0,0
1747920600,2025-05-22 13:30,2025,RANGE,3310.06,3300.15,-1.0,0
1747925100,2025-05-22 14:45,2025,RANGE,3296.99,3278.11,3.344,0
1747928700,2025-05-22 15:45,2025,RANGE,3294.74,3280.06,4.449,0
1747937700,2025-05-22 18:15,2025,RANGE,3294.65,3289.28,-1.0,0
1747944000,2025-05-22 20:00,2025,RANGE,3291.16,3288.54,0.68,0
1747963800,2025-05-23 01:30,2025,RANGE,3304.28,3286.44,3.163,0
1747970100,2025-05-23 03:15,2025,RANGE,3298.35,3290.29,7.71,0
1748023200,2025-05-23 18:00,2025,RANGE,3365.25,3355.79,-1.0,0
1748313000,2025-05-27 02:30,2025,RANGE,3341.56,3331.54,-1.0,0
1748556000,2025-05-29 22:00,2025,BULL,3316.55,3314.94,-1.0,0
1748568600,2025-05-30 01:30,2025,BULL,3312.35,3309.04,-1.0,0
1748816100,2025-06-01 22:15,2025,BULL,3304.01,3289.53,4.511,0
1748826900,2025-06-02 01:15,2025,BULL,3309.26,3302.68,-1.0,0
1748831400,2025-06-02 02:30,2025,BULL,3307.14,3300.9,11.335,0
1748837700,2025-06-02 04:15,2025,BULL,3313.72,3302.77,5.865,0
1748863800,2025-06-02 11:30,2025,BULL,3356.71,3344.16,1.691,0
1748890800,2025-06-02 19:00,2025,BULL,3379.56,3370.42,-0.174,0
1748897100,2025-06-02 20:45,2025,BULL,3381.68,3378.09,-1.0,0
1748916000,2025-06-03 02:00,2025,BULL,3374.57,3362.8,-1.0,0
1748931300,2025-06-03 06:15,2025,BULL,3364.15,3355.63,-1.0,0
1748935800,2025-06-03 07:30,2025,BULL,3358.85,3350.5,-1.0,0
1748945700,2025-06-03 10:15,2025,BULL,3357.85,3354.25,-1.0,0
1748951100,2025-06-03 11:45,2025,BULL,3359.33,3353.16,-1.0,0
1748955600,2025-06-03 13:00,2025,BULL,3360,3348.34,-1.0,0
1748961900,2025-06-03 14:45,2025,BULL,3346.43,3332.52,0.3,0
1748971800,2025-06-03 17:30,2025,BULL,3353.38,3344.09,0.97,0
1748977200,2025-06-03 19:00,2025,BULL,3354.39,3350.02,-0.794,0
1748982600,2025-06-03 20:30,2025,BULL,3353.64,3351.0,-1.0,0
1749001500,2025-06-04 01:45,2025,BULL,3370.65,3345.83,-1.0,0
1749006900,2025-06-04 03:15,2025,BULL,3365.59,3362.43,-1.0,0
1749017700,2025-06-04 06:15,2025,BULL,3355.49,3347.37,-0.515,0
1749026700,2025-06-04 08:45,2025,BULL,3362.74,3351.26,-1.0,0
1749038400,2025-06-04 12:00,2025,BULL,3348.23,3342.95,4.481,0
1749042000,2025-06-04 13:00,2025,BULL,3358.52,3343.68,0.896,0
1749047400,2025-06-04 14:30,2025,BULL,3382.83,3350.12,-1.0,0
1749053700,2025-06-04 16:15,2025,BULL,3373.02,3368.95,-0.356,0
1749069900,2025-06-04 20:45,2025,BULL,3372.32,3370.33,-0.14,0
1749092400,2025-06-05 03:00,2025,BULL,3371.23,3367.64,-1.0,0
1749099600,2025-06-05 05:00,2025,BULL,3368.3,3363.25,-1.0,0
1749105000,2025-06-05 06:30,2025,BULL,3364.96,3360.71,1.32,0
1749162600,2025-06-05 22:30,2025,BULL,3358.79,3351.47,0.016,0
1749169800,2025-06-06 00:30,2025,BULL,3361.55,3357.02,-1.0,0
1749174300,2025-06-06 01:45,2025,BULL,3363.92,3355.84,-0.621,0
1749181500,2025-06-06 03:45,2025,BULL,3369.61,3358.82,-1.0,0
1749198600,2025-06-06 08:30,2025,BULL,3367.08,3352.27,-1.0,0
1749551400,2025-06-10 10:30,2025,BULL,3334.02,3326.66,0.128,0
1749560400,2025-06-10 13:00,2025,BULL,3338.93,3327.82,-1.0,0
1749583800,2025-06-10 19:30,2025,BULL,3333.48,3318.8,-1.0,0
1749609900,2025-06-11 02:45,2025,BULL,3338.19,3326.56,-1.0,0
1749642300,2025-06-11 11:45,2025,BULL,3333.06,3325.71,-0.279,0
1749645900,2025-06-11 12:45,2025,BULL,3336.68,3326.41,-1.0,0
1749652200,2025-06-11 14:30,2025,BULL,3340.62,3327.0,-1.0,0
1749665700,2025-06-11 18:15,2025,BULL,3345.62,3318.83,0.875,0
1749711600,2025-06-12 07:00,2025,BULL,3371.6,3365.05,-1.0,0
1749716100,2025-06-12 08:15,2025,BULL,3358.93,3338.19,0.958,0
1749744000,2025-06-12 16:00,2025,BULL,3386.76,3376.91,3.665,0
1749751200,2025-06-12 18:00,2025,BULL,3384.16,3377.26,5.641,0
1749770100,2025-06-12 23:15,2025,BULL,3383.59,3379.47,9.694,0
1749795300,2025-06-13 06:15,2025,BULL,3425.19,3417.36,-1.0,0
1749800700,2025-06-13 07:45,2025,BULL,3414.96,3407.16,2.751,0
1749814200,2025-06-13 11:30,2025,BULL,3421.88,3411.07,1.354,0
1749839400,2025-06-13 18:30,2025,BULL,3435.46,3426.58,0.117,0
1750038300,2025-06-16 01:45,2025,BULL,3441.53,3432.37,-1.0,0
1750059900,2025-06-16 07:45,2025,BULL,3412.69,3408.56,-0.547,0
1750063500,2025-06-16 08:45,2025,BULL,3413.94,3408.97,-0.714,0
1750071600,2025-06-16 11:00,2025,BULL,3419.81,3410.02,-1.0,0
1750077000,2025-06-16 12:30,2025,BULL,3413.54,3410.16,-0.882,0
1750120200,2025-06-17 00:30,2025,BULL,3400.01,3392.47,-1.0,0
1750123800,2025-06-17 01:30,2025,BULL,3399.92,3390.67,-1.0,0
1750262400,2025-06-18 16:00,2025,BULL,3390.7,3380.8,-1.0,0
1750706100,2025-06-23 19:15,2025,RANGE,3380.62,3376.21,-1.0,0
1751392800,2025-07-01 18:00,2025,RANGE,3338.37,3336.5,-0.904,0
1751399100,2025-07-01 19:45,2025,RANGE,3337.94,3336.58,-0.823,0
1751407200,2025-07-01 22:00,2025,RANGE,3339,3336.71,-0.908,0
1751417100,2025-07-02 00:45,2025,RANGE,3338.91,3334.0,-1.0,0
1751424300,2025-07-02 02:45,2025,RANGE,3336.59,3327.85,-1.0,0
1751448600,2025-07-02 09:30,2025,RANGE,3339.54,3332.41,-0.306,0
1751468400,2025-07-02 15:00,2025,RANGE,3342.53,3333.37,1.351,0
1751508000,2025-07-03 02:00,2025,RANGE,3347.61,3341.49,0.607,0
1751517000,2025-07-03 04:30,2025,RANGE,3349.2,3345.07,0.534,0
1751538600,2025-07-03 10:30,2025,RANGE,3353.25,3343.43,-1.0,0
1751600700,2025-07-04 03:45,2025,RANGE,3338.4,3325.77,-1.0,0
1751627700,2025-07-04 11:15,2025,RANGE,3337.35,3331.15,-1.0,0
1751635800,2025-07-04 13:30,2025,RANGE,3337.83,3331.21,-1.0,0
1751958000,2025-07-08 07:00,2025,RANGE,3337.91,3330.53,-1.0,0
1752211800,2025-07-11 05:30,2025,RANGE,3335.1,3329.28,-0.524,0
1752219900,2025-07-11 07:45,2025,RANGE,3342.06,3330.37,0.667,0
1752226200,2025-07-11 09:30,2025,RANGE,3335.71,3332.3,4.14,0
1752444900,2025-07-13 22:15,2025,RANGE,3370.71,3353.08,-1.0,0
1752453900,2025-07-14 00:45,2025,RANGE,3367.54,3364.24,-1.0,0
1752462900,2025-07-14 03:15,2025,RANGE,3356.93,3353.26,-0.551,0
1752469200,2025-07-14 05:00,2025,RANGE,3358.65,3353.55,2.114,0
1752472800,2025-07-14 06:00,2025,RANGE,3359.71,3353.23,1.504,0
1752500700,2025-07-14 13:45,2025,RANGE,3355.21,3346.52,-1.0,0
1752506100,2025-07-14 15:15,2025,RANGE,3347.07,3340.52,1.492,0
1752511500,2025-07-14 16:45,2025,RANGE,3347.71,3342.65,-1.0,0
1752518700,2025-07-14 18:45,2025,RANGE,3349.01,3347.56,-1.0,0
1752533100,2025-07-14 22:45,2025,RANGE,3345.78,3340.89,-0.039,0
1752547500,2025-07-15 02:45,2025,RANGE,3350.97,3345.25,1.083,0
1752588900,2025-07-15 14:15,2025,RANGE,3347.13,3334.0,-1.0,0
1752678900,2025-07-16 15:15,2025,RANGE,3363.44,3318.88,-1.0,0
1752683400,2025-07-16 16:30,2025,RANGE,3351.15,3330.5,-1.0,0
1752696900,2025-07-16 20:15,2025,RANGE,3348.34,3345.67,-0.914,0
1752704100,2025-07-16 22:15,2025,RANGE,3351.45,3346.02,-1.0,0
1752778800,2025-07-17 19:00,2025,RANGE,3339.45,3335.35,-0.587,0
1752791400,2025-07-17 22:30,2025,RANGE,3342.82,3337.14,-1.0,0
1752804900,2025-07-18 02:15,2025,RANGE,3343.26,3334.97,-1.0,0
1752821100,2025-07-18 06:45,2025,RANGE,3342.06,3331.47,0.931,0
1752835500,2025-07-18 10:45,2025,RANGE,3351.34,3347.58,0.133,0
1752850800,2025-07-18 15:00,2025,RANGE,3353.04,3350.6,-0.431,0
1752857100,2025-07-18 16:45,2025,RANGE,3353.58,3350.54,-1.0,0
1752864300,2025-07-18 18:45,2025,RANGE,3351.4,3349.65,-1.0,0
1752870600,2025-07-18 20:30,2025,RANGE,3350.97,3347.41,-1.0,0
1753052400,2025-07-20 23:00,2025,RANGE,3346.04,3344.74,4.636,0
1753056000,2025-07-21 00:00,2025,RANGE,3350.34,3345.28,0.337,0
1753073100,2025-07-21 04:45,2025,RANGE,3357.83,3350.38,0.67,0
1753092900,2025-07-21 10:15,2025,RANGE,3365.54,3362.37,9.357,0
1753096500,2025-07-21 11:15,2025,RANGE,3373.47,3362.68,2.014,0
1753120800,2025-07-21 18:00,2025,RANGE,3394.1,3390.98,1.384,0
1753126200,2025-07-21 19:30,2025,RANGE,3397.99,3392.86,-1.0,0
1753137000,2025-07-21 22:30,2025,RANGE,3399.91,3396.19,-1.0,0
1753145100,2025-07-22 00:45,2025,RANGE,3394.45,3389.89,-1.0,0
1753151400,2025-07-22 02:30,2025,RANGE,3390.25,3384.79,-1.0,0
1753172100,2025-07-22 08:15,2025,RANGE,3388.5,3383.11,7.396,0
1753179300,2025-07-22 10:15,2025,RANGE,3387.54,3384.36,12.819,0
1753186500,2025-07-22 12:15,2025,RANGE,3400.36,3386.22,1.98,0
1753230600,2025-07-23 00:30,2025,RANGE,3431.39,3426.16,-1.0,0
1753240500,2025-07-23 03:15,2025,RANGE,3427.93,3418.63,-1.0,0
1753245900,2025-07-23 04:45,2025,RANGE,3423.56,3421.55,-1.0,0
1753252200,2025-07-23 06:30,2025,RANGE,3423.62,3416.01,-0.496,0
1753259400,2025-07-23 08:30,2025,RANGE,3426.78,3419.61,-1.0,0
1753271100,2025-07-23 11:45,2025,RANGE,3428.13,3419.83,-1.0,0
1753280100,2025-07-23 14:15,2025,RANGE,3412.21,3404.89,-1.0,0
1754068500,2025-08-01 17:15,2025,RANGE,3347.41,3339.81,1.267,0
1754272800,2025-08-04 02:00,2025,RANGE,3351.12,3344.58,0.301,0
1754290800,2025-08-04 07:00,2025,RANGE,3361.21,3353.16,-1.0,0
1754295300,2025-08-04 08:15,2025,RANGE,3358.87,3351.24,2.007,0
1754328600,2025-08-04 17:30,2025,RANGE,3372.87,3369.96,0.428,0
1754346600,2025-08-04 22:30,2025,RANGE,3374.2,3373.19,3.385,0
1754354700,2025-08-05 00:45,2025,RANGE,3379.77,3375.77,-1.0,0
1754373600,2025-08-05 06:00,2025,RANGE,3370.78,3367.35,-1.0,0
1754379000,2025-08-05 07:30,2025,RANGE,3373.42,3365.17,-1.0,0
1754396100,2025-08-05 12:15,2025,RANGE,3360.77,3349.49,1.866,0
1754423100,2025-08-05 19:45,2025,RANGE,3379.12,3377.83,-0.752,0
1754432100,2025-08-05 22:15,2025,RANGE,3379.08,3378.26,-1.0,0
1754435700,2025-08-05 23:15,2025,RANGE,3381.83,3377.96,-1.0,0
1754447400,2025-08-06 02:30,2025,RANGE,3376.22,3372.81,-1.0,0
1754453700,2025-08-06 04:15,2025,RANGE,3374.93,3372.98,-1.0,0
1754460000,2025-08-06 06:00,2025,RANGE,3375.51,3370.25,-1.0,0
1754477100,2025-08-06 10:45,2025,RANGE,3363.74,3357.68,1.412,0
1754485200,2025-08-06 13:00,2025,RANGE,3368.55,3359.84,0.433,0
1754496900,2025-08-06 16:15,2025,RANGE,3374.86,3369.55,-1.0,0
1754506800,2025-08-06 19:00,2025,RANGE,3371.07,3368.63,-1.0,0
1754518500,2025-08-06 22:15,2025,RANGE,3371.32,3366.84,-1.0,0
1754527500,2025-08-07 00:45,2025,RANGE,3372.1,3364.97,0.615,0
1754539200,2025-08-07 04:00,2025,RANGE,3378.61,3376.2,-0.921,0
1754548200,2025-08-07 06:30,2025,RANGE,3385.29,3371.2,0.205,0
1754566200,2025-08-07 11:30,2025,RANGE,3378.94,3371.1,-0.556,0
1754570700,2025-08-07 12:45,2025,RANGE,3380.89,3374.67,-1.0,0
1754589600,2025-08-07 18:00,2025,RANGE,3391.41,3383.75,-0.45,0
1754595900,2025-08-07 19:45,2025,RANGE,3399.84,3387.03,-1.0,0
1754607600,2025-08-07 23:00,2025,RANGE,3399.18,3388.01,-1.0,0
1754619300,2025-08-08 02:15,2025,RANGE,3386.74,3380.46,0.37,0
1754624700,2025-08-08 03:45,2025,RANGE,3395.74,3382.93,-1.0,0
1754633700,2025-08-08 06:15,2025,RANGE,3394,3389.38,-1.0,0
1754638200,2025-08-08 07:30,2025,RANGE,3398.65,3388.22,-1.0,0
1754646300,2025-08-08 09:45,2025,RANGE,3400.61,3393.45,-1.0,0
1754654400,2025-08-08 12:00,2025,RANGE,3387.27,3379.99,-0.067,0
1754666100,2025-08-08 15:15,2025,RANGE,3393.07,3380.14,-1.0,0
1754678700,2025-08-08 18:45,2025,RANGE,3395.58,3375.59,-1.0,0
1754684100,2025-08-08 20:15,2025,RANGE,3395.59,3391.46,-1.0,0
1754865900,2025-08-10 22:45,2025,RANGE,3395.17,3389.78,-1.0,0
1755074700,2025-08-13 08:45,2025,RANGE,3360.18,3352.2,-0.457,0
1755093600,2025-08-13 14:00,2025,RANGE,3366.78,3353.54,-1.0,0
1755144900,2025-08-14 04:15,2025,RANGE,3361.15,3355.23,-1.0,0
1755153900,2025-08-14 06:45,2025,RANGE,3361.91,3355.46,-1.0,0
1755892800,2025-08-22 20:00,2025,RANGE,3371.13,3368.61,-1.0,0
1756078200,2025-08-24 23:30,2025,RANGE,3367.19,3365.77,1.41,0
1756169100,2025-08-26 00:45,2025,RANGE,3383.14,3351.0,1.073,0
1756174500,2025-08-26 02:15,2025,RANGE,3377.61,3371.37,-1.0,0
1756180800,2025-08-26 04:00,2025,RANGE,3373.3,3369.25,-0.336,0
1756188900,2025-08-26 06:15,2025,RANGE,3373.55,3371.97,-0.829,0
1756195200,2025-08-26 08:00,2025,RANGE,3376.85,3366.8,0.532,0
1756206900,2025-08-26 11:15,2025,RANGE,3378.27,3366.89,0.894,0
1756215900,2025-08-26 13:45,2025,RANGE,3375.81,3369.99,1.089,0
1756220400,2025-08-26 15:00,2025,RANGE,3381.29,3369.96,0.626,0
1756233900,2025-08-26 18:45,2025,RANGE,3385.55,3380.04,0.542,0
1756260900,2025-08-27 02:15,2025,RANGE,3385.67,3383.14,-1.0,0
1756272600,2025-08-27 05:30,2025,RANGE,3377.58,3373.61,-1.0,0
1756281600,2025-08-27 08:00,2025,RANGE,3382.12,3373.22,1.396,0
1756296900,2025-08-27 12:15,2025,RANGE,3381.51,3373.59,1.65,0
1756305000,2025-08-27 14:30,2025,RANGE,3383.59,3375.12,1.288,0
1756320300,2025-08-27 18:45,2025,RANGE,3394.59,3391.86,-0.025,0
1756335600,2025-08-27 23:00,2025,RANGE,3397.76,3394.63,-1.0,0
1756350900,2025-08-28 03:15,2025,RANGE,3390.56,3384.06,4.174,0
1756356300,2025-08-28 04:45,2025,RANGE,3390.37,3388.48,-1.0,0
1756361700,2025-08-28 06:15,2025,RANGE,3390.24,3387.58,10.333,0
1756388700,2025-08-28 13:45,2025,RANGE,3407.24,3393.69,0.764,0
1756397700,2025-08-28 16:15,2025,RANGE,3415.44,3403.89,2.27,0
1756433700,2025-08-29 02:15,2025,RANGE,3412.05,3407.6,-1.0,0
1756439100,2025-08-29 03:45,2025,RANGE,3410.71,3409.55,-1.0,0
1756443600,2025-08-29 05:00,2025,RANGE,3407.81,3407.02,-1.0,0
1756447200,2025-08-29 06:00,2025,RANGE,3411.43,3406.63,-1.0,0
1756455300,2025-08-29 08:15,2025,RANGE,3412.55,3406.37,-1.0,0
1756467900,2025-08-29 11:45,2025,RANGE,3410.69,3403.92,4.611,0
1756472400,2025-08-29 13:00,2025,RANGE,3418.73,3406.48,1.892,0
1756496700,2025-08-29 19:45,2025,RANGE,3452.52,3441.32,-1.0,0
1756692000,2025-09-01 02:00,2025,BULL,3458.64,3436.69,0.691,0
1756714500,2025-09-01 08:15,2025,BULL,3479.08,3467.0,-1.0,0
1756723500,2025-09-01 10:45,2025,BULL,3470.51,3465.66,0.49,0
1756731600,2025-09-01 13:00,2025,BULL,3477.52,3466.68,1.116,0
1756739700,2025-09-01 15:15,2025,BULL,3475.54,3472.98,-1.0,0
1756745100,2025-09-01 16:45,2025,BULL,3477.34,3471.79,2.211,0
1756766700,2025-09-01 22:45,2025,BULL,3475.27,3473.83,10.096,0
1756770300,2025-09-01 23:45,2025,BULL,3479.37,3474.21,2.018,0
1756777500,2025-09-02 01:45,2025,BULL,3497.53,3476.29,-1.0,0
1756802700,2025-09-02 08:45,2025,BULL,3477.63,3469.49,0.025,0
1756809900,2025-09-02 10:45,2025,BULL,3485.68,3475.14,-1.0,0
1756815300,2025-09-02 12:15,2025,BULL,3482.51,3477.96,-1.0,0
1756818900,2025-09-02 13:15,2025,BULL,3485.07,3473.54,4.131,0
1756864800,2025-09-03 02:00,2025,BULL,3539.92,3531.18,-1.0,0
1756872900,2025-09-03 04:15,2025,BULL,3534.15,3528.69,-1.0,0
1756881000,2025-09-03 06:30,2025,BULL,3536.62,3526.23,2.748,0
1756886400,2025-09-03 08:00,2025,BULL,3536.66,3528.8,3.628,0
1756943100,2025-09-03 23:45,2025,BULL,3560.43,3553.97,-1.0,0
1756946700,2025-09-04 00:45,2025,BULL,3561.59,3551.49,-1.0,0
1756957500,2025-09-04 03:45,2025,BULL,3529.14,3510.4,0.541,0
1756968300,2025-09-04 06:45,2025,BULL,3536.09,3523.57,0.262,0
1756978200,2025-09-04 09:30,2025,BULL,3540.17,3536.8,-1.0,0
1756981800,2025-09-04 10:30,2025,BULL,3540.33,3536.24,-0.169,0
1756986300,2025-09-04 11:45,2025,BULL,3545.57,3536.09,-0.626,0
1757010600,2025-09-04 18:30,2025,BULL,3546.88,3542.07,-1.0,0
1757028600,2025-09-04 23:30,2025,BULL,3550.95,3539.87,3.735,0
1757042100,2025-09-05 03:15,2025,BULL,3555.22,3545.47,-1.0,0
1757062800,2025-09-05 09:00,2025,BULL,3549,3544.33,0.009,0
1757075400,2025-09-05 12:30,2025,BULL,3583.35,3547.46,0.824,0
1757094300,2025-09-05 17:45,2025,BULL,3596.36,3589.63,-1.0,0
1757285100,2025-09-07 22:45,2025,BULL,3592.14,3583.33,-1.0,0
1757292300,2025-09-08 00:45,2025,BULL,3594.41,3586.56,-1.0,0
1757296800,2025-09-08 02:00,2025,BULL,3587.79,3584.36,-0.539,0
1757306700,2025-09-08 04:45,2025,BULL,3581.62,3578.93,11.592,0
1757376000,2025-09-09 00:00,2025,BULL,3637.07,3627.84,1.652,0
1757382300,2025-09-09 01:45,2025,BULL,3646.36,3635.62,0.549,0
1757406600,2025-09-09 08:30,2025,BULL,3650.15,3640.99,-0.766,0
1757417400,2025-09-09 11:30,2025,BULL,3653.14,3648.24,-1.0,0
1757423700,2025-09-09 13:15,2025,BULL,3660.55,3643.34,-1.0,0
1757433600,2025-09-09 16:00,2025,BULL,3649.15,3625.63,-1.0,0
1757458800,2025-09-09 23:00,2025,BULL,3639.01,3622.65,-1.0,0
1757469600,2025-09-10 02:00,2025,BULL,3634.23,3619.55,0.491,0
1757520000,2025-09-10 16:00,2025,BULL,3643.46,3637.73,-0.738,0
1757524500,2025-09-10 17:15,2025,BULL,3642.51,3639.36,-1.0,0
1757535300,2025-09-10 20:15,2025,BULL,3639.66,3634.96,-0.304,0
1757545200,2025-09-10 23:00,2025,BULL,3641.92,3637.67,-0.871,0
1757565000,2025-09-11 04:30,2025,BULL,3631.77,3629.34,-1.0,0
1757573100,2025-09-11 06:45,2025,BULL,3633.22,3622.29,-1.0,0
1757578500,2025-09-11 08:15,2025,BULL,3629.23,3623.35,-1.0,0
1757600100,2025-09-11 14:15,2025,BULL,3634.88,3617.49,0.723,0
1757612700,2025-09-11 17:45,2025,BULL,3635.1,3631.23,-1.0,0
1757618100,2025-09-11 19:15,2025,BULL,3634.7,3629.89,2.738,0
1757629800,2025-09-11 22:30,2025,BULL,3635.11,3632.74,-1.0,0
1757633400,2025-09-11 23:30,2025,BULL,3635.02,3632.92,-1.0,0
1757639700,2025-09-12 01:15,2025,BULL,3642.64,3630.22,0.434,0
1757670300,2025-09-12 09:45,2025,BULL,3646.45,3637.21,-1.0,0
1757683800,2025-09-12 13:30,2025,BULL,3651.06,3637.83,-1.0,0
1757691900,2025-09-12 15:45,2025,BULL,3644.58,3641.35,0.606,0
1757702700,2025-09-12 18:45,2025,BULL,3648.42,3646.75,-1.0,0
1757923200,2025-09-15 08:00,2025,BULL,3641.69,3633.37,4.477,0
1757931300,2025-09-15 10:15,2025,BULL,3645.88,3635.31,3.117,0
1757936700,2025-09-15 11:45,2025,BULL,3642.54,3638.61,-1.0,0
1757941200,2025-09-15 13:00,2025,BULL,3649.55,3636.49,2.243,0
1757976300,2025-09-15 22:45,2025,BULL,3678.87,3676.1,-0.779,0
1757983500,2025-09-16 00:45,2025,BULL,3686.48,3675.95,-1.0,0
1757988000,2025-09-16 02:00,2025,BULL,3681.73,3676.66,-1.0,0
1757993400,2025-09-16 03:30,2025,BULL,3681.35,3674.04,1.208,0
1757999700,2025-09-16 05:15,2025,BULL,3684.14,3679.79,1.411,0
1758004200,2025-09-16 06:30,2025,BULL,3689.95,3679.83,-0.525,0
1758031200,2025-09-16 14:00,2025,BULL,3699.61,3684.51,-1.0,0
1758039300,2025-09-16 16:15,2025,BULL,3689.1,3678.06,-1.0,0
1758046500,2025-09-16 18:15,2025,BULL,3688.96,3685.77,0.895,0
1758053700,2025-09-16 20:15,2025,BULL,3693.58,3687.53,-1.0,0
1758061800,2025-09-16 22:30,2025,BULL,3692.68,3689.32,-1.0,0
1758078900,2025-09-17 03:15,2025,BULL,3681.2,3673.93,-1.0,0
1758100500,2025-09-17 09:15,2025,BULL,3668.73,3662.09,-1.0,0
1758126600,2025-09-17 16:30,2025,BULL,3686.16,3682.49,-1.0,0
1758193200,2025-09-18 11:00,2025,BULL,3667.73,3665.06,-1.0,0
1758197700,2025-09-18 12:15,2025,BULL,3671.37,3663.88,-1.0,0
1758289500,2025-09-19 13:45,2025,BULL,3663.27,3643.11,0.874,0
1758301200,2025-09-19 17:00,2025,BULL,3670.32,3665.9,2.357,0
1758511800,2025-09-22 03:30,2025,BULL,3695.08,3685.06,4.903,0
1758518100,2025-09-22 05:15,2025,BULL,3696.19,3689.59,7.281,0
1758589200,2025-09-23 01:00,2025,BULL,3754.66,3744.38,-1.0,0
1758598200,2025-09-23 03:30,2025,BULL,3743.93,3735.84,4.336,0
1758606300,2025-09-23 05:45,2025,BULL,3753.01,3742.7,2.536,0
1758639600,2025-09-23 15:00,2025,BULL,3779.21,3767.0,-1.0,0
1758647700,2025-09-23 17:15,2025,BULL,3782.31,3764.46,-1.0,0
1758674700,2025-09-24 00:45,2025,BULL,3765.22,3758.57,-1.0,0
1758683700,2025-09-24 03:15,2025,BULL,3760.93,3750.08,0.705,0
1758714300,2025-09-24 11:45,2025,BULL,3768.96,3759.16,-1.0,0
1758719700,2025-09-24 13:15,2025,BULL,3767.42,3763.6,-1.0,0
1758757500,2025-09-24 23:45,2025,BULL,3742.92,3738.6,-1.0,0
1758768300,2025-09-25 02:45,2025,BULL,3739.72,3729.16,0.947,0
1758800700,2025-09-25 11:45,2025,BULL,3752.96,3740.63,-1.0,0
1758822300,2025-09-25 17:45,2025,BULL,3741.72,3731.37,0.365,0
1758825900,2025-09-25 18:45,2025,BULL,3755.33,3735.94,-1.0,0
1758844800,2025-09-26 00:00,2025,BULL,3746.64,3737.54,-1.0,0
1758859200,2025-09-26 04:00,2025,BULL,3746.71,3733.9,2.139,0
1758863700,2025-09-26 05:15,2025,BULL,3746.73,3744.08,-1.0,0
1758869100,2025-09-26 06:45,2025,BULL,3743.67,3741.03,-1.0,0
1758872700,2025-09-26 07:45,2025,BULL,3748,3738.69,2.816,0
1758892500,2025-09-26 13:15,2025,BULL,3757.84,3746.01,1.386,0
1758912300,2025-09-26 18:45,2025,BULL,3778.46,3774.13,-1.0,0
1759099500,2025-09-28 22:45,2025,BULL,3770.47,3760.11,5.123,0
1759106700,2025-09-29 00:45,2025,BULL,3787.04,3763.52,1.552,0
1759111200,2025-09-29 02:00,2025,BULL,3786.04,3767.4,2.003,0
1759175100,2025-09-29 19:45,2025,BULL,3828.73,3822.2,5.145,0
1759186800,2025-09-29 23:00,2025,BULL,3829.79,3825.19,7.078,0
1759228200,2025-09-30 10:30,2025,BULL,3809.54,3791.97,2.809,0
1759238100,2025-09-30 13:15,2025,BULL,3815.26,3808.23,6.275,0
1759248000,2025-09-30 16:00,2025,BULL,3843.3,3830.24,1.202,0
1759327200,2025-10-01 14:00,2025,BULL,3870.14,3862.87,-1.0,0
1759332600,2025-10-01 15:30,2025,BULL,3864.46,3855.15,-1.0,0
1759344300,2025-10-01 18:45,2025,BULL,3862.2,3854.29,-0.335,0
1759351500,2025-10-01 20:45,2025,BULL,3865.49,3859.75,-1.0,0
1759359600,2025-10-01 23:00,2025,BULL,3862.48,3858.01,-1.0,0
1759369500,2025-10-02 01:45,2025,BULL,3865.16,3852.38,1.144,0
1759378500,2025-10-02 04:15,2025,BULL,3866.12,3863.48,-1.0,0
1759383000,2025-10-02 05:30,2025,BULL,3868.14,3861.44,-0.961,0
1759429800,2025-10-02 18:30,2025,BULL,3848.09,3839.48,0.422,0
1759457700,2025-10-03 02:15,2025,BULL,3855.08,3846.88,-1.0,0
1759493700,2025-10-03 12:15,2025,BULL,3863.64,3854.21,1.755,0
1759516200,2025-10-03 18:30,2025,BULL,3888.28,3876.05,3.809,0
1759702500,2025-10-05 22:15,2025,BULL,3893.9,3882.28,3.542,0
1759801500,2025-10-07 01:45,2025,BULL,3958.13,3954.88,0.587,0
1759809600,2025-10-07 04:00,2025,BULL,3973.85,3960.24,-1.0,0
1759826700,2025-10-07 08:45,2025,BULL,3951.26,3939.91,1.495,0
1759833900,2025-10-07 10:45,2025,BULL,3959.99,3953.4,1.263,0
1759839300,2025-10-07 12:15,2025,BULL,3965.9,3955.83,0.249,0
1759862700,2025-10-07 18:45,2025,BULL,3981.13,3973.18,0.788,0
1759887900,2025-10-08 01:45,2025,BULL,4000.26,3983.85,1.907,0
1759932900,2025-10-08 14:15,2025,BULL,4044.71,4025.45,-1.0,0
1759939200,2025-10-08 16:00,2025,BULL,4055.54,4036.37,-1.0,0
1759952700,2025-10-08 19:45,2025,BULL,4045.11,4031.39,-1.0,0
1759963500,2025-10-08 22:45,2025,BULL,4021.38,4014.18,-1.0,0
1759969800,2025-10-09 00:30,2025,BULL,4025.24,4000.53,0.453,0
1759974300,2025-10-09 01:45,2025,BULL,4019.84,4007.18,-1.0,0
1759978800,2025-10-09 03:00,2025,BULL,4020.36,4001.37,0.677,0
1760107500,2025-10-10 14:45,2025,BULL,3989.99,3969.72,-0.663,0
1760118300,2025-10-10 17:45,2025,BULL,3990,3973.79,6.807,0
1760397300,2025-10-13 23:15,2025,BULL,4115.08,4105.96,4.41,0
1760456700,2025-10-14 15:45,2025,BULL,4137.87,4124.85,0.295,0
1760461200,2025-10-14 17:00,2025,BULL,4145.49,4126.64,1.997,0
1760468400,2025-10-14 19:00,2025,BULL,4149.12,4142.04,-1.0,0
1760472900,2025-10-14 20:15,2025,BULL,4143.96,4133.52,3.79,0
1760481900,2025-10-14 22:45,2025,BULL,4158.28,4140.1,1.399,0
1760490000,2025-10-15 01:00,2025,BULL,4179.02,4152.91,0.175,0
1760498100,2025-10-15 03:15,2025,BULL,4183.69,4166.0,-0.02,0
1760545800,2025-10-15 16:30,2025,BULL,4196.66,4178.57,1.714,0
1760551200,2025-10-15 18:00,2025,BULL,4200.21,4181.36,1.461,0
1760609700,2025-10-16 10:15,2025,BULL,4237.79,4221.34,6.27,0
1760695200,2025-10-17 10:00,2025,BULL,4338.34,4330.63,-1.0,0
1760705100,2025-10-17 12:45,2025,BULL,4314.59,4282.0,-1.0,0
1760713200,2025-10-17 15:00,2025,BULL,4242.28,4214.53,-1.0,0
1760731200,2025-10-17 20:00,2025,BULL,4232.33,4211.02,0.679,0
1760922000,2025-10-20 01:00,2025,BULL,4255.33,4217.63,2.281,0
1760933700,2025-10-20 04:15,2025,BULL,4264.3,4247.28,-1.0,0
1760944500,2025-10-20 07:15,2025,BULL,4254.17,4220.13,2.567,0
1760957100,2025-10-20 10:45,2025,BULL,4254.8,4244.8,8.692,0
1760960700,2025-10-20 11:45,2025,BULL,4279.08,4249.99,2.159,0
1761017400,2025-10-21 03:30,2025,BULL,4347.64,4334.25,-1.0,0
1761029100,2025-10-21 06:45,2025,BULL,4343.21,4316.21,-1.0,0
1762435800,2025-11-06 13:30,2025,RANGE,4013.53,4002.42,-1.0,0
1762533000,2025-11-07 16:30,2025,RANGE,4020.79,3983.03,1.43,0
1762538400,2025-11-07 18:00,2025,RANGE,4004.97,3991.23,5.06,0
1762731000,2025-11-09 23:30,2025,RANGE,4007.73,3997.84,6.815,0
1762867800,2025-11-11 13:30,2025,RANGE,4141.96,4132.66,-1.0,0
1762876800,2025-11-11 16:00,2025,RANGE,4113.33,4096.07,0.691,0
1762888500,2025-11-11 19:15,2025,RANGE,4117.56,4105.78,0.663,0
1762922700,2025-11-12 04:45,2025,RANGE,4110.49,4102.75,-1.0,0
1762928100,2025-11-12 06:15,2025,RANGE,4114.79,4098.02,4.573,0
1762937100,2025-11-12 08:45,2025,RANGE,4131.29,4111.42,3.03,0
1762946100,2025-11-12 11:15,2025,RANGE,4124.29,4117.09,9.333,0
1762955100,2025-11-12 13:45,2025,RANGE,4126.96,4121.97,12.942,0
1762988400,2025-11-12 23:00,2025,RANGE,4198.95,4190.16,-1.0,0
1762994700,2025-11-13 00:45,2025,RANGE,4205.75,4185.34,-1.0,0
1762999200,2025-11-13 02:00,2025,RANGE,4194.11,4178.93,1.968,0
1763010900,2025-11-13 05:15,2025,RANGE,4212.34,4202.09,1.127,0
1763056800,2025-11-13 18:00,2025,RANGE,4202.21,4191.63,-1.0,0
1763061300,2025-11-13 19:15,2025,RANGE,4159.91,4143.98,2.241,0
1763086500,2025-11-14 02:15,2025,BULL,4199.59,4172.78,-1.0,0
1763107200,2025-11-14 08:00,2025,BULL,4174.4,4157.92,-1.0,0
1763593200,2025-11-19 23:00,2025,BULL,4088.42,4064.81,-1.0,0
1763752500,2025-11-21 19:15,2025,BULL,4090.45,4075.33,-1.0,0
1764134100,2025-11-26 05:15,2025,BULL,4167.02,4156.0,-1.0,0
1764141300,2025-11-26 07:15,2025,BULL,4152.11,4146.34,0.586,0
1764149400,2025-11-26 09:30,2025,BULL,4160.15,4153.94,-0.768,0
1764171900,2025-11-26 15:45,2025,BULL,4165.31,4135.81,1.689,0
1764185400,2025-11-26 19:30,2025,BULL,4163.52,4157.5,-1.0,0
1764189900,2025-11-26 20:45,2025,BULL,4164.05,4160.91,-0.665,0
1764208800,2025-11-27 02:00,2025,BULL,4153.08,4148.1,-1.0,0
1764215100,2025-11-27 03:45,2025,BULL,4147.46,4143.56,-1.0,0
1764218700,2025-11-27 04:45,2025,BULL,4150.73,4141.96,0.106,0
1764225000,2025-11-27 06:30,2025,BULL,4154.02,4144.43,-0.237,0
1764237600,2025-11-27 10:00,2025,BULL,4156.14,4147.77,2.994,0
1764242100,2025-11-27 11:15,2025,BULL,4158.72,4151.75,-1.0,0
1764251100,2025-11-27 13:45,2025,BULL,4154.81,4148.82,-0.408,0
1764256500,2025-11-27 15:15,2025,BULL,4161.26,4152.34,-1.0,0
1764262800,2025-11-27 17:00,2025,BULL,4155.3,4150.84,5.816,0
1764270000,2025-11-27 19:00,2025,BULL,4159.6,4155.38,5.172,0
1764321300,2025-11-28 09:15,2025,BULL,4161.64,4151.81,5.471,0
1764328500,2025-11-28 11:15,2025,BULL,4174.18,4159.2,2.735,0
1764333900,2025-11-28 12:45,2025,BULL,4175.8,4166.63,4.31,0
1764339300,2025-11-28 14:15,2025,BULL,4196.48,4167.44,0.654,0
1764546300,2025-11-30 23:45,2025,BULL,4222.15,4204.92,0.567,0
1764550800,2025-12-01 01:00,2025,BULL,4228.27,4217.43,0.328,0
1764611100,2025-12-01 17:45,2025,BULL,4232.29,4221.93,0.071,0
1764639900,2025-12-02 01:45,2025,BULL,4219.43,4198.17,-1.0,0
1764652500,2025-12-02 05:15,2025,BULL,4221.4,4213.19,-1.0,0
1764659700,2025-12-02 07:15,2025,BULL,4217.49,4202.7,-1.0,0
1764684000,2025-12-02 14:00,2025,BULL,4223.27,4201.41,-1.0,0
1764737100,2025-12-03 04:45,2025,BULL,4222.4,4216.47,-1.0,0
1764743400,2025-12-03 06:30,2025,BULL,4206.84,4203.13,-1.0,0
1764749700,2025-12-03 08:15,2025,BULL,4206.49,4199.75,-1.0,0
1764783000,2025-12-03 17:30,2025,BULL,4212.61,4194.6,-1.0,0
1764790200,2025-12-03 19:30,2025,BULL,4208.94,4194.14,-1.0,0
1764797400,2025-12-03 21:30,2025,BULL,4209.44,4203.01,-1.0,0
1764804600,2025-12-03 23:30,2025,BULL,4206.21,4202.11,-0.264,0
1764808200,2025-12-04 00:30,2025,BULL,4213.49,4202.19,-1.0,0
1764812700,2025-12-04 01:45,2025,BULL,4209.29,4205.15,-1.0,0
1764856800,2025-12-04 14:00,2025,BULL,4204.76,4185.0,1.155,0
1764863100,2025-12-04 15:45,2025,BULL,4207.54,4190.61,1.167,0
1764877500,2025-12-04 19:45,2025,BULL,4208.85,4198.8,-1.0,0
1764882900,2025-12-04 21:15,2025,BULL,4208.48,4204.99,-1.0,0
1764893700,2025-12-05 00:15,2025,BULL,4205.69,4203.32,-1.0,0
1764899100,2025-12-05 01:45,2025,BULL,4202.92,4194.34,2.905,0
1764935100,2025-12-05 11:45,2025,BULL,4223.63,4219.66,1.052,0
1764942300,2025-12-05 13:45,2025,BULL,4234.48,4220.87,-0.493,0
1765168200,2025-12-08 04:30,2025,BULL,4210.48,4205.97,-1.0,0
1765173600,2025-12-08 06:00,2025,BULL,4215.35,4204.16,-1.0,0
1765183500,2025-12-08 08:45,2025,BULL,4209.63,4202.69,-1.0,0
1765285200,2025-12-09 13:00,2025,BULL,4205.1,4197.91,-1.0,0
1765305900,2025-12-09 18:45,2025,BULL,4208.93,4200.36,0.198,0
1765312200,2025-12-09 20:30,2025,BULL,4210.36,4206.54,0.161,0
1765323000,2025-12-09 23:30,2025,BULL,4211.55,4206.92,-1.0,0
1765331100,2025-12-10 01:45,2025,BULL,4213.91,4206.56,-1.0,0
1765341000,2025-12-10 04:30,2025,BULL,4207.92,4203.27,-1.0,0
1765346400,2025-12-10 06:00,2025,BULL,4209.65,4201.42,-1.0,0
1765350900,2025-12-10 07:15,2025,BULL,4207.39,4202.75,-1.0,0
1765375200,2025-12-10 14:00,2025,BULL,4205.06,4192.36,-1.0,0
1765397700,2025-12-10 20:15,2025,BULL,4232.65,4180.86,0.753,0
1765403100,2025-12-10 21:45,2025,BULL,4228.56,4220.01,0.553,0
1765411200,2025-12-11 00:00,2025,BULL,4242.89,4222.7,-1.0,0
1765424700,2025-12-11 03:45,2025,BULL,4216.7,4208.43,-1.0,0
1765435500,2025-12-11 06:45,2025,BULL,4214.44,4203.86,-0.31,0
1765446300,2025-12-11 09:45,2025,BULL,4218.52,4209.96,-1.0,0
1765451700,2025-12-11 11:15,2025,BULL,4214.77,4211.27,-1.0,0
1765457100,2025-12-11 12:45,2025,BULL,4220.56,4208.12,-1.0,0
1765461600,2025-12-11 14:00,2025,BULL,4227.33,4204.53,1.958,0
1765518300,2025-12-12 05:45,2025,BULL,4278.9,4265.75,4.023,0
1765818900,2025-12-15 17:15,2025,BULL,4302.06,4284.07,-1.0,0
1765825200,2025-12-15 19:00,2025,BULL,4312.71,4298.82,-1.0,0
1765832400,2025-12-15 21:00,2025,BULL,4304.55,4298.58,-0.428,0
1765845900,2025-12-16 00:45,2025,BULL,4307.92,4302.15,-1.0,0
1765849500,2025-12-16 01:45,2025,BULL,4308.86,4298.6,-1.0,0
1765857600,2025-12-16 04:00,2025,BULL,4287.77,4279.99,-1.0,0
1765865700,2025-12-16 06:15,2025,BULL,4286.87,4270.78,1.533,0
1765886400,2025-12-16 12:00,2025,BULL,4287.73,4273.19,1.654,0
1765911600,2025-12-16 19:00,2025,BULL,4306.02,4297.0,-1.0,0
1765915200,2025-12-16 20:00,2025,BULL,4312.05,4295.9,0.459,0
1765926000,2025-12-16 23:00,2025,BULL,4304.37,4300.08,3.582,0
1765942200,2025-12-17 03:30,2025,BULL,4321.71,4310.69,-0.172,0
1765970100,2025-12-17 11:15,2025,BULL,4318.19,4305.86,0.32,0
1765975500,2025-12-17 12:45,2025,BULL,4317.64,4314.27,1.374,0
1765979100,2025-12-17 13:45,2025,BULL,4342.1,4314.26,-1.0,0
1765999800,2025-12-17 19:30,2025,BULL,4335.11,4327.96,-0.055,0
1766003400,2025-12-17 20:30,2025,BULL,4342.12,4329.6,-1.0,0
1766024100,2025-12-18 02:15,2025,BULL,4334.43,4324.09,-1.0,0
1766034900,2025-12-18 05:15,2025,BULL,4335.95,4328.15,-1.0,0
1766040300,2025-12-18 06:45,2025,BULL,4334.03,4330.18,-1.0,0
1766043900,2025-12-18 07:45,2025,BULL,4331.42,4329.56,-1.0,0
1766053800,2025-12-18 10:30,2025,BULL,4327,4320.24,-1.0,0
1766065500,2025-12-18 13:45,2025,BULL,4336.51,4314.25,-1.0,0
1766071800,2025-12-18 15:30,2025,BULL,4337.33,4307.55,-0.427,0
1766080800,2025-12-18 18:00,2025,BULL,4339.44,4320.38,-1.0,0
1766086200,2025-12-18 19:30,2025,BULL,4329.29,4324.17,-1.0,0
1766089800,2025-12-18 20:30,2025,BULL,4335.91,4321.62,-1.0,0
1766099700,2025-12-18 23:15,2025,BULL,4334.07,4327.89,-1.0,0
1766110500,2025-12-19 02:15,2025,BULL,4324.48,4308.82,1.149,0
1766120400,2025-12-19 05:00,2025,BULL,4318.84,4316.12,1.784,0
1766158200,2025-12-19 15:30,2025,BULL,4340.05,4318.96,4.328,0
1766358900,2025-12-21 23:15,2025,BULL,4348.71,4336.22,6.63,0
1766368800,2025-12-22 02:00,2025,BULL,4380.58,4360.79,2.569,0
1766419200,2025-12-22 16:00,2025,BULL,4438.07,4411.29,1.643,0
1766433600,2025-12-22 20:00,2025,BULL,4438.66,4428.24,4.189,0
1766438100,2025-12-22 21:15,2025,BULL,4447.72,4431.36,2.119,0
1766485800,2025-12-23 10:30,2025,BULL,4482.79,4477.43,0.027,0
1766504700,2025-12-23 15:45,2025,BULL,4458.55,4429.34,1.021,0
1766514600,2025-12-23 18:30,2025,BULL,4476.4,4468.54,1.527,0
1766532600,2025-12-23 23:30,2025,BULL,4505.59,4482.73,-1.0,0
1766555100,2025-12-24 05:45,2025,BULL,4488.33,4484.36,-1.0,0
1766565900,2025-12-24 08:45,2025,BULL,4482.21,4477.36,-0.013,0
1766574900,2025-12-24 11:15,2025,BULL,4487.43,4481.54,-0.902,0
1766578500,2025-12-24 12:15,2025,BULL,4493.28,4482.14,-1.0,0
1766584800,2025-12-24 14:00,2025,BULL,4485.2,4473.77,-1.0,0
1766593800,2025-12-24 16:30,2025,BULL,4475.4,4446.94,0.734,0
1766756700,2025-12-26 13:45,2025,BULL,4525.14,4503.16,-0.577,0
1766781000,2025-12-26 20:30,2025,BULL,4530.68,4519.2,-0.74,0
1766965500,2025-12-28 23:45,2025,BULL,4527.02,4522.23,-1.0,0
1766970900,2025-12-29 01:15,2025,BULL,4499.39,4470.88,-1.0,0
1766983500,2025-12-29 04:45,2025,BULL,4515.75,4506.8,-1.0,0
1767642300,2026-01-05 19:45,2026,RANGE,4439.85,4434.3,-0.481,0
1767647700,2026-01-05 21:15,2026,RANGE,4445.42,4437.37,-1.0,0
1767753900,2026-01-07 02:45,2026,RANGE,4474.84,4458.65,-1.0,0
1767767400,2026-01-07 06:30,2026,RANGE,4446.78,4442.55,-1.0,0
1767771000,2026-01-07 07:30,2026,RANGE,4458.96,4440.38,-1.0,0
1767779100,2026-01-07 09:45,2026,RANGE,4463.52,4458.58,-1.0,0
1767783600,2026-01-07 11:00,2026,RANGE,4461.72,4457.95,-1.0,0
1767793500,2026-01-07 13:45,2026,RANGE,4452.8,4426.74,-1.0,0
1767801600,2026-01-07 16:00,2026,RANGE,4447.18,4421.89,-1.0,0
1767812400,2026-01-07 19:00,2026,RANGE,4449.45,4446.18,-1.0,0
1767816000,2026-01-07 20:00,2026,RANGE,4458.2,4444.49,-1.0,0
1767822300,2026-01-07 21:45,2026,RANGE,4456.51,4449.07,-1.0,0
1767842100,2026-01-08 03:15,2026,RANGE,4444.3,4432.54,-1.0,0
1767902400,2026-01-08 20:00,2026,RANGE,4458.13,4444.01,0.134,0
1767932100,2026-01-09 04:15,2026,BULL,4462.88,4459.67,-0.903,0
1767938400,2026-01-09 06:00,2026,BULL,4467.39,4457.68,0.073,0
1767951000,2026-01-09 09:30,2026,BULL,4471.83,4463.31,-1.0,0
1767958200,2026-01-09 11:30,2026,BULL,4470.62,4466.71,-1.0,0
1767964500,2026-01-09 13:15,2026,BULL,4472.89,4460.42,-1.0,0
1767968100,2026-01-09 14:15,2026,BULL,4494.56,4457.28,2.431,0
1767972600,2026-01-09 15:30,2026,BULL,4514.38,4478.22,1.948,0
1767983400,2026-01-09 18:30,2026,BULL,4502.28,4480.88,3.861,0
1768201200,2026-01-12 07:00,2026,BULL,4583.39,4569.21,0.137,0
1768244400,2026-01-12 19:00,2026,BULL,4613.81,4599.58,-1.0,0
1768261500,2026-01-12 23:45,2026,BULL,4599.12,4577.16,-1.0,0
1768270500,2026-01-13 02:15,2026,BULL,4583.72,4574.44,0.833,0
1768278600,2026-01-13 04:30,2026,BULL,4598.72,4591.68,-1.0,0
1768288500,2026-01-13 07:15,2026,BULL,4584.07,4572.96,-0.227,0
1768293000,2026-01-13 08:30,2026,BULL,4593.52,4576.67,0.397,0
1768301100,2026-01-13 10:45,2026,BULL,4586.18,4579.65,-1.0,0
1768309200,2026-01-13 13:00,2026,BULL,4602.7,4577.26,-0.092,0
1768330800,2026-01-13 19:00,2026,BULL,4595.74,4579.9,-1.0,0
1768338900,2026-01-13 21:15,2026,BULL,4587.76,4568.58,1.992,0
1768414500,2026-01-14 18:15,2026,BULL,4628.1,4600.22,-1.0,0
1768436100,2026-01-15 00:15,2026,BULL,4616.7,4601.94,-1.0,0
1768443300,2026-01-15 02:15,2026,BULL,4611.05,4582.78,-1.0,0
1768449600,2026-01-15 04:00,2026,BULL,4593.88,4580.12,0.204,0
1768456800,2026-01-15 06:00,2026,BULL,4605.41,4580.0,-1.0,0
1768466700,2026-01-15 08:45,2026,BULL,4604.3,4596.93,-1.0,0
1768498200,2026-01-15 17:30,2026,BULL,4614.41,4600.18,-1.0,0
1768504500,2026-01-15 19:15,2026,BULL,4618.27,4612.82,-1.0,0
1768510800,2026-01-15 21:00,2026,BULL,4611.99,4600.31,-1.0,0
1768527900,2026-01-16 01:45,2026,BULL,4600.61,4593.13,-1.0,0
1768542300,2026-01-16 05:45,2026,BULL,4611.63,4594.78,-1.0,0
1768548600,2026-01-16 07:30,2026,BULL,4603.14,4593.4,-0.542,0
1768558500,2026-01-16 10:15,2026,BULL,4607.63,4598.32,-1.0,0
1768563900,2026-01-16 11:45,2026,BULL,4612.6,4597.87,-1.0,0
1768572000,2026-01-16 14:00,2026,BULL,4607.09,4581.72,-1.0,0
1768821300,2026-01-19 11:15,2026,BULL,4666.73,4660.57,-1.0,0
1768825800,2026-01-19 12:30,2026,BULL,4671.5,4659.12,4.006,0
1768833900,2026-01-19 14:45,2026,BULL,4666.48,4661.18,0.397,0
1768845600,2026-01-19 18:00,2026,BULL,4675.59,4668.7,-1.0,0
1768870800,2026-01-20 01:00,2026,BULL,4670.04,4658.99,4.628,0
1768877100,2026-01-20 02:45,2026,BULL,4668.61,4664.84,13.912,0
1768918500,2026-01-20 14:15,2026,BULL,4750.34,4714.75,2.924,0
1769006700,2026-01-21 14:45,2026,BULL,4852.08,4838.56,-1.0,0
1769011200,2026-01-21 16:00,2026,BULL,4846.91,4811.05,-1.0,0
1769019300,2026-01-21 18:15,2026,BULL,4833.89,4800.42,-1.0,0
1769027400,2026-01-21 20:30,2026,BULL,4820.21,4753.47,1.866,0
1769051700,2026-01-22 03:15,2026,BULL,4792.76,4772.96,1.406,0
1769060700,2026-01-22 05:45,2026,BULL,4821.16,4792.78,4.401,0
1769140800,2026-01-23 04:00,2026,BULL,4952.28,4937.03,-1.0,0
1769162400,2026-01-23 10:00,2026,BULL,4921.3,4898.49,1.732,0
1769169600,2026-01-23 12:00,2026,BULL,4933.67,4910.8,1.185,0
1769436900,2026-01-26 14:15,2026,BULL,5078.39,5053.86,-0.219,0
1769447700,2026-01-26 17:15,2026,BULL,5088.45,5063.53,-1.0,0
1769459400,2026-01-26 20:30,2026,BULL,5046.41,5006.19,-1.0,0
1769469300,2026-01-26 23:15,2026,BULL,5045.04,4987.41,3.737,0
1769477400,2026-01-27 01:30,2026,BULL,5063.81,5011.71,3.783,0
1769481900,2026-01-27 02:45,2026,BULL,5072.41,5047.59,0.278,0
1769486400,2026-01-27 04:00,2026,BULL,5069.46,5058.68,-1.0,0
1769492700,2026-01-27 05:45,2026,BULL,5083.09,5055.91,-1.0,0
1769526000,2026-01-27 15:00,2026,BULL,5057.6,5045.44,8.24,0
1769611500,2026-01-28 14:45,2026,BULL,5286.08,5246.9,-1.0,0
1769615100,2026-01-28 15:45,2026,BULL,5278.26,5234.58,0.063,0
1769687100,2026-01-29 11:45,2026,BULL,5522.69,5468.29,-1.0,0
1769696100,2026-01-29 14:15,2026,BULL,5544.1,5498.38,-1.0,0
1769702400,2026-01-29 16:00,2026,BULL,5272.86,5093.54,-1.0,0
1769719500,2026-01-29 20:45,2026,BULL,5394.53,5278.88,-1.0,0
1769729400,2026-01-29 23:30,2026,BULL,5438.47,5365.89,-1.0,0
1770123600,2026-02-03 13:00,2026,BULL,4928.64,4890.1,-0.957,0
1770131700,2026-02-03 15:15,2026,BULL,4924.96,4891.47,-1.0,0
1770206400,2026-02-04 12:00,2026,RANGE,5045.14,5011.78,-1.0,0
1770212700,2026-02-04 13:45,2026,RANGE,5053.97,5021.39,-1.0,0
1770239700,2026-02-04 21:15,2026,RANGE,4959,4911.87,0.746,0
1770252300,2026-02-05 00:45,2026,RANGE,5006.8,4994.86,-1.0,0
1770605100,2026-02-09 02:45,2026,RANGE,5007.15,4966.53,1.253,0
1770615000,2026-02-09 05:30,2026,RANGE,5034.48,5005.52,-1.0,0
1770646500,2026-02-09 14:15,2026,RANGE,5020.85,4993.42,1.398,0
1770703200,2026-02-10 06:00,2026,RANGE,5036.61,5009.88,-0.642,0
1770709500,2026-02-10 07:45,2026,RANGE,5033.8,5017.46,0.117,0
1770721200,2026-02-10 11:00,2026,RANGE,5050.56,5035.67,-1.0,0
1770730200,2026-02-10 13:30,2026,RANGE,5053.05,5018.36,-1.0,0
1770740100,2026-02-10 16:15,2026,RANGE,5009.98,4997.16,3.128,0
1770750000,2026-02-10 19:00,2026,RANGE,5012.7,5003.24,3.988,0
1770778800,2026-02-11 03:00,2026,RANGE,5049.36,5031.17,0.071,0
1770826500,2026-02-11 16:15,2026,RANGE,5061.08,5036.42,0.586,0
1770835500,2026-02-11 18:45,2026,RANGE,5082.35,5065.25,-1.0,0
1770841800,2026-02-11 20:30,2026,RANGE,5086.62,5075.86,-1.0,0
1770853500,2026-02-11 23:45,2026,RANGE,5061.06,5051.33,-1.0,0
1770857100,2026-02-12 00:45,2026,RANGE,5063.07,5048.63,-1.0,0
1770860700,2026-02-12 01:45,2026,RANGE,5063.14,5043.68,-0.8,0
1770872400,2026-02-12 05:00,2026,RANGE,5075.07,5049.7,-1.0,0
1770880500,2026-02-12 07:15,2026,RANGE,5062.51,5046.18,-0.465,0
1770887700,2026-02-12 09:15,2026,RANGE,5071.27,5051.52,-1.0,0
1770895800,2026-02-12 11:30,2026,RANGE,5063.94,5055.11,-1.0,0
1770903000,2026-02-12 13:30,2026,RANGE,5075.42,5048.2,-1.0,0
1770910200,2026-02-12 15:30,2026,RANGE,5070.91,5038.08,-1.0,0
1771018200,2026-02-13 21:30,2026,RANGE,5038.69,5020.36,-1.0,0
1771206300,2026-02-16 01:45,2026,RANGE,5028.74,5005.85,-1.0,0
1771232400,2026-02-16 09:00,2026,RANGE,5011.06,4994.72,-1.0,0
1771444800,2026-02-18 20:00,2026,RANGE,4978.63,4971.97,-1.0,0
1771458300,2026-02-18 23:45,2026,RANGE,4975.84,4959.16,1.775,0
1771464600,2026-02-19 01:30,2026,RANGE,4970.25,4959.75,3.349,0
1771479000,2026-02-19 05:30,2026,RANGE,4995.87,4976.08,0.496,0
1771514100,2026-02-19 15:15,2026,RANGE,5015.98,4962.24,2.569,0
1771528500,2026-02-19 19:15,2026,RANGE,4989.43,4974.16,0.09,0
1771555500,2026-02-20 02:45,2026,RANGE,4996.27,4991.58,-1.0,0
1771560900,2026-02-20 04:15,2026,RANGE,4994.33,4980.61,1.772,0
1771596900,2026-02-20 14:15,2026,RANGE,5041.34,5017.16,-1.0,0
1771614000,2026-02-20 19:00,2026,RANGE,5071.74,5052.34,4.211,0
1771837200,2026-02-23 09:00,2026,BULL,5145.72,5121.43,3.278,0
1771851600,2026-02-23 13:00,2026,BULL,5155.09,5144.71,-1.0,0
1771857900,2026-02-23 14:45,2026,BULL,5192.46,5140.29,0.632,0
1771908300,2026-02-24 04:45,2026,BULL,5168.32,5159.43,-0.741,0
1771917300,2026-02-24 07:15,2026,BULL,5183.1,5155.44,-1.0,0
1771923600,2026-02-24 09:00,2026,BULL,5172.4,5163.99,-0.826,0
1771928100,2026-02-24 10:15,2026,BULL,5175.78,5165.5,-1.0,0
1771931700,2026-02-24 11:15,2026,BULL,5174.87,5162.29,-1.0,0
1771944300,2026-02-24 14:45,2026,BULL,5128.5,5092.05,0.463,0
1771954200,2026-02-24 17:30,2026,BULL,5160.44,5129.07,-1.0,0
1771963200,2026-02-24 20:00,2026,BULL,5149.11,5145.45,-0.915,0
1772066700,2026-02-26 00:45,2026,BULL,5188.19,5153.68,-1.0,0
1772072100,2026-02-26 02:15,2026,BULL,5180.93,5177.11,-1.0,0
1772075700,2026-02-26 03:15,2026,BULL,5188.41,5172.97,0.107,0
1772084700,2026-02-26 05:45,2026,BULL,5198.11,5189.54,-1.0,0
1772098200,2026-02-26 09:30,2026,BULL,5181.58,5166.59,-1.0,0
1772105400,2026-02-26 11:30,2026,BULL,5174.65,5164.81,-1.0,0
1772109900,2026-02-26 12:45,2026,BULL,5183.79,5156.55,-1.0,0
1772121600,2026-02-26 16:00,2026,BULL,5176.79,5128.85,3.5,0
1772133300,2026-02-26 19:15,2026,BULL,5185.44,5158.9,5.992,0
1772149500,2026-02-26 23:45,2026,BULL,5184.69,5175.51,-1.0,0
1772156700,2026-02-27 01:45,2026,BULL,5194.09,5166.07,5.388,0
1772163000,2026-02-27 03:30,2026,BULL,5187.25,5172.39,-1.0,0
1772170200,2026-02-27 05:30,2026,BULL,5192.35,5179.91,-1.0,0
1772182800,2026-02-27 09:00,2026,BULL,5178.54,5173.49,-1.0,0
1772189100,2026-02-27 10:45,2026,BULL,5177.71,5168.01,17.283,0
1772199000,2026-02-27 13:30,2026,BULL,5216.55,5182.33,0.14,0
1772216100,2026-02-27 18:15,2026,BULL,5230.65,5219.71,10.391,0
1772459100,2026-03-02 13:45,2026,BULL,5394,5380.65,-1.0,0
1772464500,2026-03-02 15:15,2026,BULL,5330.8,5304.02,-1.0,0
1772469900,2026-03-02 16:45,2026,BULL,5290.05,5257.49,1.634,0
1772477100,2026-03-02 18:45,2026,BULL,5315.58,5286.73,0.979,0
1772494200,2026-03-02 23:30,2026,BULL,5330.65,5320.3,1.41,0
1772505900,2026-03-03 02:45,2026,BULL,5366.91,5331.47,-1.0,0
1772513100,2026-03-03 04:45,2026,BULL,5361.05,5357.8,-1.0,0
1772520300,2026-03-03 06:45,2026,BULL,5310.43,5277.8,-1.0,0
1772532000,2026-03-03 10:00,2026,BULL,5272.68,5223.94,-1.0,0
1772831700,2026-03-06 21:15,2026,BULL,5168.24,5148.81,-1.0,0
1773107100,2026-03-10 01:45,2026,BULL,5184.03,5123.24,-1.0,0
1773117900,2026-03-10 04:45,2026,BULL,5163.9,5152.9,0.142,0
1773129600,2026-03-10 08:00,2026,BULL,5179.92,5157.69,-1.0,0
1773141300,2026-03-10 11:15,2026,BULL,5182.93,5155.37,1.434,0
1773146700,2026-03-10 12:45,2026,BULL,5187.08,5161.49,1.383,0
1773169200,2026-03-10 19:00,2026,BULL,5198.07,5159.37,-1.0,0
1773173700,2026-03-10 20:15,2026,BULL,5194.99,5178.31,0.17,0
1773182700,2026-03-10 22:45,2026,BULL,5189.3,5182.21,1.209,0
1773189900,2026-03-11 00:45,2026,BULL,5215.65,5185.88,-1.0,0
1773197100,2026-03-11 02:45,2026,BULL,5217.44,5192.91,-1.0,0
1773204300,2026-03-11 04:45,2026,BULL,5204.3,5198.39,-1.0,0
1773209700,2026-03-11 06:15,2026,BULL,5206.43,5190.12,-1.0,0
1773213300,2026-03-11 07:15,2026,BULL,5197.8,5190.69,-1.0,0
1773220500,2026-03-11 09:15,2026,BULL,5187.75,5174.42,-1.0,0
1773227700,2026-03-11 11:15,2026,BULL,5181.22,5176.13,-1.0,0
1773239400,2026-03-11 14:30,2026,BULL,5183.3,5147.87,-1.0,0
1773247500,2026-03-11 16:45,2026,BULL,5175.77,5162.25,-1.0,0
1773252900,2026-03-11 18:15,2026,BULL,5177.53,5153.87,-1.0,0
1773258300,2026-03-11 19:45,2026,BULL,5183.13,5168.45,-1.0,0
